Date_Time,Year,Month,Value,Anom,ID,Value_lm,Anom_lm,Units
15-MAR-1958 23:39,1958,3,315.71,314.44,CO2,NA,NA,ppm
16-APR-1958 00:15,1958,4,317.45,315.16,CO2,NA,NA,ppm
16-MAY-1958 00:19,1958,5,317.51,314.69,CO2,NA,NA,ppm
16-JUN-1958 00:02,1958,6,317.27,315.15,CO2,NA,NA,ppm
16-JUL-1958 00:07,1958,7,315.87,315.2,CO2,NA,NA,ppm
15-AUG-1958 23:50,1958,8,314.93,316.21,CO2,NA,NA,ppm
15-SEP-1958 23:34,1958,9,313.21,316.11,CO2,NA,NA,ppm
15-OCT-1958 23:38,1958,10,312.42,315.41,CO2,NA,NA,ppm
16-NOV-1958 00:14,1958,11,313.33,315.21,CO2,NA,NA,ppm
16-DEC-1958 00:18,1958,12,314.67,315.43,CO2,NA,NA,ppm
16-JAN-1959 00:02,1959,1,315.58,315.52,CO2,NA,NA,ppm
15-FEB-1959 23:45,1959,2,316.49,315.84,CO2,NA,NA,ppm
15-MAR-1959 23:39,1959,3,316.65,315.37,CO2,NA,NA,ppm
16-APR-1959 00:15,1959,4,317.72,315.42,CO2,NA,NA,ppm
16-MAY-1959 00:19,1959,5,318.29,315.46,CO2,NA,NA,ppm
16-JUN-1959 00:02,1959,6,318.15,316,CO2,NA,NA,ppm
16-JUL-1959 00:07,1959,7,316.54,315.87,CO2,NA,NA,ppm
15-AUG-1959 23:50,1959,8,314.8,316.09,CO2,NA,NA,ppm
15-SEP-1959 23:34,1959,9,313.84,316.75,CO2,NA,NA,ppm
15-OCT-1959 23:38,1959,10,313.33,316.34,CO2,NA,NA,ppm
16-NOV-1959 00:14,1959,11,314.81,316.69,CO2,NA,NA,ppm
16-DEC-1959 00:18,1959,12,315.58,316.35,CO2,NA,NA,ppm
16-JAN-1960 00:08,1960,1,316.43,316.38,CO2,NA,NA,ppm
16-FEB-1960 00:08,1960,2,316.98,316.33,CO2,NA,NA,ppm
15-MAR-1960 23:50,1960,3,317.58,316.27,CO2,NA,NA,ppm
15-APR-1960 23:50,1960,4,319.03,316.7,CO2,NA,NA,ppm
16-MAY-1960 00:08,1960,5,320.03,317.19,CO2,NA,NA,ppm
16-JUN-1960 00:08,1960,6,319.58,317.45,CO2,NA,NA,ppm
16-JUL-1960 00:25,1960,7,318.18,317.54,CO2,NA,NA,ppm
16-AUG-1960 00:25,1960,8,315.9,317.22,CO2,NA,NA,ppm
16-SEP-1960 00:26,1960,9,314.17,317.1,CO2,NA,NA,ppm
15-OCT-1960 23:50,1960,10,313.83,316.85,CO2,NA,NA,ppm
15-NOV-1960 23:51,1960,11,315,316.89,CO2,NA,NA,ppm
16-DEC-1960 00:08,1960,12,316.19,316.96,CO2,NA,NA,ppm
16-JAN-1961 00:02,1961,1,316.89,316.84,CO2,NA,NA,ppm
15-FEB-1961 23:45,1961,2,317.7,317.05,CO2,NA,NA,ppm
15-MAR-1961 23:39,1961,3,318.54,317.25,CO2,NA,NA,ppm
16-APR-1961 00:15,1961,4,319.48,317.16,CO2,NA,NA,ppm
16-MAY-1961 00:19,1961,5,320.58,317.73,CO2,NA,NA,ppm
16-JUN-1961 00:02,1961,6,319.77,317.61,CO2,NA,NA,ppm
16-JUL-1961 00:07,1961,7,318.56,317.89,CO2,NA,NA,ppm
15-AUG-1961 23:50,1961,8,316.79,318.09,CO2,NA,NA,ppm
15-SEP-1961 23:34,1961,9,314.99,317.92,CO2,NA,NA,ppm
15-OCT-1961 23:38,1961,10,315.31,318.34,CO2,NA,NA,ppm
16-NOV-1961 00:14,1961,11,316.1,318,CO2,NA,NA,ppm
16-DEC-1961 00:18,1961,12,317.01,317.78,CO2,NA,NA,ppm
16-JAN-1962 00:02,1962,1,317.94,317.89,CO2,NA,NA,ppm
15-FEB-1962 23:45,1962,2,318.55,317.89,CO2,NA,NA,ppm
15-MAR-1962 23:39,1962,3,319.68,318.39,CO2,NA,NA,ppm
16-APR-1962 00:15,1962,4,320.57,318.24,CO2,NA,NA,ppm
16-MAY-1962 00:19,1962,5,321.02,318.16,CO2,NA,NA,ppm
16-JUN-1962 00:02,1962,6,320.62,318.45,CO2,NA,NA,ppm
16-JUL-1962 00:07,1962,7,319.61,318.94,CO2,NA,NA,ppm
15-AUG-1962 23:50,1962,8,317.4,318.71,CO2,NA,NA,ppm
15-SEP-1962 23:34,1962,9,316.24,319.18,CO2,NA,NA,ppm
15-OCT-1962 23:38,1962,10,315.42,318.46,CO2,NA,NA,ppm
16-NOV-1962 00:14,1962,11,316.69,318.59,CO2,NA,NA,ppm
16-DEC-1962 00:18,1962,12,317.7,318.47,CO2,NA,NA,ppm
16-JAN-1963 00:02,1963,1,318.74,318.69,CO2,NA,NA,ppm
15-FEB-1963 23:45,1963,2,319.07,318.41,CO2,NA,NA,ppm
15-MAR-1963 23:39,1963,3,319.86,318.57,CO2,NA,NA,ppm
16-APR-1963 00:15,1963,4,321.38,319.05,CO2,NA,NA,ppm
16-MAY-1963 00:19,1963,5,322.24,319.38,CO2,NA,NA,ppm
16-JUN-1963 00:02,1963,6,321.49,319.31,CO2,NA,NA,ppm
16-JUL-1963 00:07,1963,7,319.74,319.07,CO2,NA,NA,ppm
15-AUG-1963 23:50,1963,8,317.77,319.07,CO2,NA,NA,ppm
15-SEP-1963 23:34,1963,9,316.21,319.16,CO2,NA,NA,ppm
15-OCT-1963 23:38,1963,10,315.99,319.03,CO2,NA,NA,ppm
16-NOV-1963 00:14,1963,11,317.07,318.98,CO2,NA,NA,ppm
16-DEC-1963 00:18,1963,12,318.35,319.13,CO2,NA,NA,ppm
16-JAN-1964 00:08,1964,1,319.57,319.52,CO2,NA,NA,ppm
16-FEB-1964 00:08,1964,2,320.04,319.37,CO2,NA,NA,ppm
15-MAR-1964 23:50,1964,3,320.75,319.41,CO2,NA,NA,ppm
15-APR-1964 23:50,1964,4,321.84,319.46,CO2,NA,NA,ppm
16-MAY-1964 00:08,1964,5,322.25,319.37,CO2,NA,NA,ppm
16-JUN-1964 00:08,1964,6,321.89,319.73,CO2,NA,NA,ppm
16-JUL-1964 00:25,1964,7,320.44,319.79,CO2,NA,NA,ppm
16-AUG-1964 00:25,1964,8,318.69,320.03,CO2,NA,NA,ppm
16-SEP-1964 00:26,1964,9,316.71,319.67,CO2,NA,NA,ppm
15-OCT-1964 23:50,1964,10,316.87,319.93,CO2,NA,NA,ppm
15-NOV-1964 23:51,1964,11,317.68,319.59,CO2,NA,NA,ppm
16-DEC-1964 00:08,1964,12,318.71,319.49,CO2,NA,NA,ppm
16-JAN-1965 00:02,1965,1,319.44,319.38,CO2,NA,NA,ppm
15-FEB-1965 23:45,1965,2,320.44,319.79,CO2,NA,NA,ppm
15-MAR-1965 23:39,1965,3,320.89,319.59,CO2,NA,NA,ppm
16-APR-1965 00:15,1965,4,322.14,319.79,CO2,NA,NA,ppm
16-MAY-1965 00:19,1965,5,322.17,319.28,CO2,NA,NA,ppm
16-JUN-1965 00:02,1965,6,321.87,319.68,CO2,NA,NA,ppm
16-JUL-1965 00:07,1965,7,321.21,320.53,CO2,NA,NA,ppm
15-AUG-1965 23:50,1965,8,318.87,320.18,CO2,NA,NA,ppm
15-SEP-1965 23:34,1965,9,317.82,320.78,CO2,NA,NA,ppm
15-OCT-1965 23:38,1965,10,317.3,320.37,CO2,NA,NA,ppm
16-NOV-1965 00:14,1965,11,318.87,320.79,CO2,NA,NA,ppm
16-DEC-1965 00:18,1965,12,319.42,320.2,CO2,NA,NA,ppm
16-JAN-1966 00:02,1966,1,320.62,320.57,CO2,NA,NA,ppm
15-FEB-1966 23:45,1966,2,321.6,320.94,CO2,NA,NA,ppm
15-MAR-1966 23:39,1966,3,322.39,321.08,CO2,NA,NA,ppm
16-APR-1966 00:15,1966,4,323.7,321.34,CO2,NA,NA,ppm
16-MAY-1966 00:19,1966,5,324.08,321.18,CO2,NA,NA,ppm
16-JUN-1966 00:02,1966,6,323.75,321.55,CO2,NA,NA,ppm
16-JUL-1966 00:07,1966,7,322.37,321.69,CO2,NA,NA,ppm
15-AUG-1966 23:50,1966,8,320.36,321.68,CO2,NA,NA,ppm
15-SEP-1966 23:34,1966,9,318.64,321.61,CO2,NA,NA,ppm
15-OCT-1966 23:38,1966,10,318.1,321.18,CO2,NA,NA,ppm
16-NOV-1966 00:14,1966,11,319.78,321.71,CO2,NA,NA,ppm
16-DEC-1966 00:18,1966,12,321.02,321.81,CO2,NA,NA,ppm
16-JAN-1967 00:02,1967,1,322.33,322.28,CO2,NA,NA,ppm
15-FEB-1967 23:45,1967,2,322.5,321.83,CO2,NA,NA,ppm
15-MAR-1967 23:39,1967,3,323.03,321.72,CO2,NA,NA,ppm
16-APR-1967 00:15,1967,4,324.41,322.05,CO2,NA,NA,ppm
16-MAY-1967 00:19,1967,5,325,322.09,CO2,NA,NA,ppm
16-JUN-1967 00:02,1967,6,324.09,321.89,CO2,NA,NA,ppm
16-JUL-1967 00:07,1967,7,322.54,321.86,CO2,NA,NA,ppm
15-AUG-1967 23:50,1967,8,320.92,322.24,CO2,NA,NA,ppm
15-SEP-1967 23:34,1967,9,319.25,322.24,CO2,NA,NA,ppm
15-OCT-1967 23:38,1967,10,319.39,322.48,CO2,NA,NA,ppm
16-NOV-1967 00:14,1967,11,320.73,322.66,CO2,NA,NA,ppm
16-DEC-1967 00:18,1967,12,321.96,322.74,CO2,NA,NA,ppm
16-JAN-1968 00:08,1968,1,322.57,322.51,CO2,NA,NA,ppm
16-FEB-1968 00:08,1968,2,323.15,322.48,CO2,NA,NA,ppm
15-MAR-1968 23:50,1968,3,323.89,322.55,CO2,NA,NA,ppm
15-APR-1968 23:50,1968,4,325.02,322.63,CO2,NA,NA,ppm
16-MAY-1968 00:08,1968,5,325.57,322.66,CO2,NA,NA,ppm
16-JUN-1968 00:08,1968,6,325.36,323.17,CO2,NA,NA,ppm
16-JUL-1968 00:25,1968,7,324.14,323.48,CO2,NA,NA,ppm
16-AUG-1968 00:25,1968,8,322.11,323.46,CO2,NA,NA,ppm
16-SEP-1968 00:26,1968,9,320.33,323.33,CO2,NA,NA,ppm
15-OCT-1968 23:50,1968,10,320.25,323.34,CO2,NA,NA,ppm
15-NOV-1968 23:51,1968,11,321.32,323.26,CO2,NA,NA,ppm
16-DEC-1968 00:08,1968,12,322.89,323.68,CO2,NA,NA,ppm
16-JAN-1969 00:02,1969,1,324,323.95,CO2,NA,NA,ppm
15-FEB-1969 23:45,1969,2,324.41,323.75,CO2,NA,NA,ppm
15-MAR-1969 23:39,1969,3,325.63,324.31,CO2,NA,NA,ppm
16-APR-1969 00:15,1969,4,326.66,324.28,CO2,NA,NA,ppm
16-MAY-1969 00:19,1969,5,327.38,324.46,CO2,NA,NA,ppm
16-JUN-1969 00:02,1969,6,326.71,324.49,CO2,NA,NA,ppm
16-JUL-1969 00:07,1969,7,325.88,325.19,CO2,NA,NA,ppm
15-AUG-1969 23:50,1969,8,323.66,324.99,CO2,NA,NA,ppm
15-SEP-1969 23:34,1969,9,322.38,325.38,CO2,NA,NA,ppm
15-OCT-1969 23:38,1969,10,321.78,324.89,CO2,NA,NA,ppm
16-NOV-1969 00:14,1969,11,322.85,324.8,CO2,NA,NA,ppm
16-DEC-1969 00:18,1969,12,324.11,324.91,CO2,NA,NA,ppm
16-JAN-1970 00:02,1970,1,325.06,325.01,CO2,NA,NA,ppm
15-FEB-1970 23:45,1970,2,325.99,325.31,CO2,NA,NA,ppm
15-MAR-1970 23:39,1970,3,326.93,325.61,CO2,NA,NA,ppm
16-APR-1970 00:15,1970,4,328.13,325.75,CO2,NA,NA,ppm
16-MAY-1970 00:19,1970,5,328.08,325.15,CO2,NA,NA,ppm
16-JUN-1970 00:02,1970,6,327.67,325.44,CO2,NA,NA,ppm
16-JUL-1970 00:07,1970,7,326.34,325.65,CO2,NA,NA,ppm
15-AUG-1970 23:50,1970,8,324.68,326.02,CO2,NA,NA,ppm
15-SEP-1970 23:34,1970,9,323.1,326.11,CO2,NA,NA,ppm
15-OCT-1970 23:38,1970,10,323.06,326.18,CO2,NA,NA,ppm
16-NOV-1970 00:14,1970,11,324.01,325.96,CO2,NA,NA,ppm
16-DEC-1970 00:18,1970,12,325.13,325.93,CO2,NA,NA,ppm
16-JAN-1971 00:02,1971,1,326.17,326.12,CO2,NA,NA,ppm
15-FEB-1971 23:45,1971,2,326.69,326.01,CO2,NA,NA,ppm
15-MAR-1971 23:39,1971,3,327.18,325.85,CO2,NA,NA,ppm
16-APR-1971 00:15,1971,4,327.78,325.39,CO2,NA,NA,ppm
16-MAY-1971 00:19,1971,5,328.93,325.99,CO2,NA,NA,ppm
16-JUN-1971 00:02,1971,6,328.57,326.34,CO2,NA,NA,ppm
16-JUL-1971 00:07,1971,7,327.36,326.67,CO2,NA,NA,ppm
15-AUG-1971 23:50,1971,8,325.43,326.77,CO2,NA,NA,ppm
15-SEP-1971 23:34,1971,9,323.36,326.38,CO2,NA,NA,ppm
15-OCT-1971 23:38,1971,10,323.56,326.69,CO2,NA,NA,ppm
16-NOV-1971 00:14,1971,11,324.8,326.75,CO2,NA,NA,ppm
16-DEC-1971 00:18,1971,12,326.01,326.81,CO2,NA,NA,ppm
16-JAN-1972 00:08,1972,1,326.77,326.71,CO2,NA,NA,ppm
16-FEB-1972 00:08,1972,2,327.63,326.96,CO2,NA,NA,ppm
15-MAR-1972 23:50,1972,3,327.75,326.39,CO2,NA,NA,ppm
15-APR-1972 23:50,1972,4,329.72,327.3,CO2,NA,NA,ppm
16-MAY-1972 00:08,1972,5,330.07,327.12,CO2,NA,NA,ppm
16-JUN-1972 00:08,1972,6,329.09,326.87,CO2,NA,NA,ppm
16-JUL-1972 00:25,1972,7,328.04,327.38,CO2,NA,NA,ppm
16-AUG-1972 00:25,1972,8,326.32,327.69,CO2,NA,NA,ppm
16-SEP-1972 00:26,1972,9,324.84,327.88,CO2,NA,NA,ppm
15-OCT-1972 23:50,1972,10,325.2,328.33,CO2,NA,NA,ppm
15-NOV-1972 23:51,1972,11,326.5,328.46,CO2,NA,NA,ppm
16-DEC-1972 00:08,1972,12,327.55,328.35,CO2,NA,NA,ppm
16-JAN-1973 00:02,1973,1,328.55,328.49,CO2,NA,NA,ppm
15-FEB-1973 23:45,1973,2,329.57,328.89,CO2,NA,NA,ppm
15-MAR-1973 23:39,1973,3,330.3,328.97,CO2,NA,NA,ppm
16-APR-1973 00:15,1973,4,331.5,329.1,CO2,NA,NA,ppm
16-MAY-1973 00:19,1973,5,332.48,329.52,CO2,NA,NA,ppm
16-JUN-1973 00:02,1973,6,332.07,329.83,CO2,NA,NA,ppm
16-JUL-1973 00:07,1973,7,330.87,330.18,CO2,NA,NA,ppm
15-AUG-1973 23:50,1973,8,329.31,330.66,CO2,NA,NA,ppm
15-SEP-1973 23:34,1973,9,327.52,330.56,CO2,NA,NA,ppm
15-OCT-1973 23:38,1973,10,327.19,330.33,CO2,NA,NA,ppm
16-NOV-1973 00:14,1973,11,328.17,330.13,CO2,NA,NA,ppm
16-DEC-1973 00:18,1973,12,328.65,329.45,CO2,NA,NA,ppm
16-JAN-1974 00:02,1974,1,329.36,329.3,CO2,NA,NA,ppm
15-FEB-1974 23:45,1974,2,330.71,330.03,CO2,NA,NA,ppm
15-MAR-1974 23:39,1974,3,331.49,330.15,CO2,NA,NA,ppm
16-APR-1974 00:15,1974,4,332.65,330.24,CO2,NA,NA,ppm
17-MAY-1974 21:00,1974,5,333.19,330.22,CO2,NA,NA,ppm
17-JUN-1974 06:42,1974,6,332.2,329.79,CO2,NA,NA,ppm
17-JUL-1974 17:17,1974,7,331.07,330.21,CO2,NA,NA,ppm
17-AUG-1974 03:00,1974,8,329.15,330.54,CO2,NA,NA,ppm
16-SEP-1974 12:42,1974,9,327.33,330.44,CO2,NA,NA,ppm
16-OCT-1974 23:17,1974,10,327.28,330.53,CO2,NA,NA,ppm
16-NOV-1974 09:00,1974,11,328.31,330.5,CO2,NA,NA,ppm
16-DEC-1974 18:42,1974,12,329.58,330.55,CO2,NA,NA,ppm
16-JAN-1975 05:17,1975,1,330.73,330.84,CO2,NA,NA,ppm
15-FEB-1975 15:00,1975,2,331.46,330.85,CO2,NA,NA,ppm
18-MAR-1975 00:42,1975,3,331.94,330.37,CO2,NA,NA,ppm
17-APR-1975 11:17,1975,4,333.11,330.53,CO2,NA,NA,ppm
17-MAY-1975 21:00,1975,5,333.95,330.98,CO2,NA,NA,ppm
17-JUN-1975 06:42,1975,6,333.42,331.01,CO2,NA,NA,ppm
17-JUL-1975 17:17,1975,7,331.97,331.12,CO2,NA,NA,ppm
17-AUG-1975 03:00,1975,8,329.95,331.33,CO2,NA,NA,ppm
16-SEP-1975 12:42,1975,9,328.49,331.6,CO2,NA,NA,ppm
16-OCT-1975 23:17,1975,10,328.36,331.61,CO2,NA,NA,ppm
16-NOV-1975 09:00,1975,11,329.38,331.57,CO2,NA,NA,ppm
16-DEC-1975 18:42,1975,12,330.77,331.74,CO2,NA,NA,ppm
16-JAN-1976 06:17,1976,1,331.56,331.67,CO2,NA,NA,ppm
15-FEB-1976 18:00,1976,2,332.74,332.14,CO2,NA,NA,ppm
17-MAR-1976 05:42,1976,3,333.36,331.79,CO2,NA,NA,ppm
16-APR-1976 18:17,1976,4,334.74,332.16,CO2,NA,NA,ppm
17-MAY-1976 06:00,1976,5,334.72,331.75,CO2,NA,NA,ppm
16-JUN-1976 17:42,1976,6,333.97,331.56,CO2,NA,NA,ppm
17-JUL-1976 06:17,1976,7,333.08,332.23,CO2,NA,NA,ppm
16-AUG-1976 18:00,1976,8,330.68,332.07,CO2,NA,NA,ppm
16-SEP-1976 05:42,1976,9,328.96,332.07,CO2,NA,NA,ppm
16-OCT-1976 18:17,1976,10,328.72,331.98,CO2,NA,NA,ppm
16-NOV-1976 06:00,1976,11,330.16,332.35,CO2,NA,NA,ppm
16-DEC-1976 17:42,1976,12,331.62,332.59,CO2,NA,NA,ppm
16-JAN-1977 05:17,1977,1,332.68,332.77,CO2,NA,NA,ppm
15-FEB-1977 15:00,1977,2,333.17,332.58,CO2,NA,NA,ppm
18-MAR-1977 00:42,1977,3,334.96,333.4,CO2,NA,NA,ppm
17-APR-1977 11:17,1977,4,336.14,333.54,CO2,NA,NA,ppm
17-MAY-1977 21:00,1977,5,336.93,334,CO2,NA,NA,ppm
17-JUN-1977 06:42,1977,6,336.17,333.79,CO2,NA,NA,ppm
17-JUL-1977 17:17,1977,7,334.89,334.01,CO2,NA,NA,ppm
17-AUG-1977 03:00,1977,8,332.56,333.91,CO2,NA,NA,ppm
16-SEP-1977 12:42,1977,9,331.29,334.36,CO2,NA,NA,ppm
16-OCT-1977 23:17,1977,10,331.28,334.51,CO2,NA,NA,ppm
16-NOV-1977 09:00,1977,11,332.46,334.68,CO2,NA,NA,ppm
16-DEC-1977 18:42,1977,12,333.6,334.58,CO2,NA,NA,ppm
16-JAN-1978 05:17,1978,1,334.94,335.01,CO2,NA,NA,ppm
15-FEB-1978 15:00,1978,2,335.26,334.6,CO2,NA,NA,ppm
18-MAR-1978 00:42,1978,3,336.66,335,CO2,NA,NA,ppm
17-APR-1978 11:17,1978,4,337.69,335.07,CO2,NA,NA,ppm
17-MAY-1978 21:00,1978,5,338.02,335.08,CO2,NA,NA,ppm
17-JUN-1978 06:42,1978,6,338.01,335.6,CO2,NA,NA,ppm
17-JUL-1978 17:17,1978,7,336.5,335.65,CO2,NA,NA,ppm
17-AUG-1978 03:00,1978,8,334.42,335.87,CO2,NA,NA,ppm
16-SEP-1978 12:42,1978,9,332.36,335.51,CO2,NA,NA,ppm
16-OCT-1978 23:17,1978,10,332.45,335.72,CO2,NA,NA,ppm
16-NOV-1978 09:00,1978,11,333.76,335.99,CO2,NA,NA,ppm
16-DEC-1978 18:42,1978,12,334.91,335.87,CO2,NA,NA,ppm
16-JAN-1979 05:17,1979,1,336.14,336.22,CO2,NA,NA,ppm
15-FEB-1979 15:00,1979,2,336.69,336,CO2,NA,NA,ppm
18-MAR-1979 00:42,1979,3,338.27,336.56,CO2,NA,NA,ppm
17-APR-1979 11:17,1979,4,338.82,336.11,CO2,NA,NA,ppm
17-MAY-1979 21:00,1979,5,339.24,336.24,CO2,NA,NA,ppm
17-JUN-1979 06:42,1979,6,339.26,336.83,CO2,NA,NA,ppm
17-JUL-1979 17:17,1979,7,337.54,336.69,CO2,NA,NA,ppm
17-AUG-1979 03:00,1979,8,335.72,337.2,CO2,NA,NA,ppm
16-SEP-1979 12:42,1979,9,333.97,337.19,CO2,NA,NA,ppm
16-OCT-1979 23:17,1979,10,334.24,337.57,CO2,NA,NA,ppm
16-NOV-1979 09:00,1979,11,335.32,337.59,CO2,NA,NA,ppm
16-DEC-1979 18:42,1979,12,336.81,337.83,CO2,NA,NA,ppm
16-JAN-1980 06:17,1980,1,337.9,338.13,CO2,NA,NA,ppm
15-FEB-1980 18:00,1980,2,338.34,337.85,CO2,NA,NA,ppm
17-MAR-1980 05:42,1980,3,340.07,338.51,CO2,NA,NA,ppm
16-APR-1980 18:17,1980,4,340.93,338.31,CO2,NA,NA,ppm
17-MAY-1980 06:00,1980,5,341.45,338.4,CO2,NA,NA,ppm
16-JUN-1980 17:42,1980,6,341.36,338.85,CO2,NA,NA,ppm
17-JUL-1980 06:17,1980,7,339.45,338.56,CO2,NA,NA,ppm
16-AUG-1980 18:00,1980,8,337.67,339.07,CO2,NA,NA,ppm
16-SEP-1980 05:42,1980,9,336.25,339.38,CO2,NA,NA,ppm
16-OCT-1980 18:17,1980,10,336.14,339.4,CO2,NA,NA,ppm
16-NOV-1980 06:00,1980,11,337.3,339.46,CO2,NA,NA,ppm
16-DEC-1980 17:42,1980,12,338.29,339.26,CO2,NA,NA,ppm
16-JAN-1981 05:17,1981,1,339.29,339.42,CO2,NA,NA,ppm
15-FEB-1981 15:00,1981,2,340.55,339.98,CO2,NA,NA,ppm
18-MAR-1981 00:42,1981,3,341.63,340.08,CO2,NA,NA,ppm
17-APR-1981 11:17,1981,4,342.6,339.98,CO2,NA,NA,ppm
17-MAY-1981 21:00,1981,5,343.04,339.97,CO2,NA,NA,ppm
17-JUN-1981 06:42,1981,6,342.54,340.06,CO2,NA,NA,ppm
17-JUL-1981 17:17,1981,7,340.82,339.92,CO2,NA,NA,ppm
17-AUG-1981 03:00,1981,8,338.48,339.87,CO2,NA,NA,ppm
16-SEP-1981 12:42,1981,9,336.95,340.17,CO2,NA,NA,ppm
16-OCT-1981 23:17,1981,10,337.05,340.39,CO2,NA,NA,ppm
16-NOV-1981 09:00,1981,11,338.58,340.75,CO2,NA,NA,ppm
16-DEC-1981 18:42,1981,12,339.91,340.85,CO2,NA,NA,ppm
16-JAN-1982 05:17,1982,1,340.93,341.09,CO2,NA,NA,ppm
15-FEB-1982 15:00,1982,2,341.76,341.16,CO2,NA,NA,ppm
18-MAR-1982 00:42,1982,3,342.78,341.18,CO2,NA,NA,ppm
17-APR-1982 11:17,1982,4,343.96,341.32,CO2,NA,NA,ppm
17-MAY-1982 21:00,1982,5,344.77,341.67,CO2,NA,NA,ppm
17-JUN-1982 06:42,1982,6,343.88,341.43,CO2,NA,NA,ppm
17-JUL-1982 17:17,1982,7,342.42,341.61,CO2,NA,NA,ppm
17-AUG-1982 03:00,1982,8,340.24,341.64,CO2,NA,NA,ppm
16-SEP-1982 12:42,1982,9,338.37,341.56,CO2,NA,NA,ppm
16-OCT-1982 23:17,1982,10,338.41,341.77,CO2,NA,NA,ppm
16-NOV-1982 09:00,1982,11,339.44,341.59,CO2,NA,NA,ppm
16-DEC-1982 18:42,1982,12,340.78,341.71,CO2,NA,NA,ppm
16-JAN-1983 05:17,1983,1,341.57,341.75,CO2,NA,NA,ppm
15-FEB-1983 15:00,1983,2,342.79,342.25,CO2,NA,NA,ppm
18-MAR-1983 00:42,1983,3,343.37,341.85,CO2,NA,NA,ppm
17-APR-1983 11:17,1983,4,345.4,342.76,CO2,NA,NA,ppm
17-MAY-1983 21:00,1983,5,346.14,342.97,CO2,NA,NA,ppm
17-JUN-1983 06:42,1983,6,345.76,343.3,CO2,NA,NA,ppm
17-JUL-1983 17:17,1983,7,344.32,343.56,CO2,NA,NA,ppm
17-AUG-1983 03:00,1983,8,342.51,343.89,CO2,NA,NA,ppm
16-SEP-1983 12:42,1983,9,340.46,343.59,CO2,NA,NA,ppm
16-OCT-1983 23:17,1983,10,340.53,343.86,CO2,NA,NA,ppm
16-NOV-1983 09:00,1983,11,341.79,343.92,CO2,NA,NA,ppm
16-DEC-1983 18:42,1983,12,343.2,344.12,CO2,NA,NA,ppm
16-JAN-1984 06:17,1984,1,344.21,344.32,CO2,NA,NA,ppm
15-FEB-1984 18:00,1984,2,344.92,344.39,CO2,NA,NA,ppm
17-MAR-1984 05:42,1984,3,345.68,344.26,CO2,NA,NA,ppm
16-APR-1984 18:17,1984,4,347.37,344.75,CO2,NA,NA,ppm
17-MAY-1984 06:00,1984,5,347.77,344.59,CO2,NA,NA,ppm
16-JUN-1984 17:42,1984,6,347.16,344.73,CO2,NA,NA,ppm
17-JUL-1984 06:17,1984,7,345.79,345.02,CO2,NA,NA,ppm
16-AUG-1984 18:00,1984,8,343.74,345.12,CO2,NA,NA,ppm
16-SEP-1984 05:42,1984,9,341.59,344.76,CO2,NA,NA,ppm
16-OCT-1984 18:17,1984,10,341.86,345.19,CO2,NA,NA,ppm
16-NOV-1984 06:00,1984,11,343.31,345.41,CO2,NA,NA,ppm
16-DEC-1984 17:42,1984,12,345,345.88,CO2,NA,NA,ppm
16-JAN-1985 05:17,1985,1,345.48,345.59,CO2,NA,NA,ppm
15-FEB-1985 15:00,1985,2,346.41,345.92,CO2,NA,NA,ppm
18-MAR-1985 00:42,1985,3,347.91,346.56,CO2,NA,NA,ppm
17-APR-1985 11:17,1985,4,348.66,346.08,CO2,NA,NA,ppm
17-MAY-1985 21:00,1985,5,349.28,346.12,CO2,NA,NA,ppm
17-JUN-1985 06:42,1985,6,348.65,346.23,CO2,NA,NA,ppm
17-JUL-1985 17:17,1985,7,346.9,346.08,CO2,NA,NA,ppm
17-AUG-1985 03:00,1985,8,345.26,346.57,CO2,NA,NA,ppm
16-SEP-1985 12:42,1985,9,343.47,346.59,CO2,NA,NA,ppm
16-OCT-1985 23:17,1985,10,343.35,346.6,CO2,NA,NA,ppm
16-NOV-1985 09:00,1985,11,344.73,346.82,CO2,NA,NA,ppm
16-DEC-1985 18:42,1985,12,346.12,347.04,CO2,NA,NA,ppm
16-JAN-1986 05:17,1986,1,346.78,346.82,CO2,NA,NA,ppm
15-FEB-1986 15:00,1986,2,347.48,346.98,CO2,NA,NA,ppm
18-MAR-1986 00:42,1986,3,348.25,346.93,CO2,NA,NA,ppm
17-APR-1986 11:17,1986,4,349.86,347.29,CO2,NA,NA,ppm
17-MAY-1986 21:00,1986,5,350.52,347.42,CO2,NA,NA,ppm
17-JUN-1986 06:42,1986,6,349.98,347.61,CO2,NA,NA,ppm
17-JUL-1986 17:17,1986,7,348.25,347.43,CO2,NA,NA,ppm
17-AUG-1986 03:00,1986,8,346.17,347.51,CO2,NA,NA,ppm
16-SEP-1986 12:42,1986,9,345.48,348.61,CO2,NA,NA,ppm
16-OCT-1986 23:17,1986,10,344.82,348.04,CO2,NA,NA,ppm
16-NOV-1986 09:00,1986,11,346.22,348.28,CO2,NA,NA,ppm
16-DEC-1986 18:42,1986,12,347.48,348.36,CO2,NA,NA,ppm
16-JAN-1987 05:17,1987,1,348.73,348.66,CO2,NA,NA,ppm
15-FEB-1987 15:00,1987,2,348.92,348.24,CO2,NA,NA,ppm
18-MAR-1987 00:42,1987,3,349.81,348.39,CO2,NA,NA,ppm
17-APR-1987 11:17,1987,4,351.4,348.84,CO2,NA,NA,ppm
17-MAY-1987 21:00,1987,5,352.15,349.09,CO2,NA,NA,ppm
17-JUN-1987 06:42,1987,6,351.58,349.29,CO2,NA,NA,ppm
17-JUL-1987 17:17,1987,7,350.21,349.51,CO2,NA,NA,ppm
17-AUG-1987 03:00,1987,8,348.2,349.65,CO2,NA,NA,ppm
16-SEP-1987 12:42,1987,9,346.66,349.85,CO2,NA,NA,ppm
16-OCT-1987 23:17,1987,10,346.72,349.96,CO2,NA,NA,ppm
16-NOV-1987 09:00,1987,11,348.08,350.15,CO2,NA,NA,ppm
16-DEC-1987 18:42,1987,12,349.28,350.14,CO2,NA,NA,ppm
16-JAN-1988 06:17,1988,1,350.51,350.49,CO2,NA,NA,ppm
15-FEB-1988 18:00,1988,2,351.7,350.99,CO2,NA,NA,ppm
17-MAR-1988 05:42,1988,3,352.5,350.99,CO2,NA,NA,ppm
16-APR-1988 18:17,1988,4,353.67,351.03,CO2,NA,NA,ppm
17-MAY-1988 06:00,1988,5,354.35,351.22,CO2,NA,NA,ppm
16-JUN-1988 17:42,1988,6,353.88,351.55,CO2,NA,NA,ppm
17-JUL-1988 06:17,1988,7,352.8,352.16,CO2,NA,NA,ppm
16-AUG-1988 18:00,1988,8,350.49,352.01,CO2,NA,NA,ppm
16-SEP-1988 05:42,1988,9,348.97,352.18,CO2,NA,NA,ppm
16-OCT-1988 18:17,1988,10,349.37,352.62,CO2,NA,NA,ppm
16-NOV-1988 06:00,1988,11,350.42,352.53,CO2,NA,NA,ppm
16-DEC-1988 17:42,1988,12,351.62,352.52,CO2,NA,NA,ppm
16-JAN-1989 05:17,1989,1,353.07,352.99,CO2,NA,NA,ppm
15-FEB-1989 15:00,1989,2,353.43,352.69,CO2,NA,NA,ppm
18-MAR-1989 00:42,1989,3,354.08,352.6,CO2,NA,NA,ppm
17-APR-1989 11:17,1989,4,355.72,353.07,CO2,NA,NA,ppm
17-MAY-1989 21:00,1989,5,355.95,352.78,CO2,NA,NA,ppm
17-JUN-1989 06:42,1989,6,355.44,353.06,CO2,NA,NA,ppm
17-JUL-1989 17:17,1989,7,354.05,353.38,CO2,NA,NA,ppm
17-AUG-1989 03:00,1989,8,351.84,353.43,CO2,NA,NA,ppm
16-SEP-1989 12:42,1989,9,350.09,353.37,CO2,NA,NA,ppm
16-OCT-1989 23:17,1989,10,350.33,353.57,CO2,NA,NA,ppm
16-NOV-1989 09:00,1989,11,351.55,353.68,CO2,NA,NA,ppm
16-DEC-1989 18:42,1989,12,352.91,353.84,CO2,NA,NA,ppm
16-JAN-1990 05:17,1990,1,353.86,353.78,CO2,NA,NA,ppm
15-FEB-1990 15:00,1990,2,355.1,354.37,CO2,NA,NA,ppm
18-MAR-1990 00:42,1990,3,355.75,354.27,CO2,NA,NA,ppm
17-APR-1990 11:17,1990,4,356.38,353.76,CO2,NA,NA,ppm
17-MAY-1990 21:00,1990,5,357.38,354.23,CO2,NA,NA,ppm
17-JUN-1990 06:42,1990,6,356.39,354.02,CO2,NA,NA,ppm
17-JUL-1990 17:17,1990,7,354.89,354.24,CO2,NA,NA,ppm
17-AUG-1990 03:00,1990,8,353.06,354.68,CO2,NA,NA,ppm
16-SEP-1990 12:42,1990,9,351.38,354.69,CO2,NA,NA,ppm
16-OCT-1990 23:17,1990,10,351.69,354.94,CO2,NA,NA,ppm
16-NOV-1990 09:00,1990,11,353.14,355.18,CO2,NA,NA,ppm
16-DEC-1990 18:42,1990,12,354.41,355.26,CO2,NA,NA,ppm
16-JAN-1991 05:17,1991,1,354.93,354.91,CO2,NA,NA,ppm
15-FEB-1991 15:00,1991,2,355.82,355.11,CO2,NA,NA,ppm
18-MAR-1991 00:42,1991,3,357.33,355.79,CO2,NA,NA,ppm
17-APR-1991 11:17,1991,4,358.77,356.13,CO2,NA,NA,ppm
17-MAY-1991 21:00,1991,5,359.23,356.1,CO2,NA,NA,ppm
17-JUN-1991 06:42,1991,6,358.23,355.88,CO2,NA,NA,ppm
17-JUL-1991 17:17,1991,7,356.3,355.69,CO2,NA,NA,ppm
17-AUG-1991 03:00,1991,8,353.97,355.59,CO2,NA,NA,ppm
16-SEP-1991 12:42,1991,9,352.34,355.66,CO2,NA,NA,ppm
16-OCT-1991 23:17,1991,10,352.43,355.69,CO2,NA,NA,ppm
16-NOV-1991 09:00,1991,11,353.89,355.87,CO2,NA,NA,ppm
16-DEC-1991 18:42,1991,12,355.21,356.02,CO2,NA,NA,ppm
16-JAN-1992 06:17,1992,1,356.34,356.29,CO2,NA,NA,ppm
15-FEB-1992 18:00,1992,2,357.21,356.47,CO2,NA,NA,ppm
17-MAR-1992 05:42,1992,3,357.97,356.38,CO2,NA,NA,ppm
16-APR-1992 18:17,1992,4,359.22,356.51,CO2,NA,NA,ppm
17-MAY-1992 06:00,1992,5,359.71,356.52,CO2,NA,NA,ppm
16-JUN-1992 17:42,1992,6,359.44,357.07,CO2,NA,NA,ppm
17-JUL-1992 06:17,1992,7,357.15,356.58,CO2,NA,NA,ppm
16-AUG-1992 18:00,1992,8,354.99,356.67,CO2,NA,NA,ppm
16-SEP-1992 05:42,1992,9,353.01,356.36,CO2,NA,NA,ppm
16-OCT-1992 18:17,1992,10,353.4,356.72,CO2,NA,NA,ppm
16-NOV-1992 06:00,1992,11,354.42,356.48,CO2,NA,NA,ppm
16-DEC-1992 17:42,1992,12,355.68,356.5,CO2,NA,NA,ppm
16-JAN-1993 05:17,1993,1,357.1,357.06,CO2,NA,NA,ppm
15-FEB-1993 15:00,1993,2,357.42,356.54,CO2,NA,NA,ppm
18-MAR-1993 00:42,1993,3,358.59,356.88,CO2,NA,NA,ppm
17-APR-1993 11:17,1993,4,359.39,356.71,CO2,NA,NA,ppm
17-MAY-1993 21:00,1993,5,360.3,357.14,CO2,NA,NA,ppm
17-JUN-1993 06:42,1993,6,359.64,357.24,CO2,NA,NA,ppm
17-JUL-1993 17:17,1993,7,357.45,356.87,CO2,NA,NA,ppm
17-AUG-1993 03:00,1993,8,355.76,357.44,CO2,NA,NA,ppm
16-SEP-1993 12:42,1993,9,354.14,357.51,CO2,NA,NA,ppm
16-OCT-1993 23:17,1993,10,354.23,357.6,CO2,NA,NA,ppm
16-NOV-1993 09:00,1993,11,355.53,357.65,CO2,NA,NA,ppm
16-DEC-1993 18:42,1993,12,357.03,357.92,CO2,NA,NA,ppm
16-JAN-1994 05:17,1994,1,358.36,358.25,CO2,NA,NA,ppm
15-FEB-1994 15:00,1994,2,359.04,358.21,CO2,NA,NA,ppm
18-MAR-1994 00:42,1994,3,360.11,358.41,CO2,NA,NA,ppm
17-APR-1994 11:17,1994,4,361.36,358.59,CO2,NA,NA,ppm
17-MAY-1994 21:00,1994,5,361.78,358.59,CO2,NA,NA,ppm
17-JUN-1994 06:42,1994,6,360.94,358.57,CO2,NA,NA,ppm
17-JUL-1994 17:17,1994,7,359.51,358.91,CO2,NA,NA,ppm
17-AUG-1994 03:00,1994,8,357.59,359.29,CO2,NA,NA,ppm
16-SEP-1994 12:42,1994,9,355.86,359.31,CO2,NA,NA,ppm
16-OCT-1994 23:17,1994,10,356.21,359.63,CO2,NA,NA,ppm
16-NOV-1994 09:00,1994,11,357.65,359.8,CO2,NA,NA,ppm
16-DEC-1994 18:42,1994,12,359.1,359.96,CO2,NA,NA,ppm
16-JAN-1995 05:17,1995,1,360.04,359.91,CO2,NA,NA,ppm
15-FEB-1995 15:00,1995,2,361,360.18,CO2,NA,NA,ppm
18-MAR-1995 00:42,1995,3,361.98,360.37,CO2,NA,NA,ppm
17-APR-1995 11:17,1995,4,363.44,360.76,CO2,NA,NA,ppm
17-MAY-1995 21:00,1995,5,363.83,360.73,CO2,NA,NA,ppm
17-JUN-1995 06:42,1995,6,363.33,360.98,CO2,NA,NA,ppm
17-JUL-1995 17:17,1995,7,361.78,361.1,CO2,NA,NA,ppm
17-AUG-1995 03:00,1995,8,359.33,360.93,CO2,NA,NA,ppm
16-SEP-1995 12:42,1995,9,358.32,361.7,CO2,NA,NA,ppm
16-OCT-1995 23:17,1995,10,358.14,361.52,CO2,NA,NA,ppm
16-NOV-1995 09:00,1995,11,359.61,361.75,CO2,NA,NA,ppm
16-DEC-1995 18:42,1995,12,360.82,361.67,CO2,NA,NA,ppm
16-JAN-1996 06:17,1996,1,362.2,361.98,CO2,NA,NA,ppm
15-FEB-1996 18:00,1996,2,363.36,362.47,CO2,NA,NA,ppm
17-MAR-1996 05:42,1996,3,364.28,362.64,CO2,NA,NA,ppm
16-APR-1996 18:17,1996,4,364.69,361.99,CO2,NA,NA,ppm
17-MAY-1996 06:00,1996,5,365.25,362.23,CO2,NA,NA,ppm
16-JUN-1996 17:42,1996,6,365.06,362.82,CO2,NA,NA,ppm
17-JUL-1996 06:17,1996,7,363.69,362.98,CO2,NA,NA,ppm
16-AUG-1996 18:00,1996,8,361.55,363.13,CO2,NA,NA,ppm
16-SEP-1996 05:42,1996,9,359.69,363.14,CO2,NA,NA,ppm
16-OCT-1996 18:17,1996,10,359.72,363.12,CO2,NA,NA,ppm
16-NOV-1996 06:00,1996,11,361.04,363.18,CO2,NA,NA,ppm
16-DEC-1996 17:42,1996,12,362.39,363.23,CO2,NA,NA,ppm
16-JAN-1997 05:17,1997,1,363.24,363.03,CO2,NA,NA,ppm
15-FEB-1997 15:00,1997,2,364.21,363.4,CO2,NA,NA,ppm
18-MAR-1997 00:42,1997,3,364.65,363.02,CO2,NA,NA,ppm
17-APR-1997 11:17,1997,4,366.49,363.82,CO2,NA,NA,ppm
17-MAY-1997 21:00,1997,5,366.77,363.87,CO2,NA,NA,ppm
17-JUN-1997 06:42,1997,6,365.73,363.56,CO2,NA,NA,ppm
17-JUL-1997 17:17,1997,7,364.46,363.74,CO2,NA,NA,ppm
17-AUG-1997 03:00,1997,8,362.4,363.98,CO2,NA,NA,ppm
16-SEP-1997 12:42,1997,9,360.44,363.83,CO2,NA,NA,ppm
16-OCT-1997 23:17,1997,10,360.97,364.28,CO2,NA,NA,ppm
16-NOV-1997 09:00,1997,11,362.65,364.71,CO2,NA,NA,ppm
16-DEC-1997 18:42,1997,12,364.51,365.28,CO2,NA,NA,ppm
16-JAN-1998 05:17,1998,1,365.39,365.19,CO2,NA,NA,ppm
15-FEB-1998 15:00,1998,2,366.1,365.29,CO2,NA,NA,ppm
18-MAR-1998 00:42,1998,3,367.36,365.73,CO2,NA,NA,ppm
17-APR-1998 11:17,1998,4,368.79,366.17,CO2,NA,NA,ppm
17-MAY-1998 21:00,1998,5,369.56,366.68,CO2,NA,NA,ppm
17-JUN-1998 06:42,1998,6,369.13,366.95,CO2,NA,NA,ppm
17-JUL-1998 17:17,1998,7,367.98,367.29,CO2,NA,NA,ppm
17-AUG-1998 03:00,1998,8,366.1,367.69,CO2,NA,NA,ppm
16-SEP-1998 12:42,1998,9,364.16,367.51,CO2,NA,NA,ppm
16-OCT-1998 23:17,1998,10,364.54,367.82,CO2,NA,NA,ppm
16-NOV-1998 09:00,1998,11,365.67,367.7,CO2,NA,NA,ppm
16-DEC-1998 18:42,1998,12,367.3,368.05,CO2,NA,NA,ppm
16-JAN-1999 05:17,1999,1,368.35,368.13,CO2,NA,NA,ppm
15-FEB-1999 15:00,1999,2,369.28,368.46,CO2,NA,NA,ppm
18-MAR-1999 00:42,1999,3,369.84,368.24,CO2,NA,NA,ppm
17-APR-1999 11:17,1999,4,371.15,368.62,CO2,NA,NA,ppm
17-MAY-1999 21:00,1999,5,371.12,368.31,CO2,NA,NA,ppm
17-JUN-1999 06:42,1999,6,370.46,368.29,CO2,NA,NA,ppm
17-JUL-1999 17:17,1999,7,369.61,368.93,CO2,NA,NA,ppm
17-AUG-1999 03:00,1999,8,367.06,368.63,CO2,NA,NA,ppm
16-SEP-1999 12:42,1999,9,364.95,368.28,CO2,NA,NA,ppm
16-OCT-1999 23:17,1999,10,365.52,368.8,CO2,NA,NA,ppm
16-NOV-1999 09:00,1999,11,366.88,368.86,CO2,NA,NA,ppm
16-DEC-1999 18:42,1999,12,368.26,368.93,CO2,NA,NA,ppm
16-JAN-2000 06:17,2000,1,369.45,369.24,CO2,NA,NA,ppm
15-FEB-2000 18:00,2000,2,369.71,368.99,CO2,NA,NA,ppm
17-MAR-2000 05:42,2000,3,370.75,369.24,CO2,NA,NA,ppm
16-APR-2000 18:17,2000,4,371.98,369.44,CO2,NA,NA,ppm
17-MAY-2000 06:00,2000,5,371.75,368.87,CO2,NA,NA,ppm
16-JUN-2000 17:42,2000,6,371.87,369.66,CO2,NA,NA,ppm
17-JUL-2000 06:17,2000,7,370.02,369.36,CO2,NA,NA,ppm
16-AUG-2000 18:00,2000,8,368.27,369.87,CO2,NA,NA,ppm
16-SEP-2000 05:42,2000,9,367.15,370.46,CO2,NA,NA,ppm
16-OCT-2000 18:17,2000,10,367.18,370.42,CO2,NA,NA,ppm
16-NOV-2000 06:00,2000,11,368.53,370.48,CO2,NA,NA,ppm
16-DEC-2000 17:42,2000,12,369.83,370.46,CO2,NA,NA,ppm
16-JAN-2001 05:17,2001,1,370.76,370.6,CO2,NA,NA,ppm
15-FEB-2001 15:00,2001,2,371.69,370.95,CO2,NA,NA,ppm
18-MAR-2001 00:42,2001,3,372.63,371.06,CO2,NA,NA,ppm
17-APR-2001 11:17,2001,4,373.55,370.99,CO2,NA,NA,ppm
17-MAY-2001 21:00,2001,5,374.03,371.11,CO2,NA,NA,ppm
17-JUN-2001 06:42,2001,6,373.4,371.18,CO2,NA,NA,ppm
17-JUL-2001 17:17,2001,7,371.68,371.08,CO2,NA,NA,ppm
17-AUG-2001 03:00,2001,8,369.78,371.39,CO2,NA,NA,ppm
16-SEP-2001 12:42,2001,9,368.34,371.61,CO2,NA,NA,ppm
16-OCT-2001 23:17,2001,10,368.61,371.85,CO2,NA,NA,ppm
16-NOV-2001 09:00,2001,11,369.94,371.92,CO2,NA,NA,ppm
16-DEC-2001 18:42,2001,12,371.42,372.09,CO2,NA,NA,ppm
16-JAN-2002 05:17,2002,1,372.7,372.48,CO2,NA,NA,ppm
15-FEB-2002 15:00,2002,2,373.37,372.49,CO2,NA,NA,ppm
18-MAR-2002 00:42,2002,3,374.3,372.61,CO2,NA,NA,ppm
17-APR-2002 11:17,2002,4,375.19,372.54,CO2,NA,NA,ppm
17-MAY-2002 21:00,2002,5,375.93,372.98,CO2,NA,NA,ppm
17-JUN-2002 06:42,2002,6,375.69,373.46,CO2,NA,NA,ppm
17-JUL-2002 17:17,2002,7,374.16,373.58,CO2,NA,NA,ppm
17-AUG-2002 03:00,2002,8,372.03,373.7,CO2,NA,NA,ppm
16-SEP-2002 12:42,2002,9,370.92,374.28,CO2,NA,NA,ppm
16-OCT-2002 23:17,2002,10,370.73,374.06,CO2,NA,NA,ppm
16-NOV-2002 09:00,2002,11,372.43,374.52,CO2,NA,NA,ppm
16-DEC-2002 18:42,2002,12,373.98,374.72,CO2,NA,NA,ppm
16-JAN-2003 05:17,2003,1,375.07,374.82,CO2,NA,NA,ppm
15-FEB-2003 15:00,2003,2,375.82,374.95,CO2,NA,NA,ppm
18-MAR-2003 00:42,2003,3,376.64,374.99,CO2,NA,NA,ppm
17-APR-2003 11:17,2003,4,377.92,375.24,CO2,NA,NA,ppm
17-MAY-2003 21:00,2003,5,378.78,375.73,CO2,NA,NA,ppm
17-JUN-2003 06:42,2003,6,378.46,376.22,CO2,NA,NA,ppm
17-JUL-2003 17:17,2003,7,376.88,376.37,CO2,NA,NA,ppm
17-AUG-2003 03:00,2003,8,374.57,376.27,CO2,NA,NA,ppm
16-SEP-2003 12:42,2003,9,373.34,376.65,CO2,NA,NA,ppm
16-OCT-2003 23:17,2003,10,373.31,376.65,CO2,NA,NA,ppm
16-NOV-2003 09:00,2003,11,374.84,376.99,CO2,NA,NA,ppm
16-DEC-2003 18:42,2003,12,376.17,376.93,CO2,NA,NA,ppm
16-JAN-2004 06:17,2004,1,377.17,376.96,CO2,NA,NA,ppm
15-FEB-2004 18:00,2004,2,378.05,377.19,CO2,NA,NA,ppm
17-MAR-2004 05:42,2004,3,379.06,377.4,CO2,NA,NA,ppm
16-APR-2004 18:17,2004,4,380.54,377.8,CO2,NA,NA,ppm
17-MAY-2004 06:00,2004,5,380.8,377.66,CO2,NA,NA,ppm
16-JUN-2004 17:42,2004,6,379.87,377.57,CO2,NA,NA,ppm
17-JUL-2004 06:17,2004,7,377.65,377.12,CO2,NA,NA,ppm
16-AUG-2004 18:00,2004,8,376.17,377.9,CO2,NA,NA,ppm
16-SEP-2004 05:42,2004,9,374.43,377.8,CO2,NA,NA,ppm
16-OCT-2004 18:17,2004,10,374.63,377.99,CO2,NA,NA,ppm
16-NOV-2004 06:00,2004,11,376.33,378.49,CO2,NA,NA,ppm
16-DEC-2004 17:42,2004,12,377.68,378.48,CO2,NA,NA,ppm
16-JAN-2005 05:17,2005,1,378.63,378.37,CO2,NA,NA,ppm
15-FEB-2005 15:00,2005,2,379.91,379.1,CO2,NA,NA,ppm
18-MAR-2005 00:42,2005,3,380.95,379.45,CO2,NA,NA,ppm
17-APR-2005 11:17,2005,4,382.48,379.84,CO2,NA,NA,ppm
17-MAY-2005 21:00,2005,5,382.64,379.49,CO2,NA,NA,ppm
17-JUN-2005 06:42,2005,6,382.4,380.07,CO2,NA,NA,ppm
17-JUL-2005 17:17,2005,7,380.93,380.38,CO2,NA,NA,ppm
17-AUG-2005 03:00,2005,8,378.93,380.61,CO2,NA,NA,ppm
16-SEP-2005 12:42,2005,9,376.89,380.2,CO2,NA,NA,ppm
16-OCT-2005 23:17,2005,10,377.19,380.5,CO2,NA,NA,ppm
16-NOV-2005 09:00,2005,11,378.54,380.69,CO2,NA,NA,ppm
16-DEC-2005 18:42,2005,12,380.31,381.09,CO2,NA,NA,ppm
16-JAN-2006 05:17,2006,1,381.58,381.33,CO2,NA,NA,ppm
15-FEB-2006 15:00,2006,2,382.4,381.58,CO2,NA,NA,ppm
18-MAR-2006 00:42,2006,3,382.86,381.32,CO2,NA,NA,ppm
17-APR-2006 11:17,2006,4,384.8,382.11,CO2,NA,NA,ppm
17-MAY-2006 21:00,2006,5,385.22,382.06,CO2,NA,NA,ppm
17-JUN-2006 06:42,2006,6,384.24,381.93,CO2,NA,NA,ppm
17-JUL-2006 17:17,2006,7,382.65,382.1,CO2,NA,NA,ppm
17-AUG-2006 03:00,2006,8,380.6,382.27,CO2,NA,NA,ppm
16-SEP-2006 12:42,2006,9,379.04,382.35,CO2,NA,NA,ppm
16-OCT-2006 23:17,2006,10,379.33,382.66,CO2,NA,NA,ppm
16-NOV-2006 09:00,2006,11,380.35,382.52,CO2,NA,NA,ppm
16-DEC-2006 18:42,2006,12,382.02,382.84,CO2,NA,NA,ppm
16-JAN-2007 05:17,2007,1,383.1,382.88,CO2,NA,NA,ppm
15-FEB-2007 15:00,2007,2,384.12,383.22,CO2,NA,NA,ppm
18-MAR-2007 00:42,2007,3,384.81,383.17,CO2,NA,NA,ppm
17-APR-2007 11:17,2007,4,386.73,383.95,CO2,NA,NA,ppm
17-MAY-2007 21:00,2007,5,386.78,383.56,CO2,NA,NA,ppm
17-JUN-2007 06:42,2007,6,386.33,384.06,CO2,NA,NA,ppm
17-JUL-2007 17:17,2007,7,384.73,384.25,CO2,NA,NA,ppm
17-AUG-2007 03:00,2007,8,382.24,383.95,CO2,NA,NA,ppm
16-SEP-2007 12:42,2007,9,381.2,384.56,CO2,NA,NA,ppm
16-OCT-2007 23:17,2007,10,381.37,384.72,CO2,NA,NA,ppm
16-NOV-2007 09:00,2007,11,382.7,384.9,CO2,NA,NA,ppm
16-DEC-2007 18:42,2007,12,384.19,385.07,CO2,NA,NA,ppm
16-JAN-2008 06:17,2008,1,385.78,385.54,CO2,NA,NA,ppm
15-FEB-2008 18:00,2008,2,386.06,385.2,CO2,NA,NA,ppm
17-MAR-2008 05:42,2008,3,386.28,384.72,CO2,NA,NA,ppm
16-APR-2008 18:17,2008,4,387.33,384.71,CO2,NA,NA,ppm
17-MAY-2008 06:00,2008,5,388.78,385.69,CO2,NA,NA,ppm
16-JUN-2008 17:42,2008,6,387.99,385.68,CO2,NA,NA,ppm
17-JUL-2008 06:17,2008,7,386.61,386.05,CO2,NA,NA,ppm
16-AUG-2008 18:00,2008,8,384.32,385.98,CO2,NA,NA,ppm
16-SEP-2008 05:42,2008,9,383.41,386.69,CO2,NA,NA,ppm
16-OCT-2008 18:17,2008,10,383.22,386.5,CO2,NA,NA,ppm
16-NOV-2008 06:00,2008,11,384.41,386.58,CO2,NA,NA,ppm
16-DEC-2008 17:42,2008,12,385.79,386.64,CO2,NA,NA,ppm
16-JAN-2009 05:17,2009,1,387.17,386.86,CO2,NA,NA,ppm
15-FEB-2009 15:00,2009,2,387.7,386.81,CO2,NA,NA,ppm
18-MAR-2009 00:42,2009,3,389.04,387.54,CO2,NA,NA,ppm
17-APR-2009 11:17,2009,4,389.76,387.15,CO2,NA,NA,ppm
17-MAY-2009 21:00,2009,5,390.36,387.24,CO2,NA,NA,ppm
17-JUN-2009 06:42,2009,6,389.7,387.46,CO2,NA,NA,ppm
17-JUL-2009 17:17,2009,7,388.24,387.77,CO2,NA,NA,ppm
17-AUG-2009 03:00,2009,8,386.29,387.99,CO2,NA,NA,ppm
16-SEP-2009 12:42,2009,9,384.95,388.22,CO2,NA,NA,ppm
16-OCT-2009 23:17,2009,10,384.64,387.88,CO2,NA,NA,ppm
16-NOV-2009 09:00,2009,11,386.23,388.36,CO2,NA,NA,ppm
16-DEC-2009 18:42,2009,12,387.63,388.43,CO2,NA,NA,ppm
16-JAN-2010 05:17,2010,1,388.91,388.62,CO2,NA,NA,ppm
15-FEB-2010 15:00,2010,2,390.41,389.47,CO2,NA,NA,ppm
18-MAR-2010 00:42,2010,3,391.37,389.85,CO2,NA,NA,ppm
17-APR-2010 11:17,2010,4,392.67,390.12,CO2,NA,NA,ppm
17-MAY-2010 21:00,2010,5,393.21,390.09,CO2,NA,NA,ppm
17-JUN-2010 06:42,2010,6,392.38,390.1,CO2,NA,NA,ppm
17-JUL-2010 17:17,2010,7,390.41,389.93,CO2,NA,NA,ppm
17-AUG-2010 03:00,2010,8,388.54,390.21,CO2,NA,NA,ppm
16-SEP-2010 12:42,2010,9,387.03,390.32,CO2,NA,NA,ppm
16-OCT-2010 23:17,2010,10,387.43,390.72,CO2,NA,NA,ppm
16-NOV-2010 09:00,2010,11,388.87,390.99,CO2,NA,NA,ppm
16-DEC-2010 18:42,2010,12,389.99,390.8,CO2,NA,NA,ppm
16-JAN-2011 05:17,2011,1,391.5,391.19,CO2,NA,NA,ppm
15-FEB-2011 15:00,2011,2,392.05,391.12,CO2,NA,NA,ppm
18-MAR-2011 00:42,2011,3,392.8,391.27,CO2,NA,NA,ppm
17-APR-2011 11:17,2011,4,393.44,390.83,CO2,NA,NA,ppm
17-MAY-2011 21:00,2011,5,394.41,391.24,CO2,NA,NA,ppm
17-JUN-2011 06:42,2011,6,393.95,391.64,CO2,NA,NA,ppm
17-JUL-2011 17:17,2011,7,392.72,392.24,CO2,NA,NA,ppm
17-AUG-2011 03:00,2011,8,390.33,392.04,CO2,NA,NA,ppm
16-SEP-2011 12:42,2011,9,389.28,392.6,CO2,NA,NA,ppm
16-OCT-2011 23:17,2011,10,389.19,392.53,CO2,NA,NA,ppm
16-NOV-2011 09:00,2011,11,390.48,392.64,CO2,NA,NA,ppm
16-DEC-2011 18:42,2011,12,392.06,392.86,CO2,NA,NA,ppm
16-JAN-2012 06:17,2012,1,393.31,393.07,CO2,NA,NA,ppm
15-FEB-2012 18:00,2012,2,394.04,393.2,CO2,NA,NA,ppm
17-MAR-2012 05:42,2012,3,394.59,392.99,CO2,NA,NA,ppm
16-APR-2012 18:17,2012,4,396.38,393.65,CO2,NA,NA,ppm
17-MAY-2012 06:00,2012,5,396.93,393.73,CO2,NA,NA,ppm
16-JUN-2012 17:42,2012,6,395.91,393.63,CO2,NA,NA,ppm
17-JUL-2012 06:17,2012,7,394.56,394.12,CO2,NA,NA,ppm
16-AUG-2012 18:00,2012,8,392.59,394.37,CO2,NA,NA,ppm
16-SEP-2012 05:42,2012,9,391.32,394.75,CO2,NA,NA,ppm
16-OCT-2012 18:17,2012,10,391.27,394.64,CO2,NA,NA,ppm
16-NOV-2012 06:00,2012,11,393.2,395.25,CO2,NA,NA,ppm
16-DEC-2012 17:42,2012,12,394.57,395.27,CO2,NA,NA,ppm
16-JAN-2013 05:17,2013,1,395.78,395.62,CO2,NA,NA,ppm
15-FEB-2013 15:00,2013,2,397.03,396.23,CO2,NA,NA,ppm
18-MAR-2013 00:42,2013,3,397.66,396.07,CO2,NA,NA,ppm
17-APR-2013 11:17,2013,4,398.64,395.79,CO2,NA,NA,ppm
17-MAY-2013 21:00,2013,5,400.02,396.64,CO2,NA,NA,ppm
17-JUN-2013 06:42,2013,6,398.81,396.48,CO2,NA,NA,ppm
17-JUL-2013 17:17,2013,7,397.51,397.13,CO2,NA,NA,ppm
17-AUG-2013 03:00,2013,8,395.39,397.27,CO2,NA,NA,ppm
16-SEP-2013 12:42,2013,9,393.72,397.24,CO2,NA,NA,ppm
16-OCT-2013 23:17,2013,10,393.9,397.25,CO2,NA,NA,ppm
16-NOV-2013 09:00,2013,11,395.36,397.35,CO2,NA,NA,ppm
16-DEC-2013 18:42,2013,12,397.03,397.78,CO2,NA,NA,ppm
16-JAN-2014 05:17,2014,1,398.04,397.74,CO2,NA,NA,ppm
15-FEB-2014 15:00,2014,2,398.27,397.45,CO2,NA,NA,ppm
18-MAR-2014 00:42,2014,3,399.91,398.37,CO2,NA,NA,ppm
17-APR-2014 11:17,2014,4,401.51,398.63,CO2,NA,NA,ppm
17-MAY-2014 21:00,2014,5,401.96,398.56,CO2,NA,NA,ppm
17-JUN-2014 06:42,2014,6,401.43,399.1,CO2,NA,NA,ppm
17-JUL-2014 17:17,2014,7,399.27,398.85,CO2,NA,NA,ppm
17-AUG-2014 03:00,2014,8,397.18,399.07,CO2,NA,NA,ppm
16-SEP-2014 12:42,2014,9,395.54,399.11,CO2,NA,NA,ppm
16-OCT-2014 23:17,2014,10,396.16,399.58,CO2,NA,NA,ppm
16-NOV-2014 09:00,2014,11,397.4,399.49,CO2,NA,NA,ppm
16-DEC-2014 18:42,2014,12,399.08,399.81,CO2,NA,NA,ppm
16-JAN-2015 05:17,2015,1,400.18,399.92,CO2,NA,NA,ppm
15-FEB-2015 15:00,2015,2,400.55,399.77,CO2,NA,NA,ppm
18-MAR-2015 00:42,2015,3,401.74,400.22,CO2,NA,NA,ppm
17-APR-2015 11:17,2015,4,403.35,400.46,CO2,NA,NA,ppm
17-MAY-2015 21:00,2015,5,404.15,400.7,CO2,NA,NA,ppm
17-JUN-2015 06:42,2015,6,402.97,400.65,CO2,NA,NA,ppm
17-JUL-2015 17:17,2015,7,401.46,401.11,CO2,NA,NA,ppm
17-AUG-2015 03:00,2015,8,399.11,401.04,CO2,NA,NA,ppm
16-SEP-2015 12:42,2015,9,397.82,401.43,CO2,NA,NA,ppm
16-OCT-2015 23:17,2015,10,398.49,401.89,CO2,NA,NA,ppm
16-NOV-2015 09:00,2015,11,400.27,402.24,CO2,NA,NA,ppm
16-DEC-2015 18:42,2015,12,402.06,402.72,CO2,NA,NA,ppm
16-JAN-2016 06:17,2016,1,402.73,402.45,CO2,NA,NA,ppm
15-FEB-2016 18:00,2016,2,404.25,403.4,CO2,NA,NA,ppm
17-MAR-2016 05:42,2016,3,405.06,403.54,CO2,NA,NA,ppm
16-APR-2016 18:17,2016,4,407.6,404.77,CO2,NA,NA,ppm
17-MAY-2016 06:00,2016,5,407.9,404.41,CO2,NA,NA,ppm
16-JUN-2016 17:42,2016,6,406.99,404.59,CO2,NA,NA,ppm
17-JUL-2016 06:17,2016,7,404.59,404.24,CO2,NA,NA,ppm
16-AUG-2016 18:00,2016,8,402.45,404.41,CO2,NA,NA,ppm
16-SEP-2016 05:42,2016,9,401.23,404.85,CO2,NA,NA,ppm
16-OCT-2016 18:17,2016,10,401.79,405.23,CO2,NA,NA,ppm
16-NOV-2016 06:00,2016,11,403.72,405.74,CO2,NA,NA,ppm
16-DEC-2016 17:42,2016,12,404.64,405.33,CO2,NA,NA,ppm
16-JAN-2017 05:17,2017,1,406.36,406.04,CO2,NA,NA,ppm
15-FEB-2017 15:00,2017,2,406.65,405.8,CO2,NA,NA,ppm
18-MAR-2017 00:42,2017,3,407.54,406.05,CO2,NA,NA,ppm
17-APR-2017 11:17,2017,4,409.22,406.37,CO2,NA,NA,ppm
17-MAY-2017 21:00,2017,5,409.89,406.37,CO2,NA,NA,ppm
17-JUN-2017 06:42,2017,6,409.08,406.68,CO2,NA,NA,ppm
17-JUL-2017 17:17,2017,7,407.33,407.01,CO2,NA,NA,ppm
17-AUG-2017 03:00,2017,8,405.32,407.31,CO2,NA,NA,ppm
16-SEP-2017 12:42,2017,9,403.57,407.17,CO2,NA,NA,ppm
16-OCT-2017 23:17,2017,10,403.82,407.23,CO2,NA,NA,ppm
16-NOV-2017 09:00,2017,11,405.31,407.36,CO2,NA,NA,ppm
16-DEC-2017 18:42,2017,12,407,407.71,CO2,NA,NA,ppm
16-JAN-2018 05:17,2018,1,408.15,407.83,CO2,NA,NA,ppm
15-FEB-2018 15:00,2018,2,408.52,407.61,CO2,NA,NA,ppm
18-MAR-2018 00:42,2018,3,409.59,408.06,CO2,NA,NA,ppm
17-APR-2018 11:17,2018,4,410.45,407.65,CO2,NA,NA,ppm
17-MAY-2018 21:00,2018,5,411.44,407.98,CO2,NA,NA,ppm
17-JUN-2018 06:42,2018,6,410.99,408.6,CO2,NA,NA,ppm
17-JUL-2018 17:17,2018,7,408.9,408.6,CO2,NA,NA,ppm
17-AUG-2018 03:00,2018,8,407.16,409.17,CO2,NA,NA,ppm
16-SEP-2018 12:42,2018,9,405.71,409.3,CO2,NA,NA,ppm
16-OCT-2018 23:17,2018,10,406.19,409.56,CO2,NA,NA,ppm
16-NOV-2018 09:00,2018,11,408.21,410.24,CO2,NA,NA,ppm
16-DEC-2018 18:42,2018,12,409.27,409.99,CO2,NA,NA,ppm
16-JAN-2019 05:17,2019,1,411.03,410.69,CO2,NA,NA,ppm
15-FEB-2019 15:00,2019,2,411.96,410.97,CO2,NA,NA,ppm
18-MAR-2019 00:42,2019,3,412.18,410.71,CO2,NA,NA,ppm
17-APR-2019 11:17,2019,4,413.54,410.92,CO2,NA,NA,ppm
17-MAY-2019 21:00,2019,5,414.86,411.47,CO2,NA,NA,ppm
17-JUN-2019 06:42,2019,6,414.15,411.74,CO2,NA,NA,ppm
17-JUL-2019 17:17,2019,7,411.96,411.64,CO2,NA,NA,ppm
17-AUG-2019 03:00,2019,8,410.17,412.1,CO2,NA,NA,ppm
16-SEP-2019 12:42,2019,9,408.76,412.26,CO2,NA,NA,ppm
16-OCT-2019 23:17,2019,10,408.74,412.09,CO2,NA,NA,ppm
16-NOV-2019 09:00,2019,11,410.47,412.5,CO2,NA,NA,ppm
16-DEC-2019 18:42,2019,12,411.97,412.71,CO2,NA,NA,ppm
16-JAN-2020 06:17,2020,1,413.59,413.22,CO2,NA,NA,ppm
15-FEB-2020 18:00,2020,2,414.32,413.4,CO2,NA,NA,ppm
17-MAR-2020 05:42,2020,3,414.72,413.35,CO2,NA,NA,ppm
16-APR-2020 18:17,2020,4,416.42,413.92,CO2,NA,NA,ppm
17-MAY-2020 06:00,2020,5,417.28,413.98,CO2,NA,NA,ppm
16-JUN-2020 17:42,2020,6,416.58,414.15,CO2,NA,NA,ppm
17-JUL-2020 06:17,2020,7,414.58,414.19,CO2,NA,NA,ppm
16-AUG-2020 18:00,2020,8,412.75,414.6,CO2,NA,NA,ppm
16-SEP-2020 05:42,2020,9,411.5,414.9,CO2,NA,NA,ppm
16-OCT-2020 18:17,2020,10,411.49,414.79,CO2,NA,NA,ppm
16-NOV-2020 06:00,2020,11,413.1,415.11,CO2,NA,NA,ppm
16-DEC-2020 17:42,2020,12,414.23,414.91,CO2,NA,NA,ppm
16-JAN-2021 05:17,2021,1,415.49,415.23,CO2,NA,NA,ppm
15-FEB-2021 15:00,2021,2,416.72,415.8,CO2,NA,NA,ppm
18-MAR-2021 00:42,2021,3,417.61,416.17,CO2,NA,NA,ppm
17-APR-2021 11:17,2021,4,419.01,416.59,CO2,NA,NA,ppm
17-MAY-2021 21:00,2021,5,419.09,415.88,CO2,NA,NA,ppm
17-JUN-2021 06:42,2021,6,418.93,416.48,CO2,NA,NA,ppm
17-JUL-2021 17:17,2021,7,416.9,416.48,CO2,NA,NA,ppm
17-AUG-2021 03:00,2021,8,414.42,416.27,CO2,NA,NA,ppm
16-SEP-2021 12:42,2021,9,413.26,416.63,CO2,NA,NA,ppm
16-OCT-2021 23:17,2021,10,413.9,417.14,CO2,NA,NA,ppm
16-NOV-2021 09:00,2021,11,414.97,416.92,CO2,NA,NA,ppm
16-DEC-2021 18:42,2021,12,416.67,417.37,CO2,NA,NA,ppm
16-JAN-2022 05:17,2022,1,418.13,417.86,CO2,NA,NA,ppm
15-FEB-2022 15:00,2022,2,419.24,418.32,CO2,NA,NA,ppm
18-MAR-2022 00:42,2022,3,418.76,417.31,CO2,NA,NA,ppm
17-APR-2022 11:17,2022,4,420.19,417.67,CO2,NA,NA,ppm
17-MAY-2022 21:00,2022,5,420.97,417.7,CO2,NA,NA,ppm
17-JUN-2022 06:42,2022,6,420.94,418.47,CO2,NA,NA,ppm
17-JUL-2022 17:17,2022,7,418.85,418.41,CO2,NA,NA,ppm
17-AUG-2022 03:00,2022,8,417.15,419.03,CO2,NA,NA,ppm
16-SEP-2022 12:42,2022,9,415.91,419.3,CO2,NA,NA,ppm
16-OCT-2022 23:17,2022,10,415.74,418.97,CO2,NA,NA,ppm
16-NOV-2022 09:00,2022,11,417.47,419.51,CO2,NA,NA,ppm
16-DEC-2022 18:42,2022,12,418.99,419.79,CO2,NA,NA,ppm
16-JAN-2023 05:17,2023,1,419.47,419.21,CO2,NA,NA,ppm
15-FEB-2023 15:00,2023,2,420.31,419.43,CO2,NA,NA,ppm
18-MAR-2023 00:42,2023,3,420.99,419.54,CO2,NA,NA,ppm
17-APR-2023 11:17,2023,4,423.31,420.8,CO2,NA,NA,ppm
17-MAY-2023 21:00,2023,5,424,420.76,CO2,NA,NA,ppm
17-JUN-2023 06:42,2023,6,423.68,421.23,CO2,NA,NA,ppm
17-JUL-2023 17:17,2023,7,421.83,421.41,CO2,NA,NA,ppm
17-AUG-2023 03:00,2023,8,419.68,421.57,CO2,NA,NA,ppm
16-SEP-2023 12:42,2023,9,418.5,421.9,CO2,NA,NA,ppm
16-OCT-2023 23:17,2023,10,418.82,422.05,CO2,NA,NA,ppm
16-NOV-2023 09:00,2023,11,420.46,422.44,CO2,NA,NA,ppm
16-DEC-2023 18:42,2023,12,421.86,422.58,CO2,NA,NA,ppm
16-JAN-2024 06:17,2024,1,422.8,422.55,CO2,NA,NA,ppm
15-FEB-2024 18:00,2024,2,424.55,423.67,CO2,NA,NA,ppm
17-MAR-2024 05:42,2024,3,425.38,423.94,CO2,NA,NA,ppm
16-APR-2024 18:17,2024,4,426.51,424,CO2,NA,NA,ppm
17-MAY-2024 06:00,2024,5,426.9,423.65,CO2,NA,NA,ppm
16-JUN-2024 17:42,2024,6,426.91,424.46,CO2,NA,NA,ppm
17-JUL-2024 06:17,2024,7,425.55,425.13,CO2,NA,NA,ppm
16-AUG-2024 18:00,2024,8,422.99,424.88,CO2,NA,NA,ppm
16-SEP-2024 05:42,2024,9,422.03,425.43,CO2,NA,NA,ppm
16-OCT-2024 18:17,2024,10,422.38,425.61,CO2,NA,NA,ppm
16-NOV-2024 06:00,2024,11,423.85,425.83,CO2,NA,NA,ppm
16-DEC-2024 17:42,2024,12,425.4,426.13,CO2,NA,NA,ppm
16-JAN-2025 05:17,2025,1,426.65,426.4,CO2,NA,NA,ppm
15-FEB-2025 15:00,2025,2,427.09,426.21,CO2,NA,NA,ppm
18-MAR-2025 00:42,2025,3,428.15,426.7,CO2,NA,NA,ppm
17-APR-2025 11:17,2025,4,429.64,427.13,CO2,NA,NA,ppm
17-MAY-2025 21:00,2025,5,430.51,427.26,CO2,NA,NA,ppm
17-JUN-2025 06:42,2025,6,429.61,427.16,CO2,NA,NA,ppm
17-JUL-2025 17:17,2025,7,427.87,427.45,CO2,NA,NA,ppm
17-AUG-2025 03:00,2025,8,425.48,427.37,CO2,NA,NA,ppm
16-SEP-2025 12:42,2025,9,424.37,427.77,CO2,NA,NA,ppm
16-OCT-2025 23:17,2025,10,424.87,428.1,CO2,NA,NA,ppm
16-NOV-2025 09:00,2025,11,426.46,428.43,CO2,NA,NA,ppm
16-DEC-2025 18:42,2025,12,427.49,428.21,CO2,NA,NA,ppm
16-JAN-2026 05:17,2026,1,428.62,428.37,CO2,NA,NA,ppm
15-FEB-2026 15:00,2026,2,429.35,428.47,CO2,NA,NA,ppm
08-JAN-1989 00:00,1989,1,8.113187,NA,pH,8.107175675619125,NA,pH
27-MAR-1989 00:00,1989,3,8.082849,NA,pH,8.107021817241007,NA,pH
24-AUG-1989 00:00,1989,8,8.099902,NA,pH,8.106867958862887,NA,pH
18-OCT-1989 00:00,1989,10,8.101292,NA,pH,8.106714100484767,NA,pH
05-JAN-1990 00:00,1990,1,8.118504,NA,pH,8.106560242106648,NA,pH
19-MAR-1990 00:00,1990,3,8.105358,NA,pH,8.10640638372853,NA,pH
13-JUN-1990 00:00,1990,6,8.112278,NA,pH,8.10625252535041,NA,pH
25-JUL-1990 00:00,1990,7,8.114807,NA,pH,8.10609866697229,NA,pH
18-DEC-1990 00:00,1990,12,8.105256,NA,pH,8.105944808594172,NA,pH
03-FEB-1991 00:00,1991,2,8.102791,NA,pH,8.105790950216052,NA,pH
07-MAR-1991 00:00,1991,3,8.099092,NA,pH,8.105637091837933,NA,pH
10-APR-1991 00:00,1991,4,8.097557,NA,pH,8.105483233459813,NA,pH
08-MAY-1991 00:00,1991,5,8.102033,NA,pH,8.105329375081695,NA,pH
05-JUN-1991 00:00,1991,6,8.10773,NA,pH,8.105175516703575,NA,pH
10-JUL-1991 00:00,1991,7,8.115978,NA,pH,8.105021658325455,NA,pH
10-AUG-1991 00:00,1991,8,8.109969,NA,pH,8.104867799947336,NA,pH
18-SEP-1991 00:00,1991,9,8.112619,NA,pH,8.104713941569218,NA,pH
21-OCT-1991 00:00,1991,10,8.116722,NA,pH,8.104560083191098,NA,pH
07-DEC-1991 00:00,1991,12,8.118956,NA,pH,8.104406224812978,NA,pH
05-JAN-1992 00:00,1992,1,8.108183,NA,pH,8.10425236643486,NA,pH
15-FEB-1992 00:00,1992,2,8.09609,NA,pH,8.10409850805674,NA,pH
06-MAR-1992 00:00,1992,3,8.098877,NA,pH,8.10394464967862,NA,pH
17-APR-1992 00:00,1992,4,8.088698,NA,pH,8.1037907913005,NA,pH
09-JUN-1992 00:00,1992,6,8.122269,NA,pH,8.103636932922383,NA,pH
05-JUL-1992 00:00,1992,7,8.098472,NA,pH,8.103483074544263,NA,pH
05-AUG-1992 00:00,1992,8,8.109684,NA,pH,8.103329216166143,NA,pH
23-SEP-1992 00:00,1992,9,8.112724,NA,pH,8.103175357788025,NA,pH
20-OCT-1992 00:00,1992,10,8.110711,NA,pH,8.103021499409905,NA,pH
24-NOV-1992 00:00,1992,11,8.108982,NA,pH,8.102867641031786,NA,pH
16-DEC-1992 00:00,1992,12,8.115047,NA,pH,8.102713782653666,NA,pH
20-JAN-1993 00:00,1993,1,8.09721,NA,pH,8.102559924275548,NA,pH
17-FEB-1993 00:00,1993,2,8.11283,NA,pH,8.102406065897428,NA,pH
15-APR-1993 00:00,1993,4,8.085548,NA,pH,8.102252207519308,NA,pH
21-MAY-1993 00:00,1993,5,8.093206,NA,pH,8.102098349141189,NA,pH
15-SEP-1993 00:00,1993,9,8.10713,NA,pH,8.10194449076307,NA,pH
30-OCT-1993 00:00,1993,10,8.11067,NA,pH,8.101790632384951,NA,pH
20-JAN-1994 00:00,1994,1,8.126782,NA,pH,8.101636774006831,NA,pH
17-FEB-1994 00:00,1994,2,8.096045,NA,pH,8.101482915628713,NA,pH
09-MAR-1994 00:00,1994,3,8.093057,NA,pH,8.101329057250593,NA,pH
19-JUN-1994 00:00,1994,6,8.094534,NA,pH,8.101175198872474,NA,pH
25-JUL-1994 00:00,1994,7,8.094427,NA,pH,8.101021340494354,NA,pH
30-AUG-1994 00:00,1994,8,8.099073,NA,pH,8.100867482116236,NA,pH
23-SEP-1994 00:00,1994,9,8.106876,NA,pH,8.100713623738116,NA,pH
15-OCT-1994 00:00,1994,10,8.09897,NA,pH,8.100559765359996,NA,pH
19-NOV-1994 00:00,1994,11,8.1047,NA,pH,8.100405906981878,NA,pH
06-FEB-1995 00:00,1995,2,8.079518,NA,pH,8.100252048603759,NA,pH
04-MAR-1995 00:00,1995,3,8.081787,NA,pH,8.100098190225639,NA,pH
06-APR-1995 00:00,1995,4,8.073113,NA,pH,8.099944331847519,NA,pH
07-MAY-1995 00:00,1995,5,8.087092,NA,pH,8.099790473469401,NA,pH
30-JUL-1995 00:00,1995,7,8.101405,NA,pH,8.099636615091281,NA,pH
29-AUG-1995 00:00,1995,8,8.10764,NA,pH,8.099482756713162,NA,pH
26-SEP-1995 00:00,1995,9,8.112848,NA,pH,8.099328898335044,NA,pH
27-OCT-1995 00:00,1995,10,8.115718,NA,pH,8.099175039956924,NA,pH
17-NOV-1995 00:00,1995,11,8.119383,NA,pH,8.099021181578804,NA,pH
17-JAN-1996 00:00,1996,1,8.10773,NA,pH,8.098867323200684,NA,pH
27-MAR-1996 00:00,1996,3,NA,NA,pH,8.098713464822566,NA,pH
24-APR-1996 00:00,1996,4,NA,NA,pH,8.098559606444447,NA,pH
22-MAY-1996 00:00,1996,5,8.095008,NA,pH,8.098405748066327,NA,pH
26-JUN-1996 00:00,1996,6,8.10093,NA,pH,8.098251889688207,NA,pH
27-JUL-1996 00:00,1996,7,8.106965,NA,pH,8.098098031310089,NA,pH
21-AUG-1996 00:00,1996,8,8.107875,NA,pH,8.09794417293197,NA,pH
02-OCT-1996 00:00,1996,10,8.113261,NA,pH,8.09779031455385,NA,pH
30-OCT-1996 00:00,1996,10,8.113334,NA,pH,8.097636456175731,NA,pH
11-DEC-1996 00:00,1996,12,8.090854,NA,pH,8.097482597797612,NA,pH
08-JAN-1997 00:00,1997,1,8.078654,NA,pH,8.097328739419492,NA,pH
18-FEB-1997 00:00,1997,2,8.072234,NA,pH,8.097174881041372,NA,pH
12-MAR-1997 00:00,1997,3,8.087757,NA,pH,8.097021022663254,NA,pH
09-APR-1997 00:00,1997,4,8.091284,NA,pH,8.096867164285134,NA,pH
07-MAY-1997 00:00,1997,5,8.09199,NA,pH,8.096713305907015,NA,pH
04-JUN-1997 00:00,1997,6,8.10604,NA,pH,8.096559447528897,NA,pH
09-JUL-1997 00:00,1997,7,8.097534,NA,pH,8.096405589150777,NA,pH
02-AUG-1997 00:00,1997,8,8.102995,NA,pH,8.096251730772657,NA,pH
25-SEP-1997 00:00,1997,9,8.109314,NA,pH,8.096097872394537,NA,pH
05-DEC-1997 00:00,1997,12,8.103076,NA,pH,8.09594401401642,NA,pH
11-JAN-1998 00:00,1998,1,8.087714,NA,pH,8.0957901556383,NA,pH
19-FEB-1998 00:00,1998,2,8.081908,NA,pH,8.09563629726018,NA,pH
18-MAR-1998 00:00,1998,3,8.097822,NA,pH,8.095482438882062,NA,pH
15-APR-1998 00:00,1998,4,8.080772,NA,pH,8.095328580503942,NA,pH
13-MAY-1998 00:00,1998,5,8.081999,NA,pH,8.095174722125822,NA,pH
17-JUN-1998 00:00,1998,6,8.085788,NA,pH,8.095020863747703,NA,pH
15-JUL-1998 00:00,1998,7,8.069359,NA,pH,8.094867005369585,NA,pH
10-AUG-1998 00:00,1998,8,8.088048,NA,pH,8.094713146991465,NA,pH
28-SEP-1998 00:00,1998,9,8.085466,NA,pH,8.094559288613345,NA,pH
19-OCT-1998 00:00,1998,10,8.097762,NA,pH,8.094405430235225,NA,pH
11-NOV-1998 00:00,1998,11,8.089959,NA,pH,8.094251571857107,NA,pH
09-DEC-1998 00:00,1998,12,8.076391,NA,pH,8.094097713478988,NA,pH
13-JAN-1999 00:00,1999,1,8.070665,NA,pH,8.093943855100868,NA,pH
18-FEB-1999 00:00,1999,2,8.065768,NA,pH,8.09378999672275,NA,pH
17-MAR-1999 00:00,1999,3,8.115991,NA,pH,8.09363613834463,NA,pH
14-APR-1999 00:00,1999,4,8.081927,NA,pH,8.09348227996651,NA,pH
10-MAY-1999 00:00,1999,5,8.081931,NA,pH,8.09332842158839,NA,pH
14-JUL-1999 00:00,1999,7,8.101191,NA,pH,8.093174563210273,NA,pH
13-AUG-1999 00:00,1999,8,8.086422,NA,pH,8.093020704832153,NA,pH
15-OCT-1999 00:00,1999,10,8.083195,NA,pH,8.092866846454033,NA,pH
09-NOV-1999 00:00,1999,11,8.092519,NA,pH,8.092712988075915,NA,pH
15-DEC-1999 00:00,1999,12,8.076716,NA,pH,8.092559129697795,NA,pH
03-FEB-2000 00:00,2000,2,8.076358,NA,pH,8.092405271319675,NA,pH
01-MAR-2000 00:00,2000,3,8.058449,NA,pH,8.092251412941556,NA,pH
29-MAR-2000 00:00,2000,3,8.071017,NA,pH,8.092097554563438,NA,pH
26-APR-2000 00:00,2000,4,8.079405,NA,pH,8.091943696185318,NA,pH
25-MAY-2000 00:00,2000,5,8.061762,NA,pH,8.091789837807198,NA,pH
21-JUN-2000 00:00,2000,6,8.089841,NA,pH,8.091635979429078,NA,pH
26-JUL-2000 00:00,2000,7,8.102724,NA,pH,8.09148212105096,NA,pH
23-AUG-2000 00:00,2000,8,8.103453,NA,pH,8.09132826267284,NA,pH
18-OCT-2000 00:00,2000,10,8.079372,NA,pH,8.091174404294721,NA,pH
30-NOV-2000 00:00,2000,11,8.094105,NA,pH,8.091020545916603,NA,pH
20-DEC-2000 00:00,2000,12,8.090794,NA,pH,8.090866687538483,NA,pH
17-JAN-2001 00:00,2001,1,8.080466,NA,pH,8.090712829160363,NA,pH
14-FEB-2001 00:00,2001,2,8.069471,NA,pH,8.090558970782244,NA,pH
21-MAR-2001 00:00,2001,3,8.073048,NA,pH,8.090405112404126,NA,pH
18-APR-2001 00:00,2001,4,8.073583,NA,pH,8.090251254026006,NA,pH
16-MAY-2001 00:00,2001,5,8.080251,NA,pH,8.090097395647886,NA,pH
14-JUN-2001 00:00,2001,6,8.103863,NA,pH,8.089943537269768,NA,pH
11-JUL-2001 00:00,2001,7,8.106446,NA,pH,8.089789678891648,NA,pH
08-AUG-2001 00:00,2001,8,8.087791,NA,pH,8.089635820513529,NA,pH
02-OCT-2001 00:00,2001,10,8.089172,NA,pH,8.089481962135409,NA,pH
23-OCT-2001 00:00,2001,10,8.099814,NA,pH,8.08932810375729,NA,pH
17-NOV-2001 00:00,2001,11,8.091858,NA,pH,8.089174245379171,NA,pH
14-DEC-2001 00:00,2001,12,8.088475,NA,pH,8.089020387001051,NA,pH
16-JAN-2002 00:00,2002,1,8.078155,NA,pH,8.088866528622933,NA,pH
21-FEB-2002 00:00,2002,2,8.087096,NA,pH,8.088712670244814,NA,pH
13-MAR-2002 00:00,2002,3,8.071004,NA,pH,8.088558811866694,NA,pH
21-MAY-2002 00:00,2002,5,8.074996,NA,pH,8.088404953488574,NA,pH
29-JUN-2002 00:00,2002,6,8.081175,NA,pH,8.088251095110456,NA,pH
28-AUG-2002 00:00,2002,8,8.089032,NA,pH,8.088097236732336,NA,pH
07-OCT-2002 00:00,2002,10,8.105983,NA,pH,8.087943378354217,NA,pH
04-NOV-2002 00:00,2002,11,8.104322,NA,pH,8.087789519976097,NA,pH
25-NOV-2002 00:00,2002,11,8.095959,NA,pH,8.087635661597979,NA,pH
19-DEC-2002 00:00,2002,12,8.089011,NA,pH,8.087481803219859,NA,pH
17-JAN-2003 00:00,2003,1,8.089097,NA,pH,8.08732794484174,NA,pH
26-FEB-2003 00:00,2003,2,8.083023,NA,pH,8.087174086463621,NA,pH
29-MAR-2003 00:00,2003,3,8.08611,NA,pH,8.087020228085501,NA,pH
24-APR-2003 00:00,2003,4,8.089208,NA,pH,8.086866369707382,NA,pH
21-MAY-2003 00:00,2003,5,8.090824,NA,pH,8.086712511329262,NA,pH
20-JUN-2003 00:00,2003,6,8.096236,NA,pH,8.086558652951144,NA,pH
20-JUL-2003 00:00,2003,7,8.100253,NA,pH,8.086404794573024,NA,pH
21-AUG-2003 00:00,2003,8,8.102939,NA,pH,8.086250936194904,NA,pH
15-OCT-2003 00:00,2003,10,8.115604,NA,pH,8.086097077816786,NA,pH
10-NOV-2003 00:00,2003,11,8.114032,NA,pH,8.085943219438667,NA,pH
20-DEC-2003 00:00,2003,12,8.095248,NA,pH,8.085789361060547,NA,pH
22-JAN-2004 00:00,2004,1,8.087091,NA,pH,8.085635502682427,NA,pH
25-FEB-2004 00:00,2004,2,8.099055,NA,pH,8.08548164430431,NA,pH
20-MAR-2004 00:00,2004,3,8.097146,NA,pH,8.08532778592619,NA,pH
21-APR-2004 00:00,2004,4,8.08381,NA,pH,8.08517392754807,NA,pH
19-MAY-2004 00:00,2004,5,8.088046,NA,pH,8.08502006916995,NA,pH
16-JUN-2004 00:00,2004,6,8.089665,NA,pH,8.084866210791832,NA,pH
13-JUL-2004 00:00,2004,7,8.089991,NA,pH,8.084712352413712,NA,pH
16-AUG-2004 00:00,2004,8,8.094845,NA,pH,8.084558494035592,NA,pH
29-SEP-2004 00:00,2004,9,8.104304,NA,pH,8.084404635657474,NA,pH
31-OCT-2004 00:00,2004,10,8.100355,NA,pH,8.084250777279355,NA,pH
28-NOV-2004 00:00,2004,11,8.110317,NA,pH,8.084096918901235,NA,pH
21-DEC-2004 00:00,2004,12,8.102627,NA,pH,8.083943060523115,NA,pH
02-FEB-2005 00:00,2005,2,8.081234,NA,pH,8.083789202144997,NA,pH
05-MAR-2005 00:00,2005,3,8.088101,NA,pH,8.083635343766877,NA,pH
18-MAY-2005 00:00,2005,5,8.0887,NA,pH,8.083481485388758,NA,pH
15-JUN-2005 00:00,2005,6,8.085773,NA,pH,8.08332762701064,NA,pH
17-JUL-2005 00:00,2005,7,8.078964,NA,pH,8.08317376863252,NA,pH
14-AUG-2005 00:00,2005,8,8.094795,NA,pH,8.0830199102544,NA,pH
10-SEP-2005 00:00,2005,9,8.088696,NA,pH,8.08286605187628,NA,pH
09-OCT-2005 00:00,2005,10,8.09463,NA,pH,8.082712193498162,NA,pH
12-NOV-2005 00:00,2005,11,8.08727,NA,pH,8.082558335120043,NA,pH
13-DEC-2005 00:00,2005,12,8.087402,NA,pH,8.082404476741923,NA,pH
25-JAN-2006 00:00,2006,1,8.094604,NA,pH,8.082250618363805,NA,pH
15-FEB-2006 00:00,2006,2,8.069681,NA,pH,8.082096759985685,NA,pH
10-MAR-2006 00:00,2006,3,8.083368,NA,pH,8.081942901607565,NA,pH
02-APR-2006 00:00,2006,4,8.081378,NA,pH,8.081789043229445,NA,pH
27-MAY-2006 00:00,2006,5,8.069025,NA,pH,8.081635184851327,NA,pH
14-JUN-2006 00:00,2006,6,8.074162,NA,pH,8.081481326473208,NA,pH
13-JUL-2006 00:00,2006,7,8.082702,NA,pH,8.081327468095088,NA,pH
09-AUG-2006 00:00,2006,8,8.089359,NA,pH,8.081173609716968,NA,pH
16-SEP-2006 00:00,2006,9,8.098929,NA,pH,8.08101975133885,NA,pH
21-OCT-2006 00:00,2006,10,8.086596,NA,pH,8.08086589296073,NA,pH
09-NOV-2006 00:00,2006,11,8.090949,NA,pH,8.08071203458261,NA,pH
10-DEC-2006 00:00,2006,12,8.090459,NA,pH,8.080558176204493,NA,pH
07-FEB-2007 00:00,2007,2,8.085236,NA,pH,8.080404317826373,NA,pH
21-MAR-2007 00:00,2007,3,8.073533,NA,pH,8.080250459448253,NA,pH
05-MAY-2007 00:00,2007,5,8.072873,NA,pH,8.080096601070133,NA,pH
10-JUN-2007 00:00,2007,6,NA,NA,pH,8.079942742692015,NA,pH
08-JUL-2007 00:00,2007,7,8.072419,NA,pH,8.079788884313896,NA,pH
04-AUG-2007 00:00,2007,8,8.084817,NA,pH,8.079635025935776,NA,pH
03-SEP-2007 00:00,2007,9,8.084494,NA,pH,8.079481167557658,NA,pH
03-OCT-2007 00:00,2007,10,8.080436,NA,pH,8.079327309179538,NA,pH
02-DEC-2007 00:00,2007,12,8.068093,NA,pH,8.079173450801418,NA,pH
21-DEC-2007 00:00,2007,12,8.0793,NA,pH,8.079019592423299,NA,pH
30-JAN-2008 00:00,2008,1,8.068538,NA,pH,8.07886573404518,NA,pH
24-FEB-2008 00:00,2008,2,8.072966,NA,pH,8.07871187566706,NA,pH
28-MAY-2008 00:00,2008,5,8.060955,NA,pH,8.078558017288941,NA,pH
26-JUN-2008 00:00,2008,6,8.082226,NA,pH,8.078404158910823,NA,pH
27-JUL-2008 00:00,2008,7,8.073559,NA,pH,8.078250300532703,NA,pH
17-AUG-2008 00:00,2008,8,8.086436,NA,pH,8.078096442154584,NA,pH
11-OCT-2008 00:00,2008,10,8.104114,NA,pH,8.077942583776464,NA,pH
01-DEC-2008 00:00,2008,12,8.082076,NA,pH,8.077788725398346,NA,pH
21-JAN-2009 00:00,2009,1,8.080628,NA,pH,8.077634867020226,NA,pH
18-FEB-2009 00:00,2009,2,8.069724,NA,pH,8.077481008642106,NA,pH
29-APR-2009 00:00,2009,4,8.058364,NA,pH,8.077327150263987,NA,pH
28-MAY-2009 00:00,2009,5,8.06516,NA,pH,8.077173291885869,NA,pH
04-JUL-2009 00:00,2009,7,8.076406,NA,pH,8.077019433507749,NA,pH
25-JUL-2009 00:00,2009,7,8.068872,NA,pH,8.076865575129629,NA,pH
19-AUG-2009 00:00,2009,8,8.081758,NA,pH,8.076711716751511,NA,pH
25-SEP-2009 00:00,2009,9,8.08097,NA,pH,8.076557858373391,NA,pH
04-NOV-2009 00:00,2009,11,8.088485,NA,pH,8.076403999995271,NA,pH
10-DEC-2009 00:00,2009,12,8.073699,NA,pH,8.076250141617152,NA,pH
10-MAR-2010 00:00,2010,3,8.076083,NA,pH,8.076096283239034,NA,pH
07-APR-2010 00:00,2010,4,8.079739,NA,pH,8.075942424860914,NA,pH
19-MAY-2010 00:00,2010,5,8.075632,NA,pH,8.075788566482794,NA,pH
09-JUN-2010 00:00,2010,6,8.073037,NA,pH,8.075634708104676,NA,pH
09-JUL-2010 00:00,2010,7,8.092683,NA,pH,8.075480849726556,NA,pH
08-AUG-2010 00:00,2010,8,8.086592,NA,pH,8.075326991348437,NA,pH
04-SEP-2010 00:00,2010,9,8.07835,NA,pH,8.075173132970317,NA,pH
04-OCT-2010 00:00,2010,10,8.083693,NA,pH,8.075019274592199,NA,pH
21-NOV-2010 00:00,2010,11,8.072299,NA,pH,8.07486541621408,NA,pH
29-JAN-2011 00:00,2011,1,8.072945,NA,pH,8.07471155783596,NA,pH
01-MAR-2011 00:00,2011,3,8.081753,NA,pH,8.07455769945784,NA,pH
12-APR-2011 00:00,2011,4,8.072117,NA,pH,8.074403841079722,NA,pH
10-MAY-2011 00:00,2011,5,8.073146,NA,pH,8.074249982701602,NA,pH
20-JUL-2011 00:00,2011,7,8.070421,NA,pH,8.074096124323482,NA,pH
30-AUG-2011 00:00,2011,8,8.087722,NA,pH,8.073942265945364,NA,pH
27-SEP-2011 00:00,2011,9,8.086433,NA,pH,8.073788407567244,NA,pH
05-NOV-2011 00:00,2011,11,8.084011,NA,pH,8.073634549189125,NA,pH
29-NOV-2011 00:00,2011,11,8.07753,NA,pH,8.073480690811005,NA,pH
20-DEC-2011 00:00,2011,12,8.072506,NA,pH,8.073326832432887,NA,pH
19-JAN-2012 00:00,2012,1,8.070388,NA,pH,8.073172974054767,NA,pH
25-MAR-2012 00:00,2012,3,8.062975,NA,pH,8.073019115676647,NA,pH
02-MAY-2012 00:00,2012,5,8.056483,NA,pH,8.07286525729853,NA,pH
31-MAY-2012 00:00,2012,5,8.059978,NA,pH,8.07271139892041,NA,pH
27-JUN-2012 00:00,2012,6,8.060028,NA,pH,8.07255754054229,NA,pH
01-AUG-2012 00:00,2012,8,8.058476,NA,pH,8.07240368216417,NA,pH
18-AUG-2012 00:00,2012,8,8.055382,NA,pH,8.072249823786052,NA,pH
15-SEP-2012 00:00,2012,9,8.058376,NA,pH,8.072095965407932,NA,pH
08-OCT-2012 00:00,2012,10,8.068051,NA,pH,8.071942107029813,NA,pH
04-DEC-2012 00:00,2012,12,8.069613,NA,pH,8.071788248651695,NA,pH
13-FEB-2013 00:00,2013,2,8.058428,NA,pH,8.071634390273575,NA,pH
07-MAR-2013 00:00,2013,3,8.053147,NA,pH,8.071480531895455,NA,pH
06-APR-2013 00:00,2013,4,8.051696,NA,pH,8.071326673517335,NA,pH
18-MAY-2013 00:00,2013,5,8.053134,NA,pH,8.071172815139217,NA,pH
26-JUN-2013 00:00,2013,6,8.062803,NA,pH,8.071018956761097,NA,pH
12-SEP-2013 00:00,2013,9,8.082416,NA,pH,8.070865098382978,NA,pH
02-OCT-2013 00:00,2013,10,8.080138,NA,pH,8.070711240004858,NA,pH
28-OCT-2013 00:00,2013,10,8.080138,NA,pH,8.07055738162674,NA,pH
27-NOV-2013 00:00,2013,11,8.086108,NA,pH,8.07040352324862,NA,pH
21-DEC-2013 00:00,2013,12,8.084826,NA,pH,8.0702496648705,NA,pH
16-JAN-2014 00:00,2014,1,8.067006,NA,pH,8.070095806492382,NA,pH
15-FEB-2014 00:00,2014,2,8.068155,NA,pH,8.069941948114263,NA,pH
06-MAR-2014 00:00,2014,3,8.070035,NA,pH,8.069788089736143,NA,pH
11-APR-2014 00:00,2014,4,8.063851,NA,pH,8.069634231358023,NA,pH
01-JUN-2014 00:00,2014,6,8.077234,NA,pH,8.069480372979905,NA,pH
01-JUL-2014 00:00,2014,7,8.073313,NA,pH,8.069326514601785,NA,pH
15-SEP-2014 00:00,2014,9,8.07568,NA,pH,8.069172656223666,NA,pH
14-OCT-2014 00:00,2014,10,8.089985,NA,pH,8.069018797845548,NA,pH
22-NOV-2014 00:00,2014,11,8.088038,NA,pH,8.068864939467428,NA,pH
17-DEC-2014 00:00,2014,12,8.071536,NA,pH,8.068711081089308,NA,pH
25-FEB-2015 00:00,2015,2,8.065917,NA,pH,8.068557222711188,NA,pH
29-MAR-2015 00:00,2015,3,8.059535,NA,pH,8.06840336433307,NA,pH
22-APR-2015 00:00,2015,4,8.075902,NA,pH,8.06824950595495,NA,pH
24-MAY-2015 00:00,2015,5,8.069743,NA,pH,8.06809564757683,NA,pH
20-JUN-2015 00:00,2015,6,8.06718,NA,pH,8.067941789198711,NA,pH
20-JUL-2015 00:00,2015,7,8.071143,NA,pH,8.067787930820593,NA,pH
13-AUG-2015 00:00,2015,8,8.08725,NA,pH,8.067634072442473,NA,pH
14-OCT-2015 00:00,2015,10,8.079322,NA,pH,8.067480214064354,NA,pH
14-NOV-2015 00:00,2015,11,8.083174,NA,pH,8.067326355686236,NA,pH
09-DEC-2015 00:00,2015,12,8.082859,NA,pH,8.067172497308116,NA,pH
13-JAN-2016 00:00,2016,1,8.080105,NA,pH,8.067018638929996,NA,pH
10-FEB-2016 00:00,2016,2,8.074242,NA,pH,8.066864780551876,NA,pH
09-MAR-2016 00:00,2016,3,8.072294,NA,pH,8.066710922173758,NA,pH
15-APR-2016 00:00,2016,4,8.064809,NA,pH,8.066557063795639,NA,pH
29-MAY-2016 00:00,2016,5,8.073457,NA,pH,8.066403205417519,NA,pH
12-JUL-2016 00:00,2016,7,8.068111,NA,pH,8.0662493470394,NA,pH
10-AUG-2016 00:00,2016,8,8.075192,NA,pH,8.066095488661281,NA,pH
16-OCT-2016 00:00,2016,10,8.074387,NA,pH,8.065941630283161,NA,pH
27-NOV-2016 00:00,2016,11,8.068016,NA,pH,8.065787771905041,NA,pH
24-JAN-2017 00:00,2017,1,8.049675,NA,pH,8.065633913526923,NA,pH
23-FEB-2017 00:00,2017,2,8.052955,NA,pH,8.065480055148804,NA,pH
29-MAR-2017 00:00,2017,3,8.064332,NA,pH,8.065326196770684,NA,pH
26-APR-2017 00:00,2017,4,8.063944,NA,pH,8.065172338392566,NA,pH
24-MAY-2017 00:00,2017,5,8.067113,NA,pH,8.065018480014446,NA,pH
21-JUN-2017 00:00,2017,6,8.06471,NA,pH,8.064864621636326,NA,pH
09-AUG-2017 00:00,2017,8,8.078624,NA,pH,8.064710763258207,NA,pH
07-OCT-2017 00:00,2017,10,8.0793,NA,pH,8.064556904880089,NA,pH
09-NOV-2017 00:00,2017,11,8.081305,NA,pH,8.064403046501969,NA,pH
13-DEC-2017 00:00,2017,12,8.067376,NA,pH,8.06424918812385,NA,pH
18-JAN-2018 00:00,2018,1,NA,NA,pH,8.06409532974573,NA,pH
26-FEB-2018 00:00,2018,2,8.054882,NA,pH,8.063941471367611,NA,pH
18-APR-2018 00:00,2018,4,8.05439,NA,pH,8.063787612989492,NA,pH
16-MAY-2018 00:00,2018,5,8.06197,NA,pH,8.063633754611372,NA,pH
27-JUN-2018 00:00,2018,6,8.067732,NA,pH,8.063479896233254,NA,pH
25-JUL-2018 00:00,2018,7,8.071259,NA,pH,8.063326037855134,NA,pH
11-SEP-2018 00:00,2018,9,8.060242,NA,pH,8.063172179477014,NA,pH
13-OCT-2018 00:00,2018,10,8.072583,NA,pH,8.063018321098895,NA,pH
17-NOV-2018 00:00,2018,11,8.071003,NA,pH,8.062864462720777,NA,pH
11-DEC-2018 00:00,2018,12,NA,NA,pH,8.062710604342657,NA,pH
16-JAN-2019 00:00,2019,1,8.059778,NA,pH,8.062556745964537,NA,pH
20-FEB-2019 00:00,2019,2,8.0465,NA,pH,8.062402887586419,NA,pH
03-MAY-2019 00:00,2019,5,8.045938,NA,pH,8.0622490292083,NA,pH
12-JUN-2019 00:00,2019,6,8.055537,NA,pH,8.06209517083018,NA,pH
02-JUL-2019 00:00,2019,7,8.062551,NA,pH,8.06194131245206,NA,pH
03-AUG-2019 00:00,2019,8,8.058932,NA,pH,8.061787454073942,NA,pH
05-SEP-2019 00:00,2019,9,8.070158,NA,pH,8.061633595695822,NA,pH
18-OCT-2019 00:00,2019,10,8.083355,NA,pH,8.061479737317702,NA,pH
19-DEC-2019 00:00,2019,12,8.062876,NA,pH,8.061325878939584,NA,pH
08-JAN-2020 00:00,2020,1,8.069879,NA,pH,8.061172020561465,NA,pH
31-JAN-2020 00:00,2020,1,8.051304,NA,pH,8.061018162183345,NA,pH
16-JUL-2020 00:00,2020,7,8.063452,NA,pH,8.060864303805225,NA,pH
08-AUG-2020 00:00,2020,8,8.071419,NA,pH,8.060710445427107,NA,pH
01-SEP-2020 00:00,2020,9,8.07564,NA,pH,8.060556587048987,NA,pH
27-SEP-2020 00:00,2020,9,8.074209,NA,pH,8.060402728670867,NA,pH
19-NOV-2020 00:00,2020,11,8.077223,NA,pH,8.060248870292748,NA,pH
19-DEC-2020 00:00,2020,12,8.07033,NA,pH,8.06009501191463,NA,pH
13-JAN-2021 00:00,2021,1,8.068637,NA,pH,8.05994115353651,NA,pH
17-FEB-2021 00:00,2021,2,8.067359,NA,pH,8.05978729515839,NA,pH
24-MAR-2021 00:00,2021,3,8.043985,NA,pH,8.059633436780272,NA,pH
14-APR-2021 00:00,2021,4,8.049343,NA,pH,8.059479578402152,NA,pH
17-MAY-2021 00:00,2021,5,8.042362,NA,pH,8.059325720024033,NA,pH
23-JUN-2021 00:00,2021,6,8.050629,NA,pH,8.059171861645913,NA,pH
17-JUL-2021 00:00,2021,7,8.057215,NA,pH,8.059018003267795,NA,pH
29-OCT-2021 00:00,2021,10,8.059336,NA,pH,8.058864144889675,NA,pH
05-DEC-2021 00:00,2021,12,8.048397,NA,pH,8.058710286511555,NA,pH
28-MAR-2022 00:00,2022,3,8.047077,NA,pH,8.058556428133437,NA,pH
27-MAY-2022 00:00,2022,5,8.034208,NA,pH,8.058402569755318,NA,pH
10-JUL-2022 00:00,2022,7,8.05794,NA,pH,8.058248711377198,NA,pH
31-JUL-2022 00:00,2022,7,8.052382,NA,pH,8.058094852999078,NA,pH
01-SEP-2022 00:00,2022,9,8.057348,NA,pH,8.05794099462096,NA,pH
24-JAN-2023 00:00,2023,1,8.049296,NA,pH,8.05778713624284,NA,pH
29-MAR-2023 00:00,2023,3,8.031798,NA,pH,8.05763327786472,NA,pH
27-MAY-2023 00:00,2023,5,8.026276,NA,pH,8.0574794194866,NA,pH
11-AUG-2023 00:00,2023,8,8.045364,NA,pH,8.057325561108483,NA,pH
17-SEP-2023 00:00,2023,9,8.059327,NA,pH,8.057171702730363,NA,pH
09-OCT-2023 00:00,2023,10,8.063005,NA,pH,8.057017844352243,NA,pH
06-NOV-2023 00:00,2023,11,8.057886,NA,pH,8.056863985974125,NA,pH
29-NOV-2023 00:00,2023,11,8.046489,NA,pH,8.056710127596006,NA,pH
28-DEC-2023 00:00,2023,12,8.038747,NA,pH,8.056556269217886,NA,pH
03-APR-2024 00:00,2024,4,8.037763,NA,pH,8.056402410839766,NA,pH
29-APR-2024 00:00,2024,4,8.036569,NA,pH,8.056248552461648,NA,pH
18-JUL-2024 00:00,2024,7,8.044224,NA,pH,8.056094694083528,NA,pH
18-AUG-2024 00:00,2024,8,8.05462,NA,pH,8.055940835705409,NA,pH
08-SEP-2024 00:00,2024,9,8.069025,NA,pH,8.05578697732729,NA,pH
12-OCT-2024 00:00,2024,10,8.054777,NA,pH,8.05563311894917,NA,pH
20-DEC-2024 00:00,2024,12,8.05941,NA,pH,8.055479260571051,NA,pH
15-1-1950 00:00,1950,1,-1.53,NA,ENSO,NA,NA,Oceanic Nino Index
15-2-1950 00:00,1950,2,-1.34,NA,ENSO,NA,NA,Oceanic Nino Index
15-3-1950 00:00,1950,3,-1.16,NA,ENSO,NA,NA,Oceanic Nino Index
15-4-1950 00:00,1950,4,-1.18,NA,ENSO,NA,NA,Oceanic Nino Index
15-5-1950 00:00,1950,5,-1.07,NA,ENSO,NA,NA,Oceanic Nino Index
15-6-1950 00:00,1950,6,-0.85,NA,ENSO,NA,NA,Oceanic Nino Index
15-7-1950 00:00,1950,7,-0.54,NA,ENSO,NA,NA,Oceanic Nino Index
15-8-1950 00:00,1950,8,-0.42,NA,ENSO,NA,NA,Oceanic Nino Index
15-9-1950 00:00,1950,9,-0.39,NA,ENSO,NA,NA,Oceanic Nino Index
15-10-1950 00:00,1950,10,-0.44,NA,ENSO,NA,NA,Oceanic Nino Index
15-11-1950 00:00,1950,11,-0.6,NA,ENSO,NA,NA,Oceanic Nino Index
15-12-1950 00:00,1950,12,-0.8,NA,ENSO,NA,NA,Oceanic Nino Index
15-1-1951 00:00,1951,1,-0.82,NA,ENSO,NA,NA,Oceanic Nino Index
15-2-1951 00:00,1951,2,-0.54,NA,ENSO,NA,NA,Oceanic Nino Index
15-3-1951 00:00,1951,3,-0.17,NA,ENSO,NA,NA,Oceanic Nino Index
15-4-1951 00:00,1951,4,0.18,NA,ENSO,NA,NA,Oceanic Nino Index
15-5-1951 00:00,1951,5,0.36,NA,ENSO,NA,NA,Oceanic Nino Index
15-6-1951 00:00,1951,6,0.58,NA,ENSO,NA,NA,Oceanic Nino Index
15-7-1951 00:00,1951,7,0.7,NA,ENSO,NA,NA,Oceanic Nino Index
15-8-1951 00:00,1951,8,0.89,NA,ENSO,NA,NA,Oceanic Nino Index
15-9-1951 00:00,1951,9,0.99,NA,ENSO,NA,NA,Oceanic Nino Index
15-10-1951 00:00,1951,10,1.15,NA,ENSO,NA,NA,Oceanic Nino Index
15-11-1951 00:00,1951,11,1.04,NA,ENSO,NA,NA,Oceanic Nino Index
15-12-1951 00:00,1951,12,0.81,NA,ENSO,NA,NA,Oceanic Nino Index
15-1-1952 00:00,1952,1,0.53,NA,ENSO,NA,NA,Oceanic Nino Index
15-2-1952 00:00,1952,2,0.37,NA,ENSO,NA,NA,Oceanic Nino Index
15-3-1952 00:00,1952,3,0.34,NA,ENSO,NA,NA,Oceanic Nino Index
15-4-1952 00:00,1952,4,0.29,NA,ENSO,NA,NA,Oceanic Nino Index
15-5-1952 00:00,1952,5,0.2,NA,ENSO,NA,NA,Oceanic Nino Index
15-6-1952 00:00,1952,6,0,NA,ENSO,NA,NA,Oceanic Nino Index
15-7-1952 00:00,1952,7,-0.08,NA,ENSO,NA,NA,Oceanic Nino Index
15-8-1952 00:00,1952,8,0,NA,ENSO,NA,NA,Oceanic Nino Index
15-9-1952 00:00,1952,9,0.15,NA,ENSO,NA,NA,Oceanic Nino Index
15-10-1952 00:00,1952,10,0.1,NA,ENSO,NA,NA,Oceanic Nino Index
15-11-1952 00:00,1952,11,0.04,NA,ENSO,NA,NA,Oceanic Nino Index
15-12-1952 00:00,1952,12,0.15,NA,ENSO,NA,NA,Oceanic Nino Index
15-1-1953 00:00,1953,1,0.4,NA,ENSO,NA,NA,Oceanic Nino Index
15-2-1953 00:00,1953,2,0.6,NA,ENSO,NA,NA,Oceanic Nino Index
15-3-1953 00:00,1953,3,0.63,NA,ENSO,NA,NA,Oceanic Nino Index
15-4-1953 00:00,1953,4,0.66,NA,ENSO,NA,NA,Oceanic Nino Index
15-5-1953 00:00,1953,5,0.75,NA,ENSO,NA,NA,Oceanic Nino Index
15-6-1953 00:00,1953,6,0.77,NA,ENSO,NA,NA,Oceanic Nino Index
15-7-1953 00:00,1953,7,0.75,NA,ENSO,NA,NA,Oceanic Nino Index
15-8-1953 00:00,1953,8,0.73,NA,ENSO,NA,NA,Oceanic Nino Index
15-9-1953 00:00,1953,9,0.78,NA,ENSO,NA,NA,Oceanic Nino Index
15-10-1953 00:00,1953,10,0.84,NA,ENSO,NA,NA,Oceanic Nino Index
15-11-1953 00:00,1953,11,0.84,NA,ENSO,NA,NA,Oceanic Nino Index
15-12-1953 00:00,1953,12,0.81,NA,ENSO,NA,NA,Oceanic Nino Index
15-1-1954 00:00,1954,1,0.76,NA,ENSO,NA,NA,Oceanic Nino Index
15-2-1954 00:00,1954,2,0.47,NA,ENSO,NA,NA,Oceanic Nino Index
15-3-1954 00:00,1954,3,-0.05,NA,ENSO,NA,NA,Oceanic Nino Index
15-4-1954 00:00,1954,4,-0.41,NA,ENSO,NA,NA,Oceanic Nino Index
15-5-1954 00:00,1954,5,-0.54,NA,ENSO,NA,NA,Oceanic Nino Index
15-6-1954 00:00,1954,6,-0.5,NA,ENSO,NA,NA,Oceanic Nino Index
15-7-1954 00:00,1954,7,-0.64,NA,ENSO,NA,NA,Oceanic Nino Index
15-8-1954 00:00,1954,8,-0.84,NA,ENSO,NA,NA,Oceanic Nino Index
15-9-1954 00:00,1954,9,-0.9,NA,ENSO,NA,NA,Oceanic Nino Index
15-10-1954 00:00,1954,10,-0.77,NA,ENSO,NA,NA,Oceanic Nino Index
15-11-1954 00:00,1954,11,-0.73,NA,ENSO,NA,NA,Oceanic Nino Index
15-12-1954 00:00,1954,12,-0.66,NA,ENSO,NA,NA,Oceanic Nino Index
15-1-1955 00:00,1955,1,-0.68,NA,ENSO,NA,NA,Oceanic Nino Index
15-2-1955 00:00,1955,2,-0.62,NA,ENSO,NA,NA,Oceanic Nino Index
15-3-1955 00:00,1955,3,-0.69,NA,ENSO,NA,NA,Oceanic Nino Index
15-4-1955 00:00,1955,4,-0.8,NA,ENSO,NA,NA,Oceanic Nino Index
15-5-1955 00:00,1955,5,-0.79,NA,ENSO,NA,NA,Oceanic Nino Index
15-6-1955 00:00,1955,6,-0.72,NA,ENSO,NA,NA,Oceanic Nino Index
15-7-1955 00:00,1955,7,-0.68,NA,ENSO,NA,NA,Oceanic Nino Index
15-8-1955 00:00,1955,8,-0.75,NA,ENSO,NA,NA,Oceanic Nino Index
15-9-1955 00:00,1955,9,-1.09,NA,ENSO,NA,NA,Oceanic Nino Index
15-10-1955 00:00,1955,10,-1.42,NA,ENSO,NA,NA,Oceanic Nino Index
15-11-1955 00:00,1955,11,-1.67,NA,ENSO,NA,NA,Oceanic Nino Index
15-12-1955 00:00,1955,12,-1.47,NA,ENSO,NA,NA,Oceanic Nino Index
15-1-1956 00:00,1956,1,-1.11,NA,ENSO,NA,NA,Oceanic Nino Index
15-2-1956 00:00,1956,2,-0.76,NA,ENSO,NA,NA,Oceanic Nino Index
15-3-1956 00:00,1956,3,-0.63,NA,ENSO,NA,NA,Oceanic Nino Index
15-4-1956 00:00,1956,4,-0.54,NA,ENSO,NA,NA,Oceanic Nino Index
15-5-1956 00:00,1956,5,-0.52,NA,ENSO,NA,NA,Oceanic Nino Index
15-6-1956 00:00,1956,6,-0.51,NA,ENSO,NA,NA,Oceanic Nino Index
15-7-1956 00:00,1956,7,-0.57,NA,ENSO,NA,NA,Oceanic Nino Index
15-8-1956 00:00,1956,8,-0.55,NA,ENSO,NA,NA,Oceanic Nino Index
15-9-1956 00:00,1956,9,-0.46,NA,ENSO,NA,NA,Oceanic Nino Index
15-10-1956 00:00,1956,10,-0.42,NA,ENSO,NA,NA,Oceanic Nino Index
15-11-1956 00:00,1956,11,-0.43,NA,ENSO,NA,NA,Oceanic Nino Index
15-12-1956 00:00,1956,12,-0.43,NA,ENSO,NA,NA,Oceanic Nino Index
15-1-1957 00:00,1957,1,-0.25,NA,ENSO,NA,NA,Oceanic Nino Index
15-2-1957 00:00,1957,2,0.06,NA,ENSO,NA,NA,Oceanic Nino Index
15-3-1957 00:00,1957,3,0.41,NA,ENSO,NA,NA,Oceanic Nino Index
15-4-1957 00:00,1957,4,0.72,NA,ENSO,NA,NA,Oceanic Nino Index
15-5-1957 00:00,1957,5,0.92,NA,ENSO,NA,NA,Oceanic Nino Index
15-6-1957 00:00,1957,6,1.11,NA,ENSO,NA,NA,Oceanic Nino Index
15-7-1957 00:00,1957,7,1.25,NA,ENSO,NA,NA,Oceanic Nino Index
15-8-1957 00:00,1957,8,1.32,NA,ENSO,NA,NA,Oceanic Nino Index
15-9-1957 00:00,1957,9,1.33,NA,ENSO,NA,NA,Oceanic Nino Index
15-10-1957 00:00,1957,10,1.39,NA,ENSO,NA,NA,Oceanic Nino Index
15-11-1957 00:00,1957,11,1.53,NA,ENSO,NA,NA,Oceanic Nino Index
15-12-1957 00:00,1957,12,1.74,NA,ENSO,NA,NA,Oceanic Nino Index
15-1-1958 00:00,1958,1,1.81,NA,ENSO,NA,NA,Oceanic Nino Index
15-2-1958 00:00,1958,2,1.66,NA,ENSO,NA,NA,Oceanic Nino Index
15-3-1958 00:00,1958,3,1.27,NA,ENSO,NA,NA,Oceanic Nino Index
15-4-1958 00:00,1958,4,0.93,NA,ENSO,NA,NA,Oceanic Nino Index
15-5-1958 00:00,1958,5,0.74,NA,ENSO,NA,NA,Oceanic Nino Index
15-6-1958 00:00,1958,6,0.64,NA,ENSO,NA,NA,Oceanic Nino Index
15-7-1958 00:00,1958,7,0.57,NA,ENSO,NA,NA,Oceanic Nino Index
15-8-1958 00:00,1958,8,0.43,NA,ENSO,NA,NA,Oceanic Nino Index
15-9-1958 00:00,1958,9,0.39,NA,ENSO,NA,NA,Oceanic Nino Index
15-10-1958 00:00,1958,10,0.44,NA,ENSO,NA,NA,Oceanic Nino Index
15-11-1958 00:00,1958,11,0.5,NA,ENSO,NA,NA,Oceanic Nino Index
15-12-1958 00:00,1958,12,0.61,NA,ENSO,NA,NA,Oceanic Nino Index
15-1-1959 00:00,1959,1,0.61,NA,ENSO,NA,NA,Oceanic Nino Index
15-2-1959 00:00,1959,2,0.62,NA,ENSO,NA,NA,Oceanic Nino Index
15-3-1959 00:00,1959,3,0.52,NA,ENSO,NA,NA,Oceanic Nino Index
15-4-1959 00:00,1959,4,0.33,NA,ENSO,NA,NA,Oceanic Nino Index
15-5-1959 00:00,1959,5,0.2,NA,ENSO,NA,NA,Oceanic Nino Index
15-6-1959 00:00,1959,6,-0.07,NA,ENSO,NA,NA,Oceanic Nino Index
15-7-1959 00:00,1959,7,-0.18,NA,ENSO,NA,NA,Oceanic Nino Index
15-8-1959 00:00,1959,8,-0.28,NA,ENSO,NA,NA,Oceanic Nino Index
15-9-1959 00:00,1959,9,-0.09,NA,ENSO,NA,NA,Oceanic Nino Index
15-10-1959 00:00,1959,10,-0.03,NA,ENSO,NA,NA,Oceanic Nino Index
15-11-1959 00:00,1959,11,0.05,NA,ENSO,NA,NA,Oceanic Nino Index
15-12-1959 00:00,1959,12,-0.04,NA,ENSO,NA,NA,Oceanic Nino Index
15-1-1960 00:00,1960,1,-0.1,NA,ENSO,NA,NA,Oceanic Nino Index
15-2-1960 00:00,1960,2,-0.1,NA,ENSO,NA,NA,Oceanic Nino Index
15-3-1960 00:00,1960,3,-0.07,NA,ENSO,NA,NA,Oceanic Nino Index
15-4-1960 00:00,1960,4,0.03,NA,ENSO,NA,NA,Oceanic Nino Index
15-5-1960 00:00,1960,5,0.02,NA,ENSO,NA,NA,Oceanic Nino Index
15-6-1960 00:00,1960,6,0.03,NA,ENSO,NA,NA,Oceanic Nino Index
15-7-1960 00:00,1960,7,0.13,NA,ENSO,NA,NA,Oceanic Nino Index
15-8-1960 00:00,1960,8,0.24,NA,ENSO,NA,NA,Oceanic Nino Index
15-9-1960 00:00,1960,9,0.27,NA,ENSO,NA,NA,Oceanic Nino Index
15-10-1960 00:00,1960,10,0.2,NA,ENSO,NA,NA,Oceanic Nino Index
15-11-1960 00:00,1960,11,0.12,NA,ENSO,NA,NA,Oceanic Nino Index
15-12-1960 00:00,1960,12,0.05,NA,ENSO,NA,NA,Oceanic Nino Index
15-1-1961 00:00,1961,1,0.04,NA,ENSO,NA,NA,Oceanic Nino Index
15-2-1961 00:00,1961,2,0.03,NA,ENSO,NA,NA,Oceanic Nino Index
15-3-1961 00:00,1961,3,0.04,NA,ENSO,NA,NA,Oceanic Nino Index
15-4-1961 00:00,1961,4,0.09,NA,ENSO,NA,NA,Oceanic Nino Index
15-5-1961 00:00,1961,5,0.23,NA,ENSO,NA,NA,Oceanic Nino Index
15-6-1961 00:00,1961,6,0.27,NA,ENSO,NA,NA,Oceanic Nino Index
15-7-1961 00:00,1961,7,0.14,NA,ENSO,NA,NA,Oceanic Nino Index
15-8-1961 00:00,1961,8,-0.13,NA,ENSO,NA,NA,Oceanic Nino Index
15-9-1961 00:00,1961,9,-0.3,NA,ENSO,NA,NA,Oceanic Nino Index
15-10-1961 00:00,1961,10,-0.26,NA,ENSO,NA,NA,Oceanic Nino Index
15-11-1961 00:00,1961,11,-0.19,NA,ENSO,NA,NA,Oceanic Nino Index
15-12-1961 00:00,1961,12,-0.16,NA,ENSO,NA,NA,Oceanic Nino Index
15-1-1962 00:00,1962,1,-0.24,NA,ENSO,NA,NA,Oceanic Nino Index
15-2-1962 00:00,1962,2,-0.22,NA,ENSO,NA,NA,Oceanic Nino Index
15-3-1962 00:00,1962,3,-0.2,NA,ENSO,NA,NA,Oceanic Nino Index
15-4-1962 00:00,1962,4,-0.26,NA,ENSO,NA,NA,Oceanic Nino Index
15-5-1962 00:00,1962,5,-0.28,NA,ENSO,NA,NA,Oceanic Nino Index
15-6-1962 00:00,1962,6,-0.2,NA,ENSO,NA,NA,Oceanic Nino Index
15-7-1962 00:00,1962,7,-0.04,NA,ENSO,NA,NA,Oceanic Nino Index
15-8-1962 00:00,1962,8,-0.07,NA,ENSO,NA,NA,Oceanic Nino Index
15-9-1962 00:00,1962,9,-0.11,NA,ENSO,NA,NA,Oceanic Nino Index
15-10-1962 00:00,1962,10,-0.22,NA,ENSO,NA,NA,Oceanic Nino Index
15-11-1962 00:00,1962,11,-0.31,NA,ENSO,NA,NA,Oceanic Nino Index
15-12-1962 00:00,1962,12,-0.43,NA,ENSO,NA,NA,Oceanic Nino Index
15-1-1963 00:00,1963,1,-0.4,NA,ENSO,NA,NA,Oceanic Nino Index
15-2-1963 00:00,1963,2,-0.15,NA,ENSO,NA,NA,Oceanic Nino Index
15-3-1963 00:00,1963,3,0.15,NA,ENSO,NA,NA,Oceanic Nino Index
15-4-1963 00:00,1963,4,0.27,NA,ENSO,NA,NA,Oceanic Nino Index
15-5-1963 00:00,1963,5,0.31,NA,ENSO,NA,NA,Oceanic Nino Index
15-6-1963 00:00,1963,6,0.52,NA,ENSO,NA,NA,Oceanic Nino Index
15-7-1963 00:00,1963,7,0.86,NA,ENSO,NA,NA,Oceanic Nino Index
15-8-1963 00:00,1963,8,1.14,NA,ENSO,NA,NA,Oceanic Nino Index
15-9-1963 00:00,1963,9,1.22,NA,ENSO,NA,NA,Oceanic Nino Index
15-10-1963 00:00,1963,10,1.29,NA,ENSO,NA,NA,Oceanic Nino Index
15-11-1963 00:00,1963,11,1.37,NA,ENSO,NA,NA,Oceanic Nino Index
15-12-1963 00:00,1963,12,1.31,NA,ENSO,NA,NA,Oceanic Nino Index
15-1-1964 00:00,1964,1,1.07,NA,ENSO,NA,NA,Oceanic Nino Index
15-2-1964 00:00,1964,2,0.62,NA,ENSO,NA,NA,Oceanic Nino Index
15-3-1964 00:00,1964,3,0.12,NA,ENSO,NA,NA,Oceanic Nino Index
15-4-1964 00:00,1964,4,-0.33,NA,ENSO,NA,NA,Oceanic Nino Index
15-5-1964 00:00,1964,5,-0.58,NA,ENSO,NA,NA,Oceanic Nino Index
15-6-1964 00:00,1964,6,-0.58,NA,ENSO,NA,NA,Oceanic Nino Index
15-7-1964 00:00,1964,7,-0.6,NA,ENSO,NA,NA,Oceanic Nino Index
15-8-1964 00:00,1964,8,-0.66,NA,ENSO,NA,NA,Oceanic Nino Index
15-9-1964 00:00,1964,9,-0.76,NA,ENSO,NA,NA,Oceanic Nino Index
15-10-1964 00:00,1964,10,-0.8,NA,ENSO,NA,NA,Oceanic Nino Index
15-11-1964 00:00,1964,11,-0.82,NA,ENSO,NA,NA,Oceanic Nino Index
15-12-1964 00:00,1964,12,-0.78,NA,ENSO,NA,NA,Oceanic Nino Index
15-1-1965 00:00,1965,1,-0.59,NA,ENSO,NA,NA,Oceanic Nino Index
15-2-1965 00:00,1965,2,-0.28,NA,ENSO,NA,NA,Oceanic Nino Index
15-3-1965 00:00,1965,3,-0.07,NA,ENSO,NA,NA,Oceanic Nino Index
15-4-1965 00:00,1965,4,0.18,NA,ENSO,NA,NA,Oceanic Nino Index
15-5-1965 00:00,1965,5,0.46,NA,ENSO,NA,NA,Oceanic Nino Index
15-6-1965 00:00,1965,6,0.83,NA,ENSO,NA,NA,Oceanic Nino Index
15-7-1965 00:00,1965,7,1.22,NA,ENSO,NA,NA,Oceanic Nino Index
15-8-1965 00:00,1965,8,1.54,NA,ENSO,NA,NA,Oceanic Nino Index
15-9-1965 00:00,1965,9,1.85,NA,ENSO,NA,NA,Oceanic Nino Index
15-10-1965 00:00,1965,10,1.98,NA,ENSO,NA,NA,Oceanic Nino Index
15-11-1965 00:00,1965,11,1.97,NA,ENSO,NA,NA,Oceanic Nino Index
15-12-1965 00:00,1965,12,1.72,NA,ENSO,NA,NA,Oceanic Nino Index
15-1-1966 00:00,1966,1,1.37,NA,ENSO,NA,NA,Oceanic Nino Index
15-2-1966 00:00,1966,2,1.17,NA,ENSO,NA,NA,Oceanic Nino Index
15-3-1966 00:00,1966,3,0.98,NA,ENSO,NA,NA,Oceanic Nino Index
15-4-1966 00:00,1966,4,0.66,NA,ENSO,NA,NA,Oceanic Nino Index
15-5-1966 00:00,1966,5,0.35,NA,ENSO,NA,NA,Oceanic Nino Index
15-6-1966 00:00,1966,6,0.24,NA,ENSO,NA,NA,Oceanic Nino Index
15-7-1966 00:00,1966,7,0.24,NA,ENSO,NA,NA,Oceanic Nino Index
15-8-1966 00:00,1966,8,0.12,NA,ENSO,NA,NA,Oceanic Nino Index
15-9-1966 00:00,1966,9,-0.05,NA,ENSO,NA,NA,Oceanic Nino Index
15-10-1966 00:00,1966,10,-0.1,NA,ENSO,NA,NA,Oceanic Nino Index
15-11-1966 00:00,1966,11,-0.18,NA,ENSO,NA,NA,Oceanic Nino Index
15-12-1966 00:00,1966,12,-0.3,NA,ENSO,NA,NA,Oceanic Nino Index
15-1-1967 00:00,1967,1,-0.41,NA,ENSO,NA,NA,Oceanic Nino Index
15-2-1967 00:00,1967,2,-0.48,NA,ENSO,NA,NA,Oceanic Nino Index
15-3-1967 00:00,1967,3,-0.53,NA,ENSO,NA,NA,Oceanic Nino Index
15-4-1967 00:00,1967,4,-0.45,NA,ENSO,NA,NA,Oceanic Nino Index
15-5-1967 00:00,1967,5,-0.24,NA,ENSO,NA,NA,Oceanic Nino Index
15-6-1967 00:00,1967,6,0,NA,ENSO,NA,NA,Oceanic Nino Index
15-7-1967 00:00,1967,7,0.05,NA,ENSO,NA,NA,Oceanic Nino Index
15-8-1967 00:00,1967,8,-0.16,NA,ENSO,NA,NA,Oceanic Nino Index
15-9-1967 00:00,1967,9,-0.3,NA,ENSO,NA,NA,Oceanic Nino Index
15-10-1967 00:00,1967,10,-0.38,NA,ENSO,NA,NA,Oceanic Nino Index
15-11-1967 00:00,1967,11,-0.34,NA,ENSO,NA,NA,Oceanic Nino Index
15-12-1967 00:00,1967,12,-0.44,NA,ENSO,NA,NA,Oceanic Nino Index
15-1-1968 00:00,1968,1,-0.64,NA,ENSO,NA,NA,Oceanic Nino Index
15-2-1968 00:00,1968,2,-0.74,NA,ENSO,NA,NA,Oceanic Nino Index
15-3-1968 00:00,1968,3,-0.62,NA,ENSO,NA,NA,Oceanic Nino Index
15-4-1968 00:00,1968,4,-0.44,NA,ENSO,NA,NA,Oceanic Nino Index
15-5-1968 00:00,1968,5,-0.04,NA,ENSO,NA,NA,Oceanic Nino Index
15-6-1968 00:00,1968,6,0.28,NA,ENSO,NA,NA,Oceanic Nino Index
15-7-1968 00:00,1968,7,0.58,NA,ENSO,NA,NA,Oceanic Nino Index
15-8-1968 00:00,1968,8,0.53,NA,ENSO,NA,NA,Oceanic Nino Index
15-9-1968 00:00,1968,9,0.45,NA,ENSO,NA,NA,Oceanic Nino Index
15-10-1968 00:00,1968,10,0.55,NA,ENSO,NA,NA,Oceanic Nino Index
15-11-1968 00:00,1968,11,0.73,NA,ENSO,NA,NA,Oceanic Nino Index
15-12-1968 00:00,1968,12,0.98,NA,ENSO,NA,NA,Oceanic Nino Index
15-1-1969 00:00,1969,1,1.13,NA,ENSO,NA,NA,Oceanic Nino Index
15-2-1969 00:00,1969,2,1.09,NA,ENSO,NA,NA,Oceanic Nino Index
15-3-1969 00:00,1969,3,0.95,NA,ENSO,NA,NA,Oceanic Nino Index
15-4-1969 00:00,1969,4,0.77,NA,ENSO,NA,NA,Oceanic Nino Index
15-5-1969 00:00,1969,5,0.61,NA,ENSO,NA,NA,Oceanic Nino Index
15-6-1969 00:00,1969,6,0.43,NA,ENSO,NA,NA,Oceanic Nino Index
15-7-1969 00:00,1969,7,0.36,NA,ENSO,NA,NA,Oceanic Nino Index
15-8-1969 00:00,1969,8,0.51,NA,ENSO,NA,NA,Oceanic Nino Index
15-9-1969 00:00,1969,9,0.79,NA,ENSO,NA,NA,Oceanic Nino Index
15-10-1969 00:00,1969,10,0.86,NA,ENSO,NA,NA,Oceanic Nino Index
15-11-1969 00:00,1969,11,0.81,NA,ENSO,NA,NA,Oceanic Nino Index
15-12-1969 00:00,1969,12,0.63,NA,ENSO,NA,NA,Oceanic Nino Index
15-1-1970 00:00,1970,1,0.51,NA,ENSO,NA,NA,Oceanic Nino Index
15-2-1970 00:00,1970,2,0.34,NA,ENSO,NA,NA,Oceanic Nino Index
15-3-1970 00:00,1970,3,0.29,NA,ENSO,NA,NA,Oceanic Nino Index
15-4-1970 00:00,1970,4,0.19,NA,ENSO,NA,NA,Oceanic Nino Index
15-5-1970 00:00,1970,5,0.04,NA,ENSO,NA,NA,Oceanic Nino Index
15-6-1970 00:00,1970,6,-0.3,NA,ENSO,NA,NA,Oceanic Nino Index
15-7-1970 00:00,1970,7,-0.63,NA,ENSO,NA,NA,Oceanic Nino Index
15-8-1970 00:00,1970,8,-0.76,NA,ENSO,NA,NA,Oceanic Nino Index
15-9-1970 00:00,1970,9,-0.77,NA,ENSO,NA,NA,Oceanic Nino Index
15-10-1970 00:00,1970,10,-0.74,NA,ENSO,NA,NA,Oceanic Nino Index
15-11-1970 00:00,1970,11,-0.86,NA,ENSO,NA,NA,Oceanic Nino Index
15-12-1970 00:00,1970,12,-1.15,NA,ENSO,NA,NA,Oceanic Nino Index
15-1-1971 00:00,1971,1,-1.36,NA,ENSO,NA,NA,Oceanic Nino Index
15-2-1971 00:00,1971,2,-1.38,NA,ENSO,NA,NA,Oceanic Nino Index
15-3-1971 00:00,1971,3,-1.12,NA,ENSO,NA,NA,Oceanic Nino Index
15-4-1971 00:00,1971,4,-0.85,NA,ENSO,NA,NA,Oceanic Nino Index
15-5-1971 00:00,1971,5,-0.73,NA,ENSO,NA,NA,Oceanic Nino Index
15-6-1971 00:00,1971,6,-0.74,NA,ENSO,NA,NA,Oceanic Nino Index
15-7-1971 00:00,1971,7,-0.8,NA,ENSO,NA,NA,Oceanic Nino Index
15-8-1971 00:00,1971,8,-0.77,NA,ENSO,NA,NA,Oceanic Nino Index
15-9-1971 00:00,1971,9,-0.82,NA,ENSO,NA,NA,Oceanic Nino Index
15-10-1971 00:00,1971,10,-0.85,NA,ENSO,NA,NA,Oceanic Nino Index
15-11-1971 00:00,1971,11,-0.96,NA,ENSO,NA,NA,Oceanic Nino Index
15-12-1971 00:00,1971,12,-0.9,NA,ENSO,NA,NA,Oceanic Nino Index
15-1-1972 00:00,1972,1,-0.71,NA,ENSO,NA,NA,Oceanic Nino Index
15-2-1972 00:00,1972,2,-0.35,NA,ENSO,NA,NA,Oceanic Nino Index
15-3-1972 00:00,1972,3,0.06,NA,ENSO,NA,NA,Oceanic Nino Index
15-4-1972 00:00,1972,4,0.41,NA,ENSO,NA,NA,Oceanic Nino Index
15-5-1972 00:00,1972,5,0.67,NA,ENSO,NA,NA,Oceanic Nino Index
15-6-1972 00:00,1972,6,0.92,NA,ENSO,NA,NA,Oceanic Nino Index
15-7-1972 00:00,1972,7,1.13,NA,ENSO,NA,NA,Oceanic Nino Index
15-8-1972 00:00,1972,8,1.37,NA,ENSO,NA,NA,Oceanic Nino Index
15-9-1972 00:00,1972,9,1.58,NA,ENSO,NA,NA,Oceanic Nino Index
15-10-1972 00:00,1972,10,1.84,NA,ENSO,NA,NA,Oceanic Nino Index
15-11-1972 00:00,1972,11,2.09,NA,ENSO,NA,NA,Oceanic Nino Index
15-12-1972 00:00,1972,12,2.12,NA,ENSO,NA,NA,Oceanic Nino Index
15-1-1973 00:00,1973,1,1.84,NA,ENSO,NA,NA,Oceanic Nino Index
15-2-1973 00:00,1973,2,1.25,NA,ENSO,NA,NA,Oceanic Nino Index
15-3-1973 00:00,1973,3,0.54,NA,ENSO,NA,NA,Oceanic Nino Index
15-4-1973 00:00,1973,4,-0.1,NA,ENSO,NA,NA,Oceanic Nino Index
15-5-1973 00:00,1973,5,-0.54,NA,ENSO,NA,NA,Oceanic Nino Index
15-6-1973 00:00,1973,6,-0.87,NA,ENSO,NA,NA,Oceanic Nino Index
15-7-1973 00:00,1973,7,-1.11,NA,ENSO,NA,NA,Oceanic Nino Index
15-8-1973 00:00,1973,8,-1.28,NA,ENSO,NA,NA,Oceanic Nino Index
15-9-1973 00:00,1973,9,-1.45,NA,ENSO,NA,NA,Oceanic Nino Index
15-10-1973 00:00,1973,10,-1.71,NA,ENSO,NA,NA,Oceanic Nino Index
15-11-1973 00:00,1973,11,-1.95,NA,ENSO,NA,NA,Oceanic Nino Index
15-12-1973 00:00,1973,12,-2.03,NA,ENSO,NA,NA,Oceanic Nino Index
15-1-1974 00:00,1974,1,-1.84,NA,ENSO,NA,NA,Oceanic Nino Index
15-2-1974 00:00,1974,2,-1.55,NA,ENSO,NA,NA,Oceanic Nino Index
15-3-1974 00:00,1974,3,-1.23,NA,ENSO,NA,NA,Oceanic Nino Index
15-4-1974 00:00,1974,4,-1.03,NA,ENSO,NA,NA,Oceanic Nino Index
15-5-1974 00:00,1974,5,-0.91,NA,ENSO,NA,NA,Oceanic Nino Index
15-6-1974 00:00,1974,6,-0.77,NA,ENSO,NA,NA,Oceanic Nino Index
15-7-1974 00:00,1974,7,-0.53,NA,ENSO,NA,NA,Oceanic Nino Index
15-8-1974 00:00,1974,8,-0.37,NA,ENSO,NA,NA,Oceanic Nino Index
15-9-1974 00:00,1974,9,-0.41,NA,ENSO,NA,NA,Oceanic Nino Index
15-10-1974 00:00,1974,10,-0.61,NA,ENSO,NA,NA,Oceanic Nino Index
15-11-1974 00:00,1974,11,-0.75,NA,ENSO,NA,NA,Oceanic Nino Index
15-12-1974 00:00,1974,12,-0.64,NA,ENSO,NA,NA,Oceanic Nino Index
15-1-1975 00:00,1975,1,-0.54,NA,ENSO,NA,NA,Oceanic Nino Index
15-2-1975 00:00,1975,2,-0.57,NA,ENSO,NA,NA,Oceanic Nino Index
15-3-1975 00:00,1975,3,-0.65,NA,ENSO,NA,NA,Oceanic Nino Index
15-4-1975 00:00,1975,4,-0.73,NA,ENSO,NA,NA,Oceanic Nino Index
15-5-1975 00:00,1975,5,-0.83,NA,ENSO,NA,NA,Oceanic Nino Index
15-6-1975 00:00,1975,6,-0.98,NA,ENSO,NA,NA,Oceanic Nino Index
15-7-1975 00:00,1975,7,-1.13,NA,ENSO,NA,NA,Oceanic Nino Index
15-8-1975 00:00,1975,8,-1.2,NA,ENSO,NA,NA,Oceanic Nino Index
15-9-1975 00:00,1975,9,-1.37,NA,ENSO,NA,NA,Oceanic Nino Index
15-10-1975 00:00,1975,10,-1.43,NA,ENSO,NA,NA,Oceanic Nino Index
15-11-1975 00:00,1975,11,-1.55,NA,ENSO,NA,NA,Oceanic Nino Index
15-12-1975 00:00,1975,12,-1.65,NA,ENSO,NA,NA,Oceanic Nino Index
15-1-1976 00:00,1976,1,-1.56,NA,ENSO,NA,NA,Oceanic Nino Index
15-2-1976 00:00,1976,2,-1.17,NA,ENSO,NA,NA,Oceanic Nino Index
15-3-1976 00:00,1976,3,-0.73,NA,ENSO,NA,NA,Oceanic Nino Index
15-4-1976 00:00,1976,4,-0.47,NA,ENSO,NA,NA,Oceanic Nino Index
15-5-1976 00:00,1976,5,-0.28,NA,ENSO,NA,NA,Oceanic Nino Index
15-6-1976 00:00,1976,6,-0.05,NA,ENSO,NA,NA,Oceanic Nino Index
15-7-1976 00:00,1976,7,0.18,NA,ENSO,NA,NA,Oceanic Nino Index
15-8-1976 00:00,1976,8,0.35,NA,ENSO,NA,NA,Oceanic Nino Index
15-9-1976 00:00,1976,9,0.62,NA,ENSO,NA,NA,Oceanic Nino Index
15-10-1976 00:00,1976,10,0.81,NA,ENSO,NA,NA,Oceanic Nino Index
15-11-1976 00:00,1976,11,0.86,NA,ENSO,NA,NA,Oceanic Nino Index
15-12-1976 00:00,1976,12,0.85,NA,ENSO,NA,NA,Oceanic Nino Index
15-1-1977 00:00,1977,1,0.71,NA,ENSO,NA,NA,Oceanic Nino Index
15-2-1977 00:00,1977,2,0.64,NA,ENSO,NA,NA,Oceanic Nino Index
15-3-1977 00:00,1977,3,0.34,NA,ENSO,NA,NA,Oceanic Nino Index
15-4-1977 00:00,1977,4,0.23,NA,ENSO,NA,NA,Oceanic Nino Index
15-5-1977 00:00,1977,5,0.21,NA,ENSO,NA,NA,Oceanic Nino Index
15-6-1977 00:00,1977,6,0.34,NA,ENSO,NA,NA,Oceanic Nino Index
15-7-1977 00:00,1977,7,0.35,NA,ENSO,NA,NA,Oceanic Nino Index
15-8-1977 00:00,1977,8,0.42,NA,ENSO,NA,NA,Oceanic Nino Index
15-9-1977 00:00,1977,9,0.57,NA,ENSO,NA,NA,Oceanic Nino Index
15-10-1977 00:00,1977,10,0.73,NA,ENSO,NA,NA,Oceanic Nino Index
15-11-1977 00:00,1977,11,0.81,NA,ENSO,NA,NA,Oceanic Nino Index
15-12-1977 00:00,1977,12,0.79,NA,ENSO,NA,NA,Oceanic Nino Index
15-1-1978 00:00,1978,1,0.69,NA,ENSO,NA,NA,Oceanic Nino Index
15-2-1978 00:00,1978,2,0.42,NA,ENSO,NA,NA,Oceanic Nino Index
15-3-1978 00:00,1978,3,0.06,NA,ENSO,NA,NA,Oceanic Nino Index
15-4-1978 00:00,1978,4,-0.18,NA,ENSO,NA,NA,Oceanic Nino Index
15-5-1978 00:00,1978,5,-0.31,NA,ENSO,NA,NA,Oceanic Nino Index
15-6-1978 00:00,1978,6,-0.29,NA,ENSO,NA,NA,Oceanic Nino Index
15-7-1978 00:00,1978,7,-0.36,NA,ENSO,NA,NA,Oceanic Nino Index
15-8-1978 00:00,1978,8,-0.42,NA,ENSO,NA,NA,Oceanic Nino Index
15-9-1978 00:00,1978,9,-0.42,NA,ENSO,NA,NA,Oceanic Nino Index
15-10-1978 00:00,1978,10,-0.29,NA,ENSO,NA,NA,Oceanic Nino Index
15-11-1978 00:00,1978,11,-0.08,NA,ENSO,NA,NA,Oceanic Nino Index
15-12-1978 00:00,1978,12,0,NA,ENSO,NA,NA,Oceanic Nino Index
15-1-1979 00:00,1979,1,0.03,NA,ENSO,NA,NA,Oceanic Nino Index
15-2-1979 00:00,1979,2,0.07,NA,ENSO,NA,NA,Oceanic Nino Index
15-3-1979 00:00,1979,3,0.2,NA,ENSO,NA,NA,Oceanic Nino Index
15-4-1979 00:00,1979,4,0.28,NA,ENSO,NA,NA,Oceanic Nino Index
15-5-1979 00:00,1979,5,0.23,NA,ENSO,NA,NA,Oceanic Nino Index
15-6-1979 00:00,1979,6,0.05,NA,ENSO,NA,NA,Oceanic Nino Index
15-7-1979 00:00,1979,7,0.04,NA,ENSO,NA,NA,Oceanic Nino Index
15-8-1979 00:00,1979,8,0.17,NA,ENSO,NA,NA,Oceanic Nino Index
15-9-1979 00:00,1979,9,0.33,NA,ENSO,NA,NA,Oceanic Nino Index
15-10-1979 00:00,1979,10,0.45,NA,ENSO,NA,NA,Oceanic Nino Index
15-11-1979 00:00,1979,11,0.52,NA,ENSO,NA,NA,Oceanic Nino Index
15-12-1979 00:00,1979,12,0.64,NA,ENSO,NA,NA,Oceanic Nino Index
15-1-1980 00:00,1980,1,0.59,NA,ENSO,NA,NA,Oceanic Nino Index
15-2-1980 00:00,1980,2,0.46,NA,ENSO,NA,NA,Oceanic Nino Index
15-3-1980 00:00,1980,3,0.34,NA,ENSO,NA,NA,Oceanic Nino Index
15-4-1980 00:00,1980,4,0.38,NA,ENSO,NA,NA,Oceanic Nino Index
15-5-1980 00:00,1980,5,0.48,NA,ENSO,NA,NA,Oceanic Nino Index
15-6-1980 00:00,1980,6,0.46,NA,ENSO,NA,NA,Oceanic Nino Index
15-7-1980 00:00,1980,7,0.25,NA,ENSO,NA,NA,Oceanic Nino Index
15-8-1980 00:00,1980,8,0.03,NA,ENSO,NA,NA,Oceanic Nino Index
15-9-1980 00:00,1980,9,-0.07,NA,ENSO,NA,NA,Oceanic Nino Index
15-10-1980 00:00,1980,10,0.02,NA,ENSO,NA,NA,Oceanic Nino Index
15-11-1980 00:00,1980,11,0.11,NA,ENSO,NA,NA,Oceanic Nino Index
15-12-1980 00:00,1980,12,-0.01,NA,ENSO,NA,NA,Oceanic Nino Index
15-1-1981 00:00,1981,1,-0.26,NA,ENSO,NA,NA,Oceanic Nino Index
15-2-1981 00:00,1981,2,-0.5,NA,ENSO,NA,NA,Oceanic Nino Index
15-3-1981 00:00,1981,3,-0.47,NA,ENSO,NA,NA,Oceanic Nino Index
15-4-1981 00:00,1981,4,-0.37,NA,ENSO,NA,NA,Oceanic Nino Index
15-5-1981 00:00,1981,5,-0.26,NA,ENSO,NA,NA,Oceanic Nino Index
15-6-1981 00:00,1981,6,-0.29,NA,ENSO,NA,NA,Oceanic Nino Index
15-7-1981 00:00,1981,7,-0.3,NA,ENSO,NA,NA,Oceanic Nino Index
15-8-1981 00:00,1981,8,-0.25,NA,ENSO,NA,NA,Oceanic Nino Index
15-9-1981 00:00,1981,9,-0.16,NA,ENSO,NA,NA,Oceanic Nino Index
15-10-1981 00:00,1981,10,-0.13,NA,ENSO,NA,NA,Oceanic Nino Index
15-11-1981 00:00,1981,11,-0.15,NA,ENSO,NA,NA,Oceanic Nino Index
15-12-1981 00:00,1981,12,-0.08,NA,ENSO,NA,NA,Oceanic Nino Index
15-1-1982 00:00,1982,1,-0.05,NA,ENSO,NA,NA,Oceanic Nino Index
15-2-1982 00:00,1982,2,0.07,NA,ENSO,NA,NA,Oceanic Nino Index
15-3-1982 00:00,1982,3,0.19,NA,ENSO,NA,NA,Oceanic Nino Index
15-4-1982 00:00,1982,4,0.47,NA,ENSO,NA,NA,Oceanic Nino Index
15-5-1982 00:00,1982,5,0.66,NA,ENSO,NA,NA,Oceanic Nino Index
15-6-1982 00:00,1982,6,0.72,NA,ENSO,NA,NA,Oceanic Nino Index
15-7-1982 00:00,1982,7,0.79,NA,ENSO,NA,NA,Oceanic Nino Index
15-8-1982 00:00,1982,8,1.07,NA,ENSO,NA,NA,Oceanic Nino Index
15-9-1982 00:00,1982,9,1.58,NA,ENSO,NA,NA,Oceanic Nino Index
15-10-1982 00:00,1982,10,1.97,NA,ENSO,NA,NA,Oceanic Nino Index
15-11-1982 00:00,1982,11,2.18,NA,ENSO,NA,NA,Oceanic Nino Index
15-12-1982 00:00,1982,12,2.23,NA,ENSO,NA,NA,Oceanic Nino Index
15-1-1983 00:00,1983,1,2.18,NA,ENSO,NA,NA,Oceanic Nino Index
15-2-1983 00:00,1983,2,1.92,NA,ENSO,NA,NA,Oceanic Nino Index
15-3-1983 00:00,1983,3,1.54,NA,ENSO,NA,NA,Oceanic Nino Index
15-4-1983 00:00,1983,4,1.29,NA,ENSO,NA,NA,Oceanic Nino Index
15-5-1983 00:00,1983,5,1.06,NA,ENSO,NA,NA,Oceanic Nino Index
15-6-1983 00:00,1983,6,0.72,NA,ENSO,NA,NA,Oceanic Nino Index
15-7-1983 00:00,1983,7,0.31,NA,ENSO,NA,NA,Oceanic Nino Index
15-8-1983 00:00,1983,8,-0.08,NA,ENSO,NA,NA,Oceanic Nino Index
15-9-1983 00:00,1983,9,-0.46,NA,ENSO,NA,NA,Oceanic Nino Index
15-10-1983 00:00,1983,10,-0.81,NA,ENSO,NA,NA,Oceanic Nino Index
15-11-1983 00:00,1983,11,-1,NA,ENSO,NA,NA,Oceanic Nino Index
15-12-1983 00:00,1983,12,-0.91,NA,ENSO,NA,NA,Oceanic Nino Index
15-1-1984 00:00,1984,1,-0.6,NA,ENSO,NA,NA,Oceanic Nino Index
15-2-1984 00:00,1984,2,-0.42,NA,ENSO,NA,NA,Oceanic Nino Index
15-3-1984 00:00,1984,3,-0.34,NA,ENSO,NA,NA,Oceanic Nino Index
15-4-1984 00:00,1984,4,-0.43,NA,ENSO,NA,NA,Oceanic Nino Index
15-5-1984 00:00,1984,5,-0.51,NA,ENSO,NA,NA,Oceanic Nino Index
15-6-1984 00:00,1984,6,-0.45,NA,ENSO,NA,NA,Oceanic Nino Index
15-7-1984 00:00,1984,7,-0.3,NA,ENSO,NA,NA,Oceanic Nino Index
15-8-1984 00:00,1984,8,-0.16,NA,ENSO,NA,NA,Oceanic Nino Index
15-9-1984 00:00,1984,9,-0.24,NA,ENSO,NA,NA,Oceanic Nino Index
15-10-1984 00:00,1984,10,-0.56,NA,ENSO,NA,NA,Oceanic Nino Index
15-11-1984 00:00,1984,11,-0.92,NA,ENSO,NA,NA,Oceanic Nino Index
15-12-1984 00:00,1984,12,-1.14,NA,ENSO,NA,NA,Oceanic Nino Index
15-1-1985 00:00,1985,1,-1.04,NA,ENSO,NA,NA,Oceanic Nino Index
15-2-1985 00:00,1985,2,-0.85,NA,ENSO,NA,NA,Oceanic Nino Index
15-3-1985 00:00,1985,3,-0.77,NA,ENSO,NA,NA,Oceanic Nino Index
15-4-1985 00:00,1985,4,-0.78,NA,ENSO,NA,NA,Oceanic Nino Index
15-5-1985 00:00,1985,5,-0.78,NA,ENSO,NA,NA,Oceanic Nino Index
15-6-1985 00:00,1985,6,-0.63,NA,ENSO,NA,NA,Oceanic Nino Index
15-7-1985 00:00,1985,7,-0.49,NA,ENSO,NA,NA,Oceanic Nino Index
15-8-1985 00:00,1985,8,-0.46,NA,ENSO,NA,NA,Oceanic Nino Index
15-9-1985 00:00,1985,9,-0.4,NA,ENSO,NA,NA,Oceanic Nino Index
15-10-1985 00:00,1985,10,-0.35,NA,ENSO,NA,NA,Oceanic Nino Index
15-11-1985 00:00,1985,11,-0.27,NA,ENSO,NA,NA,Oceanic Nino Index
15-12-1985 00:00,1985,12,-0.36,NA,ENSO,NA,NA,Oceanic Nino Index
15-1-1986 00:00,1986,1,-0.49,NA,ENSO,NA,NA,Oceanic Nino Index
15-2-1986 00:00,1986,2,-0.47,NA,ENSO,NA,NA,Oceanic Nino Index
15-3-1986 00:00,1986,3,-0.31,NA,ENSO,NA,NA,Oceanic Nino Index
15-4-1986 00:00,1986,4,-0.2,NA,ENSO,NA,NA,Oceanic Nino Index
15-5-1986 00:00,1986,5,-0.12,NA,ENSO,NA,NA,Oceanic Nino Index
15-6-1986 00:00,1986,6,-0.04,NA,ENSO,NA,NA,Oceanic Nino Index
15-7-1986 00:00,1986,7,0.22,NA,ENSO,NA,NA,Oceanic Nino Index
15-8-1986 00:00,1986,8,0.44,NA,ENSO,NA,NA,Oceanic Nino Index
15-9-1986 00:00,1986,9,0.71,NA,ENSO,NA,NA,Oceanic Nino Index
15-10-1986 00:00,1986,10,0.94,NA,ENSO,NA,NA,Oceanic Nino Index
15-11-1986 00:00,1986,11,1.14,NA,ENSO,NA,NA,Oceanic Nino Index
15-12-1986 00:00,1986,12,1.22,NA,ENSO,NA,NA,Oceanic Nino Index
15-1-1987 00:00,1987,1,1.23,NA,ENSO,NA,NA,Oceanic Nino Index
15-2-1987 00:00,1987,2,1.19,NA,ENSO,NA,NA,Oceanic Nino Index
15-3-1987 00:00,1987,3,1.06,NA,ENSO,NA,NA,Oceanic Nino Index
15-4-1987 00:00,1987,4,0.95,NA,ENSO,NA,NA,Oceanic Nino Index
15-5-1987 00:00,1987,5,0.97,NA,ENSO,NA,NA,Oceanic Nino Index
15-6-1987 00:00,1987,6,1.22,NA,ENSO,NA,NA,Oceanic Nino Index
15-7-1987 00:00,1987,7,1.51,NA,ENSO,NA,NA,Oceanic Nino Index
15-8-1987 00:00,1987,8,1.7,NA,ENSO,NA,NA,Oceanic Nino Index
15-9-1987 00:00,1987,9,1.65,NA,ENSO,NA,NA,Oceanic Nino Index
15-10-1987 00:00,1987,10,1.48,NA,ENSO,NA,NA,Oceanic Nino Index
15-11-1987 00:00,1987,11,1.25,NA,ENSO,NA,NA,Oceanic Nino Index
15-12-1987 00:00,1987,12,1.11,NA,ENSO,NA,NA,Oceanic Nino Index
15-1-1988 00:00,1988,1,0.81,NA,ENSO,NA,NA,Oceanic Nino Index
15-2-1988 00:00,1988,2,0.54,NA,ENSO,NA,NA,Oceanic Nino Index
15-3-1988 00:00,1988,3,0.14,NA,ENSO,NA,NA,Oceanic Nino Index
15-4-1988 00:00,1988,4,-0.31,NA,ENSO,NA,NA,Oceanic Nino Index
15-5-1988 00:00,1988,5,-0.88,NA,ENSO,NA,NA,Oceanic Nino Index
15-6-1988 00:00,1988,6,-1.3,NA,ENSO,NA,NA,Oceanic Nino Index
15-7-1988 00:00,1988,7,-1.3,NA,ENSO,NA,NA,Oceanic Nino Index
15-8-1988 00:00,1988,8,-1.11,NA,ENSO,NA,NA,Oceanic Nino Index
15-9-1988 00:00,1988,9,-1.19,NA,ENSO,NA,NA,Oceanic Nino Index
15-10-1988 00:00,1988,10,-1.48,NA,ENSO,NA,NA,Oceanic Nino Index
15-11-1988 00:00,1988,11,-1.8,NA,ENSO,NA,NA,Oceanic Nino Index
15-12-1988 00:00,1988,12,-1.85,NA,ENSO,NA,NA,Oceanic Nino Index
15-1-1989 00:00,1989,1,-1.69,NA,ENSO,NA,NA,Oceanic Nino Index
15-2-1989 00:00,1989,2,-1.43,NA,ENSO,NA,NA,Oceanic Nino Index
15-3-1989 00:00,1989,3,-1.08,NA,ENSO,NA,NA,Oceanic Nino Index
15-4-1989 00:00,1989,4,-0.83,NA,ENSO,NA,NA,Oceanic Nino Index
15-5-1989 00:00,1989,5,-0.58,NA,ENSO,NA,NA,Oceanic Nino Index
15-6-1989 00:00,1989,6,-0.4,NA,ENSO,NA,NA,Oceanic Nino Index
15-7-1989 00:00,1989,7,-0.31,NA,ENSO,NA,NA,Oceanic Nino Index
15-8-1989 00:00,1989,8,-0.27,NA,ENSO,NA,NA,Oceanic Nino Index
15-9-1989 00:00,1989,9,-0.24,NA,ENSO,NA,NA,Oceanic Nino Index
15-10-1989 00:00,1989,10,-0.22,NA,ENSO,NA,NA,Oceanic Nino Index
15-11-1989 00:00,1989,11,-0.16,NA,ENSO,NA,NA,Oceanic Nino Index
15-12-1989 00:00,1989,12,-0.05,NA,ENSO,NA,NA,Oceanic Nino Index
15-1-1990 00:00,1990,1,0.14,NA,ENSO,NA,NA,Oceanic Nino Index
15-2-1990 00:00,1990,2,0.21,NA,ENSO,NA,NA,Oceanic Nino Index
15-3-1990 00:00,1990,3,0.28,NA,ENSO,NA,NA,Oceanic Nino Index
15-4-1990 00:00,1990,4,0.29,NA,ENSO,NA,NA,Oceanic Nino Index
15-5-1990 00:00,1990,5,0.29,NA,ENSO,NA,NA,Oceanic Nino Index
15-6-1990 00:00,1990,6,0.31,NA,ENSO,NA,NA,Oceanic Nino Index
15-7-1990 00:00,1990,7,0.33,NA,ENSO,NA,NA,Oceanic Nino Index
15-8-1990 00:00,1990,8,0.38,NA,ENSO,NA,NA,Oceanic Nino Index
15-9-1990 00:00,1990,9,0.39,NA,ENSO,NA,NA,Oceanic Nino Index
15-10-1990 00:00,1990,10,0.35,NA,ENSO,NA,NA,Oceanic Nino Index
15-11-1990 00:00,1990,11,0.4,NA,ENSO,NA,NA,Oceanic Nino Index
15-12-1990 00:00,1990,12,0.41,NA,ENSO,NA,NA,Oceanic Nino Index
15-1-1991 00:00,1991,1,0.41,NA,ENSO,NA,NA,Oceanic Nino Index
15-2-1991 00:00,1991,2,0.26,NA,ENSO,NA,NA,Oceanic Nino Index
15-3-1991 00:00,1991,3,0.22,NA,ENSO,NA,NA,Oceanic Nino Index
15-4-1991 00:00,1991,4,0.26,NA,ENSO,NA,NA,Oceanic Nino Index
15-5-1991 00:00,1991,5,0.45,NA,ENSO,NA,NA,Oceanic Nino Index
15-6-1991 00:00,1991,6,0.64,NA,ENSO,NA,NA,Oceanic Nino Index
15-7-1991 00:00,1991,7,0.73,NA,ENSO,NA,NA,Oceanic Nino Index
15-8-1991 00:00,1991,8,0.64,NA,ENSO,NA,NA,Oceanic Nino Index
15-9-1991 00:00,1991,9,0.62,NA,ENSO,NA,NA,Oceanic Nino Index
15-10-1991 00:00,1991,10,0.79,NA,ENSO,NA,NA,Oceanic Nino Index
15-11-1991 00:00,1991,11,1.21,NA,ENSO,NA,NA,Oceanic Nino Index
15-12-1991 00:00,1991,12,1.53,NA,ENSO,NA,NA,Oceanic Nino Index
15-1-1992 00:00,1992,1,1.71,NA,ENSO,NA,NA,Oceanic Nino Index
15-2-1992 00:00,1992,2,1.63,NA,ENSO,NA,NA,Oceanic Nino Index
15-3-1992 00:00,1992,3,1.48,NA,ENSO,NA,NA,Oceanic Nino Index
15-4-1992 00:00,1992,4,1.29,NA,ENSO,NA,NA,Oceanic Nino Index
15-5-1992 00:00,1992,5,1.06,NA,ENSO,NA,NA,Oceanic Nino Index
15-6-1992 00:00,1992,6,0.73,NA,ENSO,NA,NA,Oceanic Nino Index
15-7-1992 00:00,1992,7,0.37,NA,ENSO,NA,NA,Oceanic Nino Index
15-8-1992 00:00,1992,8,0.09,NA,ENSO,NA,NA,Oceanic Nino Index
15-9-1992 00:00,1992,9,-0.13,NA,ENSO,NA,NA,Oceanic Nino Index
15-10-1992 00:00,1992,10,-0.25,NA,ENSO,NA,NA,Oceanic Nino Index
15-11-1992 00:00,1992,11,-0.28,NA,ENSO,NA,NA,Oceanic Nino Index
15-12-1992 00:00,1992,12,-0.13,NA,ENSO,NA,NA,Oceanic Nino Index
15-1-1993 00:00,1993,1,0.09,NA,ENSO,NA,NA,Oceanic Nino Index
15-2-1993 00:00,1993,2,0.3,NA,ENSO,NA,NA,Oceanic Nino Index
15-3-1993 00:00,1993,3,0.5,NA,ENSO,NA,NA,Oceanic Nino Index
15-4-1993 00:00,1993,4,0.67,NA,ENSO,NA,NA,Oceanic Nino Index
15-5-1993 00:00,1993,5,0.7,NA,ENSO,NA,NA,Oceanic Nino Index
15-6-1993 00:00,1993,6,0.57,NA,ENSO,NA,NA,Oceanic Nino Index
15-7-1993 00:00,1993,7,0.32,NA,ENSO,NA,NA,Oceanic Nino Index
15-8-1993 00:00,1993,8,0.25,NA,ENSO,NA,NA,Oceanic Nino Index
15-9-1993 00:00,1993,9,0.15,NA,ENSO,NA,NA,Oceanic Nino Index
15-10-1993 00:00,1993,10,0.1,NA,ENSO,NA,NA,Oceanic Nino Index
15-11-1993 00:00,1993,11,0.04,NA,ENSO,NA,NA,Oceanic Nino Index
15-12-1993 00:00,1993,12,0.06,NA,ENSO,NA,NA,Oceanic Nino Index
15-1-1994 00:00,1994,1,0.06,NA,ENSO,NA,NA,Oceanic Nino Index
15-2-1994 00:00,1994,2,0.07,NA,ENSO,NA,NA,Oceanic Nino Index
15-3-1994 00:00,1994,3,0.17,NA,ENSO,NA,NA,Oceanic Nino Index
15-4-1994 00:00,1994,4,0.31,NA,ENSO,NA,NA,Oceanic Nino Index
15-5-1994 00:00,1994,5,0.42,NA,ENSO,NA,NA,Oceanic Nino Index
15-6-1994 00:00,1994,6,0.41,NA,ENSO,NA,NA,Oceanic Nino Index
15-7-1994 00:00,1994,7,0.44,NA,ENSO,NA,NA,Oceanic Nino Index
15-8-1994 00:00,1994,8,0.43,NA,ENSO,NA,NA,Oceanic Nino Index
15-9-1994 00:00,1994,9,0.55,NA,ENSO,NA,NA,Oceanic Nino Index
15-10-1994 00:00,1994,10,0.74,NA,ENSO,NA,NA,Oceanic Nino Index
15-11-1994 00:00,1994,11,1.01,NA,ENSO,NA,NA,Oceanic Nino Index
15-12-1994 00:00,1994,12,1.09,NA,ENSO,NA,NA,Oceanic Nino Index
15-1-1995 00:00,1995,1,0.96,NA,ENSO,NA,NA,Oceanic Nino Index
15-2-1995 00:00,1995,2,0.72,NA,ENSO,NA,NA,Oceanic Nino Index
15-3-1995 00:00,1995,3,0.53,NA,ENSO,NA,NA,Oceanic Nino Index
15-4-1995 00:00,1995,4,0.3,NA,ENSO,NA,NA,Oceanic Nino Index
15-5-1995 00:00,1995,5,0.14,NA,ENSO,NA,NA,Oceanic Nino Index
15-6-1995 00:00,1995,6,-0.03,NA,ENSO,NA,NA,Oceanic Nino Index
15-7-1995 00:00,1995,7,-0.24,NA,ENSO,NA,NA,Oceanic Nino Index
15-8-1995 00:00,1995,8,-0.54,NA,ENSO,NA,NA,Oceanic Nino Index
15-9-1995 00:00,1995,9,-0.81,NA,ENSO,NA,NA,Oceanic Nino Index
15-10-1995 00:00,1995,10,-0.97,NA,ENSO,NA,NA,Oceanic Nino Index
15-11-1995 00:00,1995,11,-1,NA,ENSO,NA,NA,Oceanic Nino Index
15-12-1995 00:00,1995,12,-0.98,NA,ENSO,NA,NA,Oceanic Nino Index
15-1-1996 00:00,1996,1,-0.9,NA,ENSO,NA,NA,Oceanic Nino Index
15-2-1996 00:00,1996,2,-0.75,NA,ENSO,NA,NA,Oceanic Nino Index
15-3-1996 00:00,1996,3,-0.59,NA,ENSO,NA,NA,Oceanic Nino Index
15-4-1996 00:00,1996,4,-0.39,NA,ENSO,NA,NA,Oceanic Nino Index
15-5-1996 00:00,1996,5,-0.31,NA,ENSO,NA,NA,Oceanic Nino Index
15-6-1996 00:00,1996,6,-0.3,NA,ENSO,NA,NA,Oceanic Nino Index
15-7-1996 00:00,1996,7,-0.27,NA,ENSO,NA,NA,Oceanic Nino Index
15-8-1996 00:00,1996,8,-0.32,NA,ENSO,NA,NA,Oceanic Nino Index
15-9-1996 00:00,1996,9,-0.35,NA,ENSO,NA,NA,Oceanic Nino Index
15-10-1996 00:00,1996,10,-0.4,NA,ENSO,NA,NA,Oceanic Nino Index
15-11-1996 00:00,1996,11,-0.45,NA,ENSO,NA,NA,Oceanic Nino Index
15-12-1996 00:00,1996,12,-0.49,NA,ENSO,NA,NA,Oceanic Nino Index
15-1-1997 00:00,1997,1,-0.5,NA,ENSO,NA,NA,Oceanic Nino Index
15-2-1997 00:00,1997,2,-0.36,NA,ENSO,NA,NA,Oceanic Nino Index
15-3-1997 00:00,1997,3,-0.1,NA,ENSO,NA,NA,Oceanic Nino Index
15-4-1997 00:00,1997,4,0.28,NA,ENSO,NA,NA,Oceanic Nino Index
15-5-1997 00:00,1997,5,0.75,NA,ENSO,NA,NA,Oceanic Nino Index
15-6-1997 00:00,1997,6,1.22,NA,ENSO,NA,NA,Oceanic Nino Index
15-7-1997 00:00,1997,7,1.6,NA,ENSO,NA,NA,Oceanic Nino Index
15-8-1997 00:00,1997,8,1.9,NA,ENSO,NA,NA,Oceanic Nino Index
15-9-1997 00:00,1997,9,2.14,NA,ENSO,NA,NA,Oceanic Nino Index
15-10-1997 00:00,1997,10,2.33,NA,ENSO,NA,NA,Oceanic Nino Index
15-11-1997 00:00,1997,11,2.4,NA,ENSO,NA,NA,Oceanic Nino Index
15-12-1997 00:00,1997,12,2.39,NA,ENSO,NA,NA,Oceanic Nino Index
15-1-1998 00:00,1998,1,2.24,NA,ENSO,NA,NA,Oceanic Nino Index
15-2-1998 00:00,1998,2,1.93,NA,ENSO,NA,NA,Oceanic Nino Index
15-3-1998 00:00,1998,3,1.44,NA,ENSO,NA,NA,Oceanic Nino Index
15-4-1998 00:00,1998,4,0.99,NA,ENSO,NA,NA,Oceanic Nino Index
15-5-1998 00:00,1998,5,0.45,NA,ENSO,NA,NA,Oceanic Nino Index
15-6-1998 00:00,1998,6,-0.13,NA,ENSO,NA,NA,Oceanic Nino Index
15-7-1998 00:00,1998,7,-0.78,NA,ENSO,NA,NA,Oceanic Nino Index
15-8-1998 00:00,1998,8,-1.12,NA,ENSO,NA,NA,Oceanic Nino Index
15-9-1998 00:00,1998,9,-1.31,NA,ENSO,NA,NA,Oceanic Nino Index
15-10-1998 00:00,1998,10,-1.35,NA,ENSO,NA,NA,Oceanic Nino Index
15-11-1998 00:00,1998,11,-1.48,NA,ENSO,NA,NA,Oceanic Nino Index
15-12-1998 00:00,1998,12,-1.57,NA,ENSO,NA,NA,Oceanic Nino Index
15-1-1999 00:00,1999,1,-1.55,NA,ENSO,NA,NA,Oceanic Nino Index
15-2-1999 00:00,1999,2,-1.3,NA,ENSO,NA,NA,Oceanic Nino Index
15-3-1999 00:00,1999,3,-1.07,NA,ENSO,NA,NA,Oceanic Nino Index
15-4-1999 00:00,1999,4,-0.98,NA,ENSO,NA,NA,Oceanic Nino Index
15-5-1999 00:00,1999,5,-1.02,NA,ENSO,NA,NA,Oceanic Nino Index
15-6-1999 00:00,1999,6,-1.04,NA,ENSO,NA,NA,Oceanic Nino Index
15-7-1999 00:00,1999,7,-1.1,NA,ENSO,NA,NA,Oceanic Nino Index
15-8-1999 00:00,1999,8,-1.11,NA,ENSO,NA,NA,Oceanic Nino Index
15-9-1999 00:00,1999,9,-1.16,NA,ENSO,NA,NA,Oceanic Nino Index
15-10-1999 00:00,1999,10,-1.26,NA,ENSO,NA,NA,Oceanic Nino Index
15-11-1999 00:00,1999,11,-1.46,NA,ENSO,NA,NA,Oceanic Nino Index
15-12-1999 00:00,1999,12,-1.65,NA,ENSO,NA,NA,Oceanic Nino Index
15-1-2000 00:00,2000,1,-1.66,NA,ENSO,NA,NA,Oceanic Nino Index
15-2-2000 00:00,2000,2,-1.41,NA,ENSO,NA,NA,Oceanic Nino Index
15-3-2000 00:00,2000,3,-1.07,NA,ENSO,NA,NA,Oceanic Nino Index
15-4-2000 00:00,2000,4,-0.81,NA,ENSO,NA,NA,Oceanic Nino Index
15-5-2000 00:00,2000,5,-0.71,NA,ENSO,NA,NA,Oceanic Nino Index
15-6-2000 00:00,2000,6,-0.64,NA,ENSO,NA,NA,Oceanic Nino Index
15-7-2000 00:00,2000,7,-0.55,NA,ENSO,NA,NA,Oceanic Nino Index
15-8-2000 00:00,2000,8,-0.51,NA,ENSO,NA,NA,Oceanic Nino Index
15-9-2000 00:00,2000,9,-0.55,NA,ENSO,NA,NA,Oceanic Nino Index
15-10-2000 00:00,2000,10,-0.63,NA,ENSO,NA,NA,Oceanic Nino Index
15-11-2000 00:00,2000,11,-0.75,NA,ENSO,NA,NA,Oceanic Nino Index
15-12-2000 00:00,2000,12,-0.74,NA,ENSO,NA,NA,Oceanic Nino Index
15-1-2001 00:00,2001,1,-0.68,NA,ENSO,NA,NA,Oceanic Nino Index
15-2-2001 00:00,2001,2,-0.52,NA,ENSO,NA,NA,Oceanic Nino Index
15-3-2001 00:00,2001,3,-0.44,NA,ENSO,NA,NA,Oceanic Nino Index
15-4-2001 00:00,2001,4,-0.34,NA,ENSO,NA,NA,Oceanic Nino Index
15-5-2001 00:00,2001,5,-0.25,NA,ENSO,NA,NA,Oceanic Nino Index
15-6-2001 00:00,2001,6,-0.12,NA,ENSO,NA,NA,Oceanic Nino Index
15-7-2001 00:00,2001,7,-0.08,NA,ENSO,NA,NA,Oceanic Nino Index
15-8-2001 00:00,2001,8,-0.13,NA,ENSO,NA,NA,Oceanic Nino Index
15-9-2001 00:00,2001,9,-0.19,NA,ENSO,NA,NA,Oceanic Nino Index
15-10-2001 00:00,2001,10,-0.29,NA,ENSO,NA,NA,Oceanic Nino Index
15-11-2001 00:00,2001,11,-0.35,NA,ENSO,NA,NA,Oceanic Nino Index
15-12-2001 00:00,2001,12,-0.31,NA,ENSO,NA,NA,Oceanic Nino Index
15-1-2002 00:00,2002,1,-0.15,NA,ENSO,NA,NA,Oceanic Nino Index
15-2-2002 00:00,2002,2,0.03,NA,ENSO,NA,NA,Oceanic Nino Index
15-3-2002 00:00,2002,3,0.09,NA,ENSO,NA,NA,Oceanic Nino Index
15-4-2002 00:00,2002,4,0.2,NA,ENSO,NA,NA,Oceanic Nino Index
15-5-2002 00:00,2002,5,0.43,NA,ENSO,NA,NA,Oceanic Nino Index
15-6-2002 00:00,2002,6,0.65,NA,ENSO,NA,NA,Oceanic Nino Index
15-7-2002 00:00,2002,7,0.79,NA,ENSO,NA,NA,Oceanic Nino Index
15-8-2002 00:00,2002,8,0.86,NA,ENSO,NA,NA,Oceanic Nino Index
15-9-2002 00:00,2002,9,1.01,NA,ENSO,NA,NA,Oceanic Nino Index
15-10-2002 00:00,2002,10,1.21,NA,ENSO,NA,NA,Oceanic Nino Index
15-11-2002 00:00,2002,11,1.31,NA,ENSO,NA,NA,Oceanic Nino Index
15-12-2002 00:00,2002,12,1.14,NA,ENSO,NA,NA,Oceanic Nino Index
15-1-2003 00:00,2003,1,0.92,NA,ENSO,NA,NA,Oceanic Nino Index
15-2-2003 00:00,2003,2,0.63,NA,ENSO,NA,NA,Oceanic Nino Index
15-3-2003 00:00,2003,3,0.38,NA,ENSO,NA,NA,Oceanic Nino Index
15-4-2003 00:00,2003,4,-0.04,NA,ENSO,NA,NA,Oceanic Nino Index
15-5-2003 00:00,2003,5,-0.26,NA,ENSO,NA,NA,Oceanic Nino Index
15-6-2003 00:00,2003,6,-0.16,NA,ENSO,NA,NA,Oceanic Nino Index
15-7-2003 00:00,2003,7,0.08,NA,ENSO,NA,NA,Oceanic Nino Index
15-8-2003 00:00,2003,8,0.21,NA,ENSO,NA,NA,Oceanic Nino Index
15-9-2003 00:00,2003,9,0.26,NA,ENSO,NA,NA,Oceanic Nino Index
15-10-2003 00:00,2003,10,0.29,NA,ENSO,NA,NA,Oceanic Nino Index
15-11-2003 00:00,2003,11,0.35,NA,ENSO,NA,NA,Oceanic Nino Index
15-12-2003 00:00,2003,12,0.35,NA,ENSO,NA,NA,Oceanic Nino Index
15-1-2004 00:00,2004,1,0.37,NA,ENSO,NA,NA,Oceanic Nino Index
15-2-2004 00:00,2004,2,0.31,NA,ENSO,NA,NA,Oceanic Nino Index
15-3-2004 00:00,2004,3,0.23,NA,ENSO,NA,NA,Oceanic Nino Index
15-4-2004 00:00,2004,4,0.17,NA,ENSO,NA,NA,Oceanic Nino Index
15-5-2004 00:00,2004,5,0.17,NA,ENSO,NA,NA,Oceanic Nino Index
15-6-2004 00:00,2004,6,0.28,NA,ENSO,NA,NA,Oceanic Nino Index
15-7-2004 00:00,2004,7,0.47,NA,ENSO,NA,NA,Oceanic Nino Index
15-8-2004 00:00,2004,8,0.64,NA,ENSO,NA,NA,Oceanic Nino Index
15-9-2004 00:00,2004,9,0.7,NA,ENSO,NA,NA,Oceanic Nino Index
15-10-2004 00:00,2004,10,0.67,NA,ENSO,NA,NA,Oceanic Nino Index
15-11-2004 00:00,2004,11,0.66,NA,ENSO,NA,NA,Oceanic Nino Index
15-12-2004 00:00,2004,12,0.69,NA,ENSO,NA,NA,Oceanic Nino Index
15-1-2005 00:00,2005,1,0.64,NA,ENSO,NA,NA,Oceanic Nino Index
15-2-2005 00:00,2005,2,0.58,NA,ENSO,NA,NA,Oceanic Nino Index
15-3-2005 00:00,2005,3,0.45,NA,ENSO,NA,NA,Oceanic Nino Index
15-4-2005 00:00,2005,4,0.43,NA,ENSO,NA,NA,Oceanic Nino Index
15-5-2005 00:00,2005,5,0.29,NA,ENSO,NA,NA,Oceanic Nino Index
15-6-2005 00:00,2005,6,0.11,NA,ENSO,NA,NA,Oceanic Nino Index
15-7-2005 00:00,2005,7,-0.06,NA,ENSO,NA,NA,Oceanic Nino Index
15-8-2005 00:00,2005,8,-0.14,NA,ENSO,NA,NA,Oceanic Nino Index
15-9-2005 00:00,2005,9,-0.11,NA,ENSO,NA,NA,Oceanic Nino Index
15-10-2005 00:00,2005,10,-0.29,NA,ENSO,NA,NA,Oceanic Nino Index
15-11-2005 00:00,2005,11,-0.57,NA,ENSO,NA,NA,Oceanic Nino Index
15-12-2005 00:00,2005,12,-0.84,NA,ENSO,NA,NA,Oceanic Nino Index
15-1-2006 00:00,2006,1,-0.85,NA,ENSO,NA,NA,Oceanic Nino Index
15-2-2006 00:00,2006,2,-0.77,NA,ENSO,NA,NA,Oceanic Nino Index
15-3-2006 00:00,2006,3,-0.57,NA,ENSO,NA,NA,Oceanic Nino Index
15-4-2006 00:00,2006,4,-0.37,NA,ENSO,NA,NA,Oceanic Nino Index
15-5-2006 00:00,2006,5,-0.14,NA,ENSO,NA,NA,Oceanic Nino Index
15-6-2006 00:00,2006,6,-0.03,NA,ENSO,NA,NA,Oceanic Nino Index
15-7-2006 00:00,2006,7,0.1,NA,ENSO,NA,NA,Oceanic Nino Index
15-8-2006 00:00,2006,8,0.3,NA,ENSO,NA,NA,Oceanic Nino Index
15-9-2006 00:00,2006,9,0.54,NA,ENSO,NA,NA,Oceanic Nino Index
15-10-2006 00:00,2006,10,0.77,NA,ENSO,NA,NA,Oceanic Nino Index
15-11-2006 00:00,2006,11,0.94,NA,ENSO,NA,NA,Oceanic Nino Index
15-12-2006 00:00,2006,12,0.94,NA,ENSO,NA,NA,Oceanic Nino Index
15-1-2007 00:00,2007,1,0.66,NA,ENSO,NA,NA,Oceanic Nino Index
15-2-2007 00:00,2007,2,0.22,NA,ENSO,NA,NA,Oceanic Nino Index
15-3-2007 00:00,2007,3,-0.12,NA,ENSO,NA,NA,Oceanic Nino Index
15-4-2007 00:00,2007,4,-0.32,NA,ENSO,NA,NA,Oceanic Nino Index
15-5-2007 00:00,2007,5,-0.38,NA,ENSO,NA,NA,Oceanic Nino Index
15-6-2007 00:00,2007,6,-0.47,NA,ENSO,NA,NA,Oceanic Nino Index
15-7-2007 00:00,2007,7,-0.56,NA,ENSO,NA,NA,Oceanic Nino Index
15-8-2007 00:00,2007,8,-0.81,NA,ENSO,NA,NA,Oceanic Nino Index
15-9-2007 00:00,2007,9,-1.07,NA,ENSO,NA,NA,Oceanic Nino Index
15-10-2007 00:00,2007,10,-1.34,NA,ENSO,NA,NA,Oceanic Nino Index
15-11-2007 00:00,2007,11,-1.5,NA,ENSO,NA,NA,Oceanic Nino Index
15-12-2007 00:00,2007,12,-1.6,NA,ENSO,NA,NA,Oceanic Nino Index
15-1-2008 00:00,2008,1,-1.64,NA,ENSO,NA,NA,Oceanic Nino Index
15-2-2008 00:00,2008,2,-1.52,NA,ENSO,NA,NA,Oceanic Nino Index
15-3-2008 00:00,2008,3,-1.29,NA,ENSO,NA,NA,Oceanic Nino Index
15-4-2008 00:00,2008,4,-1.01,NA,ENSO,NA,NA,Oceanic Nino Index
15-5-2008 00:00,2008,5,-0.84,NA,ENSO,NA,NA,Oceanic Nino Index
15-6-2008 00:00,2008,6,-0.61,NA,ENSO,NA,NA,Oceanic Nino Index
15-7-2008 00:00,2008,7,-0.37,NA,ENSO,NA,NA,Oceanic Nino Index
15-8-2008 00:00,2008,8,-0.23,NA,ENSO,NA,NA,Oceanic Nino Index
15-9-2008 00:00,2008,9,-0.24,NA,ENSO,NA,NA,Oceanic Nino Index
15-10-2008 00:00,2008,10,-0.35,NA,ENSO,NA,NA,Oceanic Nino Index
15-11-2008 00:00,2008,11,-0.55,NA,ENSO,NA,NA,Oceanic Nino Index
15-12-2008 00:00,2008,12,-0.73,NA,ENSO,NA,NA,Oceanic Nino Index
15-1-2009 00:00,2009,1,-0.85,NA,ENSO,NA,NA,Oceanic Nino Index
15-2-2009 00:00,2009,2,-0.79,NA,ENSO,NA,NA,Oceanic Nino Index
15-3-2009 00:00,2009,3,-0.61,NA,ENSO,NA,NA,Oceanic Nino Index
15-4-2009 00:00,2009,4,-0.33,NA,ENSO,NA,NA,Oceanic Nino Index
15-5-2009 00:00,2009,5,0.01,NA,ENSO,NA,NA,Oceanic Nino Index
15-6-2009 00:00,2009,6,0.28,NA,ENSO,NA,NA,Oceanic Nino Index
15-7-2009 00:00,2009,7,0.45,NA,ENSO,NA,NA,Oceanic Nino Index
15-8-2009 00:00,2009,8,0.58,NA,ENSO,NA,NA,Oceanic Nino Index
15-9-2009 00:00,2009,9,0.71,NA,ENSO,NA,NA,Oceanic Nino Index
15-10-2009 00:00,2009,10,1.01,NA,ENSO,NA,NA,Oceanic Nino Index
15-11-2009 00:00,2009,11,1.36,NA,ENSO,NA,NA,Oceanic Nino Index
15-12-2009 00:00,2009,12,1.56,NA,ENSO,NA,NA,Oceanic Nino Index
15-1-2010 00:00,2010,1,1.5,NA,ENSO,NA,NA,Oceanic Nino Index
15-2-2010 00:00,2010,2,1.22,NA,ENSO,NA,NA,Oceanic Nino Index
15-3-2010 00:00,2010,3,0.84,NA,ENSO,NA,NA,Oceanic Nino Index
15-4-2010 00:00,2010,4,0.35,NA,ENSO,NA,NA,Oceanic Nino Index
15-5-2010 00:00,2010,5,-0.17,NA,ENSO,NA,NA,Oceanic Nino Index
15-6-2010 00:00,2010,6,-0.66,NA,ENSO,NA,NA,Oceanic Nino Index
15-7-2010 00:00,2010,7,-1.05,NA,ENSO,NA,NA,Oceanic Nino Index
15-8-2010 00:00,2010,8,-1.35,NA,ENSO,NA,NA,Oceanic Nino Index
15-9-2010 00:00,2010,9,-1.56,NA,ENSO,NA,NA,Oceanic Nino Index
15-10-2010 00:00,2010,10,-1.64,NA,ENSO,NA,NA,Oceanic Nino Index
15-11-2010 00:00,2010,11,-1.64,NA,ENSO,NA,NA,Oceanic Nino Index
15-12-2010 00:00,2010,12,-1.54,NA,ENSO,NA,NA,Oceanic Nino Index
15-1-2011 00:00,2011,1,-1.31,NA,ENSO,NA,NA,Oceanic Nino Index
15-2-2011 00:00,2011,2,-1.04,NA,ENSO,NA,NA,Oceanic Nino Index
15-3-2011 00:00,2011,3,-0.8,NA,ENSO,NA,NA,Oceanic Nino Index
15-4-2011 00:00,2011,4,-0.62,NA,ENSO,NA,NA,Oceanic Nino Index
15-5-2011 00:00,2011,5,-0.46,NA,ENSO,NA,NA,Oceanic Nino Index
15-6-2011 00:00,2011,6,-0.37,NA,ENSO,NA,NA,Oceanic Nino Index
15-7-2011 00:00,2011,7,-0.43,NA,ENSO,NA,NA,Oceanic Nino Index
15-8-2011 00:00,2011,8,-0.58,NA,ENSO,NA,NA,Oceanic Nino Index
15-9-2011 00:00,2011,9,-0.79,NA,ENSO,NA,NA,Oceanic Nino Index
15-10-2011 00:00,2011,10,-0.96,NA,ENSO,NA,NA,Oceanic Nino Index
15-11-2011 00:00,2011,11,-1.02,NA,ENSO,NA,NA,Oceanic Nino Index
15-12-2011 00:00,2011,12,-0.92,NA,ENSO,NA,NA,Oceanic Nino Index
15-1-2012 00:00,2012,1,-0.72,NA,ENSO,NA,NA,Oceanic Nino Index
15-2-2012 00:00,2012,2,-0.57,NA,ENSO,NA,NA,Oceanic Nino Index
15-3-2012 00:00,2012,3,-0.46,NA,ENSO,NA,NA,Oceanic Nino Index
15-4-2012 00:00,2012,4,-0.36,NA,ENSO,NA,NA,Oceanic Nino Index
15-5-2012 00:00,2012,5,-0.17,NA,ENSO,NA,NA,Oceanic Nino Index
15-6-2012 00:00,2012,6,0.06,NA,ENSO,NA,NA,Oceanic Nino Index
15-7-2012 00:00,2012,7,0.3,NA,ENSO,NA,NA,Oceanic Nino Index
15-8-2012 00:00,2012,8,0.41,NA,ENSO,NA,NA,Oceanic Nino Index
15-9-2012 00:00,2012,9,0.41,NA,ENSO,NA,NA,Oceanic Nino Index
15-10-2012 00:00,2012,10,0.31,NA,ENSO,NA,NA,Oceanic Nino Index
15-11-2012 00:00,2012,11,0.13,NA,ENSO,NA,NA,Oceanic Nino Index
15-12-2012 00:00,2012,12,-0.1,NA,ENSO,NA,NA,Oceanic Nino Index
15-1-2013 00:00,2013,1,-0.29,NA,ENSO,NA,NA,Oceanic Nino Index
15-2-2013 00:00,2013,2,-0.29,NA,ENSO,NA,NA,Oceanic Nino Index
15-3-2013 00:00,2013,3,-0.21,NA,ENSO,NA,NA,Oceanic Nino Index
15-4-2013 00:00,2013,4,-0.19,NA,ENSO,NA,NA,Oceanic Nino Index
15-5-2013 00:00,2013,5,-0.27,NA,ENSO,NA,NA,Oceanic Nino Index
15-6-2013 00:00,2013,6,-0.34,NA,ENSO,NA,NA,Oceanic Nino Index
15-7-2013 00:00,2013,7,-0.35,NA,ENSO,NA,NA,Oceanic Nino Index
15-8-2013 00:00,2013,8,-0.28,NA,ENSO,NA,NA,Oceanic Nino Index
15-9-2013 00:00,2013,9,-0.21,NA,ENSO,NA,NA,Oceanic Nino Index
15-10-2013 00:00,2013,10,-0.13,NA,ENSO,NA,NA,Oceanic Nino Index
15-11-2013 00:00,2013,11,-0.1,NA,ENSO,NA,NA,Oceanic Nino Index
15-12-2013 00:00,2013,12,-0.15,NA,ENSO,NA,NA,Oceanic Nino Index
15-1-2014 00:00,2014,1,-0.28,NA,ENSO,NA,NA,Oceanic Nino Index
15-2-2014 00:00,2014,2,-0.32,NA,ENSO,NA,NA,Oceanic Nino Index
15-3-2014 00:00,2014,3,-0.14,NA,ENSO,NA,NA,Oceanic Nino Index
15-4-2014 00:00,2014,4,0.15,NA,ENSO,NA,NA,Oceanic Nino Index
15-5-2014 00:00,2014,5,0.31,NA,ENSO,NA,NA,Oceanic Nino Index
15-6-2014 00:00,2014,6,0.23,NA,ENSO,NA,NA,Oceanic Nino Index
15-7-2014 00:00,2014,7,0.1,NA,ENSO,NA,NA,Oceanic Nino Index
15-8-2014 00:00,2014,8,0.11,NA,ENSO,NA,NA,Oceanic Nino Index
15-9-2014 00:00,2014,9,0.28,NA,ENSO,NA,NA,Oceanic Nino Index
15-10-2014 00:00,2014,10,0.54,NA,ENSO,NA,NA,Oceanic Nino Index
15-11-2014 00:00,2014,11,0.71,NA,ENSO,NA,NA,Oceanic Nino Index
15-12-2014 00:00,2014,12,0.77,NA,ENSO,NA,NA,Oceanic Nino Index
15-1-2015 00:00,2015,1,0.69,NA,ENSO,NA,NA,Oceanic Nino Index
15-2-2015 00:00,2015,2,0.61,NA,ENSO,NA,NA,Oceanic Nino Index
15-3-2015 00:00,2015,3,0.65,NA,ENSO,NA,NA,Oceanic Nino Index
15-4-2015 00:00,2015,4,0.81,NA,ENSO,NA,NA,Oceanic Nino Index
15-5-2015 00:00,2015,5,1.02,NA,ENSO,NA,NA,Oceanic Nino Index
15-6-2015 00:00,2015,6,1.25,NA,ENSO,NA,NA,Oceanic Nino Index
15-7-2015 00:00,2015,7,1.57,NA,ENSO,NA,NA,Oceanic Nino Index
15-8-2015 00:00,2015,8,1.91,NA,ENSO,NA,NA,Oceanic Nino Index
15-9-2015 00:00,2015,9,2.21,NA,ENSO,NA,NA,Oceanic Nino Index
15-10-2015 00:00,2015,10,2.47,NA,ENSO,NA,NA,Oceanic Nino Index
15-11-2015 00:00,2015,11,2.64,NA,ENSO,NA,NA,Oceanic Nino Index
15-12-2015 00:00,2015,12,2.75,NA,ENSO,NA,NA,Oceanic Nino Index
15-1-2016 00:00,2016,1,2.63,NA,ENSO,NA,NA,Oceanic Nino Index
15-2-2016 00:00,2016,2,2.28,NA,ENSO,NA,NA,Oceanic Nino Index
15-3-2016 00:00,2016,3,1.71,NA,ENSO,NA,NA,Oceanic Nino Index
15-4-2016 00:00,2016,4,1.05,NA,ENSO,NA,NA,Oceanic Nino Index
15-5-2016 00:00,2016,5,0.49,NA,ENSO,NA,NA,Oceanic Nino Index
15-6-2016 00:00,2016,6,0,NA,ENSO,NA,NA,Oceanic Nino Index
15-7-2016 00:00,2016,7,-0.31,NA,ENSO,NA,NA,Oceanic Nino Index
15-8-2016 00:00,2016,8,-0.5,NA,ENSO,NA,NA,Oceanic Nino Index
15-9-2016 00:00,2016,9,-0.58,NA,ENSO,NA,NA,Oceanic Nino Index
15-10-2016 00:00,2016,10,-0.64,NA,ENSO,NA,NA,Oceanic Nino Index
15-11-2016 00:00,2016,11,-0.6,NA,ENSO,NA,NA,Oceanic Nino Index
15-12-2016 00:00,2016,12,-0.45,NA,ENSO,NA,NA,Oceanic Nino Index
15-1-2017 00:00,2017,1,-0.19,NA,ENSO,NA,NA,Oceanic Nino Index
15-2-2017 00:00,2017,2,-0.02,NA,ENSO,NA,NA,Oceanic Nino Index
15-3-2017 00:00,2017,3,0.18,NA,ENSO,NA,NA,Oceanic Nino Index
15-4-2017 00:00,2017,4,0.31,NA,ENSO,NA,NA,Oceanic Nino Index
15-5-2017 00:00,2017,5,0.4,NA,ENSO,NA,NA,Oceanic Nino Index
15-6-2017 00:00,2017,6,0.39,NA,ENSO,NA,NA,Oceanic Nino Index
15-7-2017 00:00,2017,7,0.19,NA,ENSO,NA,NA,Oceanic Nino Index
15-8-2017 00:00,2017,8,-0.07,NA,ENSO,NA,NA,Oceanic Nino Index
15-9-2017 00:00,2017,9,-0.34,NA,ENSO,NA,NA,Oceanic Nino Index
15-10-2017 00:00,2017,10,-0.6,NA,ENSO,NA,NA,Oceanic Nino Index
15-11-2017 00:00,2017,11,-0.77,NA,ENSO,NA,NA,Oceanic Nino Index
15-12-2017 00:00,2017,12,-0.86,NA,ENSO,NA,NA,Oceanic Nino Index
15-1-2018 00:00,2018,1,-0.77,NA,ENSO,NA,NA,Oceanic Nino Index
15-2-2018 00:00,2018,2,-0.71,NA,ENSO,NA,NA,Oceanic Nino Index
15-3-2018 00:00,2018,3,-0.57,NA,ENSO,NA,NA,Oceanic Nino Index
15-4-2018 00:00,2018,4,-0.39,NA,ENSO,NA,NA,Oceanic Nino Index
15-5-2018 00:00,2018,5,-0.13,NA,ENSO,NA,NA,Oceanic Nino Index
15-6-2018 00:00,2018,6,0.06,NA,ENSO,NA,NA,Oceanic Nino Index
15-7-2018 00:00,2018,7,0.14,NA,ENSO,NA,NA,Oceanic Nino Index
15-8-2018 00:00,2018,8,0.27,NA,ENSO,NA,NA,Oceanic Nino Index
15-9-2018 00:00,2018,9,0.53,NA,ENSO,NA,NA,Oceanic Nino Index
15-10-2018 00:00,2018,10,0.81,NA,ENSO,NA,NA,Oceanic Nino Index
15-11-2018 00:00,2018,11,0.97,NA,ENSO,NA,NA,Oceanic Nino Index
15-12-2018 00:00,2018,12,0.92,NA,ENSO,NA,NA,Oceanic Nino Index
15-1-2019 00:00,2019,1,0.89,NA,ENSO,NA,NA,Oceanic Nino Index
15-2-2019 00:00,2019,2,0.86,NA,ENSO,NA,NA,Oceanic Nino Index
15-3-2019 00:00,2019,3,0.84,NA,ENSO,NA,NA,Oceanic Nino Index
15-4-2019 00:00,2019,4,0.77,NA,ENSO,NA,NA,Oceanic Nino Index
15-5-2019 00:00,2019,5,0.64,NA,ENSO,NA,NA,Oceanic Nino Index
15-6-2019 00:00,2019,6,0.52,NA,ENSO,NA,NA,Oceanic Nino Index
15-7-2019 00:00,2019,7,0.33,NA,ENSO,NA,NA,Oceanic Nino Index
15-8-2019 00:00,2019,8,0.19,NA,ENSO,NA,NA,Oceanic Nino Index
15-9-2019 00:00,2019,9,0.23,NA,ENSO,NA,NA,Oceanic Nino Index
15-10-2019 00:00,2019,10,0.39,NA,ENSO,NA,NA,Oceanic Nino Index
15-11-2019 00:00,2019,11,0.58,NA,ENSO,NA,NA,Oceanic Nino Index
15-12-2019 00:00,2019,12,0.66,NA,ENSO,NA,NA,Oceanic Nino Index
15-1-2020 00:00,2020,1,0.64,NA,ENSO,NA,NA,Oceanic Nino Index
15-2-2020 00:00,2020,2,0.63,NA,ENSO,NA,NA,Oceanic Nino Index
15-3-2020 00:00,2020,3,0.53,NA,ENSO,NA,NA,Oceanic Nino Index
15-4-2020 00:00,2020,4,0.3,NA,ENSO,NA,NA,Oceanic Nino Index
15-5-2020 00:00,2020,5,0.01,NA,ENSO,NA,NA,Oceanic Nino Index
15-6-2020 00:00,2020,6,-0.23,NA,ENSO,NA,NA,Oceanic Nino Index
15-7-2020 00:00,2020,7,-0.36,NA,ENSO,NA,NA,Oceanic Nino Index
15-8-2020 00:00,2020,8,-0.53,NA,ENSO,NA,NA,Oceanic Nino Index
15-9-2020 00:00,2020,9,-0.85,NA,ENSO,NA,NA,Oceanic Nino Index
15-10-2020 00:00,2020,10,-1.12,NA,ENSO,NA,NA,Oceanic Nino Index
15-11-2020 00:00,2020,11,-1.2,NA,ENSO,NA,NA,Oceanic Nino Index
15-12-2020 00:00,2020,12,-1.08,NA,ENSO,NA,NA,Oceanic Nino Index
15-1-2021 00:00,2021,1,-0.91,NA,ENSO,NA,NA,Oceanic Nino Index
15-2-2021 00:00,2021,2,-0.79,NA,ENSO,NA,NA,Oceanic Nino Index
15-3-2021 00:00,2021,3,-0.71,NA,ENSO,NA,NA,Oceanic Nino Index
15-4-2021 00:00,2021,4,-0.55,NA,ENSO,NA,NA,Oceanic Nino Index
15-5-2021 00:00,2021,5,-0.39,NA,ENSO,NA,NA,Oceanic Nino Index
15-6-2021 00:00,2021,6,-0.3,NA,ENSO,NA,NA,Oceanic Nino Index
15-7-2021 00:00,2021,7,-0.35,NA,ENSO,NA,NA,Oceanic Nino Index
15-8-2021 00:00,2021,8,-0.45,NA,ENSO,NA,NA,Oceanic Nino Index
15-9-2021 00:00,2021,9,-0.63,NA,ENSO,NA,NA,Oceanic Nino Index
15-10-2021 00:00,2021,10,-0.76,NA,ENSO,NA,NA,Oceanic Nino Index
15-11-2021 00:00,2021,11,-0.91,NA,ENSO,NA,NA,Oceanic Nino Index
15-12-2021 00:00,2021,12,-0.87,NA,ENSO,NA,NA,Oceanic Nino Index
15-1-2022 00:00,2022,1,-0.82,NA,ENSO,NA,NA,Oceanic Nino Index
15-2-2022 00:00,2022,2,-0.79,NA,ENSO,NA,NA,Oceanic Nino Index
15-3-2022 00:00,2022,3,-0.86,NA,ENSO,NA,NA,Oceanic Nino Index
15-4-2022 00:00,2022,4,-0.95,NA,ENSO,NA,NA,Oceanic Nino Index
15-5-2022 00:00,2022,5,-0.9,NA,ENSO,NA,NA,Oceanic Nino Index
15-6-2022 00:00,2022,6,-0.78,NA,ENSO,NA,NA,Oceanic Nino Index
15-7-2022 00:00,2022,7,-0.76,NA,ENSO,NA,NA,Oceanic Nino Index
15-8-2022 00:00,2022,8,-0.87,NA,ENSO,NA,NA,Oceanic Nino Index
15-9-2022 00:00,2022,9,-0.97,NA,ENSO,NA,NA,Oceanic Nino Index
15-10-2022 00:00,2022,10,-0.94,NA,ENSO,NA,NA,Oceanic Nino Index
15-11-2022 00:00,2022,11,-0.85,NA,ENSO,NA,NA,Oceanic Nino Index
15-12-2022 00:00,2022,12,-0.71,NA,ENSO,NA,NA,Oceanic Nino Index
15-1-2023 00:00,2023,1,-0.54,NA,ENSO,NA,NA,Oceanic Nino Index
15-2-2023 00:00,2023,2,-0.29,NA,ENSO,NA,NA,Oceanic Nino Index
15-3-2023 00:00,2023,3,-0.02,NA,ENSO,NA,NA,Oceanic Nino Index
15-4-2023 00:00,2023,4,0.27,NA,ENSO,NA,NA,Oceanic Nino Index
15-5-2023 00:00,2023,5,0.57,NA,ENSO,NA,NA,Oceanic Nino Index
15-6-2023 00:00,2023,6,0.84,NA,ENSO,NA,NA,Oceanic Nino Index
15-7-2023 00:00,2023,7,1.12,NA,ENSO,NA,NA,Oceanic Nino Index
15-8-2023 00:00,2023,8,1.37,NA,ENSO,NA,NA,Oceanic Nino Index
15-9-2023 00:00,2023,9,1.6,NA,ENSO,NA,NA,Oceanic Nino Index
15-10-2023 00:00,2023,10,1.83,NA,ENSO,NA,NA,Oceanic Nino Index
15-11-2023 00:00,2023,11,1.99,NA,ENSO,NA,NA,Oceanic Nino Index
15-12-2023 00:00,2023,12,2.06,NA,ENSO,NA,NA,Oceanic Nino Index
15-1-2024 00:00,2024,1,1.92,NA,ENSO,NA,NA,Oceanic Nino Index
15-2-2024 00:00,2024,2,1.62,NA,ENSO,NA,NA,Oceanic Nino Index
15-3-2024 00:00,2024,3,1.26,NA,ENSO,NA,NA,Oceanic Nino Index
15-4-2024 00:00,2024,4,0.82,NA,ENSO,NA,NA,Oceanic Nino Index
15-5-2024 00:00,2024,5,0.49,NA,ENSO,NA,NA,Oceanic Nino Index
15-6-2024 00:00,2024,6,0.22,NA,ENSO,NA,NA,Oceanic Nino Index
15-7-2024 00:00,2024,7,0.08,NA,ENSO,NA,NA,Oceanic Nino Index
15-8-2024 00:00,2024,8,-0.07,NA,ENSO,NA,NA,Oceanic Nino Index
15-9-2024 00:00,2024,9,-0.17,NA,ENSO,NA,NA,Oceanic Nino Index
15-10-2024 00:00,2024,10,-0.21,NA,ENSO,NA,NA,Oceanic Nino Index
15-11-2024 00:00,2024,11,-0.3,NA,ENSO,NA,NA,Oceanic Nino Index
15-12-2024 00:00,2024,12,-0.42,NA,ENSO,NA,NA,Oceanic Nino Index
15-1-2025 00:00,2025,1,-0.45,NA,ENSO,NA,NA,Oceanic Nino Index
15-2-2025 00:00,2025,2,-0.24,NA,ENSO,NA,NA,Oceanic Nino Index
15-3-2025 00:00,2025,3,-0.06,NA,ENSO,NA,NA,Oceanic Nino Index
15-4-2025 00:00,2025,4,0.02,NA,ENSO,NA,NA,Oceanic Nino Index
15-5-2025 00:00,2025,5,-0.02,NA,ENSO,NA,NA,Oceanic Nino Index
15-6-2025 00:00,2025,6,-0.04,NA,ENSO,NA,NA,Oceanic Nino Index
15-7-2025 00:00,2025,7,-0.14,NA,ENSO,NA,NA,Oceanic Nino Index
15-8-2025 00:00,2025,8,-0.28,NA,ENSO,NA,NA,Oceanic Nino Index
15-9-2025 00:00,2025,9,-0.4,NA,ENSO,NA,NA,Oceanic Nino Index
15-10-2025 00:00,2025,10,-0.51,NA,ENSO,NA,NA,Oceanic Nino Index
15-11-2025 00:00,2025,11,-0.55,NA,ENSO,NA,NA,Oceanic Nino Index
15-12-2025 00:00,2025,12,-0.54,NA,ENSO,NA,NA,Oceanic Nino Index
01-JAN-1854 00:00,1854,1,0.05,NA,PDO,NA,NA,Pacific Decadal Oscillation
01-FEB-1854 00:00,1854,2,-0.09,NA,PDO,NA,NA,Pacific Decadal Oscillation
01-MAR-1854 00:00,1854,3,0.138,NA,PDO,NA,NA,Pacific Decadal Oscillation
01-APR-1854 00:00,1854,4,0.131,NA,PDO,NA,NA,Pacific Decadal Oscillation
01-MAY-1854 00:00,1854,5,-0.064,NA,PDO,NA,NA,Pacific Decadal Oscillation
01-JUN-1854 00:00,1854,6,0.005,NA,PDO,NA,NA,Pacific Decadal Oscillation
01-JUL-1854 00:00,1854,7,-0.201,NA,PDO,NA,NA,Pacific Decadal Oscillation
01-AUG-1854 00:00,1854,8,-0.849,NA,PDO,NA,NA,Pacific Decadal Oscillation
01-SEP-1854 00:00,1854,9,-0.727,NA,PDO,NA,NA,Pacific Decadal Oscillation
01-OCT-1854 00:00,1854,10,-1.597,NA,PDO,NA,NA,Pacific Decadal Oscillation
01-NOV-1854 00:00,1854,11,-1.301,NA,PDO,NA,NA,Pacific Decadal Oscillation
01-DEC-1854 00:00,1854,12,-1.582,NA,PDO,NA,NA,Pacific Decadal Oscillation
01-JAN-1855 00:00,1855,1,0.009,NA,PDO,NA,NA,Pacific Decadal Oscillation
01-FEB-1855 00:00,1855,2,0.11,NA,PDO,NA,NA,Pacific Decadal Oscillation
01-MAR-1855 00:00,1855,3,0.234,NA,PDO,NA,NA,Pacific Decadal Oscillation
01-APR-1855 00:00,1855,4,-0.312,NA,PDO,NA,NA,Pacific Decadal Oscillation
01-MAY-1855 00:00,1855,5,-0.999,NA,PDO,NA,NA,Pacific Decadal Oscillation
01-JUN-1855 00:00,1855,6,-1.227,NA,PDO,NA,NA,Pacific Decadal Oscillation
01-JUL-1855 00:00,1855,7,-0.571,NA,PDO,NA,NA,Pacific Decadal Oscillation
01-AUG-1855 00:00,1855,8,0.049,NA,PDO,NA,NA,Pacific Decadal Oscillation
01-SEP-1855 00:00,1855,9,-0.247,NA,PDO,NA,NA,Pacific Decadal Oscillation
01-OCT-1855 00:00,1855,10,-0.243,NA,PDO,NA,NA,Pacific Decadal Oscillation
01-NOV-1855 00:00,1855,11,-0.045,NA,PDO,NA,NA,Pacific Decadal Oscillation
01-DEC-1855 00:00,1855,12,-0.498,NA,PDO,NA,NA,Pacific Decadal Oscillation
01-JAN-1856 00:00,1856,1,-0.124,NA,PDO,NA,NA,Pacific Decadal Oscillation
01-FEB-1856 00:00,1856,2,0.375,NA,PDO,NA,NA,Pacific Decadal Oscillation
01-MAR-1856 00:00,1856,3,0.291,NA,PDO,NA,NA,Pacific Decadal Oscillation
01-APR-1856 00:00,1856,4,-0.646,NA,PDO,NA,NA,Pacific Decadal Oscillation
01-MAY-1856 00:00,1856,5,-0.81,NA,PDO,NA,NA,Pacific Decadal Oscillation
01-JUN-1856 00:00,1856,6,-1.513,NA,PDO,NA,NA,Pacific Decadal Oscillation
01-JUL-1856 00:00,1856,7,-0.347,NA,PDO,NA,NA,Pacific Decadal Oscillation
01-AUG-1856 00:00,1856,8,0.75,NA,PDO,NA,NA,Pacific Decadal Oscillation
01-SEP-1856 00:00,1856,9,0.921,NA,PDO,NA,NA,Pacific Decadal Oscillation
01-OCT-1856 00:00,1856,10,0.733,NA,PDO,NA,NA,Pacific Decadal Oscillation
01-NOV-1856 00:00,1856,11,0.307,NA,PDO,NA,NA,Pacific Decadal Oscillation
01-DEC-1856 00:00,1856,12,-0.071,NA,PDO,NA,NA,Pacific Decadal Oscillation
01-JAN-1857 00:00,1857,1,-0.665,NA,PDO,NA,NA,Pacific Decadal Oscillation
01-FEB-1857 00:00,1857,2,-1.4,NA,PDO,NA,NA,Pacific Decadal Oscillation
01-MAR-1857 00:00,1857,3,-1.149,NA,PDO,NA,NA,Pacific Decadal Oscillation
01-APR-1857 00:00,1857,4,-0.455,NA,PDO,NA,NA,Pacific Decadal Oscillation
01-MAY-1857 00:00,1857,5,0.052,NA,PDO,NA,NA,Pacific Decadal Oscillation
01-JUN-1857 00:00,1857,6,1.031,NA,PDO,NA,NA,Pacific Decadal Oscillation
01-JUL-1857 00:00,1857,7,1.144,NA,PDO,NA,NA,Pacific Decadal Oscillation
01-AUG-1857 00:00,1857,8,0.871,NA,PDO,NA,NA,Pacific Decadal Oscillation
01-SEP-1857 00:00,1857,9,0.651,NA,PDO,NA,NA,Pacific Decadal Oscillation
01-OCT-1857 00:00,1857,10,0.414,NA,PDO,NA,NA,Pacific Decadal Oscillation
01-NOV-1857 00:00,1857,11,0.34,NA,PDO,NA,NA,Pacific Decadal Oscillation
01-DEC-1857 00:00,1857,12,-0.448,NA,PDO,NA,NA,Pacific Decadal Oscillation
01-JAN-1858 00:00,1858,1,-0.769,NA,PDO,NA,NA,Pacific Decadal Oscillation
01-FEB-1858 00:00,1858,2,-0.955,NA,PDO,NA,NA,Pacific Decadal Oscillation
01-MAR-1858 00:00,1858,3,-1.309,NA,PDO,NA,NA,Pacific Decadal Oscillation
01-APR-1858 00:00,1858,4,-0.718,NA,PDO,NA,NA,Pacific Decadal Oscillation
01-MAY-1858 00:00,1858,5,0.619,NA,PDO,NA,NA,Pacific Decadal Oscillation
01-JUN-1858 00:00,1858,6,2.357,NA,PDO,NA,NA,Pacific Decadal Oscillation
01-JUL-1858 00:00,1858,7,1.422,NA,PDO,NA,NA,Pacific Decadal Oscillation
01-AUG-1858 00:00,1858,8,1.401,NA,PDO,NA,NA,Pacific Decadal Oscillation
01-SEP-1858 00:00,1858,9,1.515,NA,PDO,NA,NA,Pacific Decadal Oscillation
01-OCT-1858 00:00,1858,10,2.296,NA,PDO,NA,NA,Pacific Decadal Oscillation
01-NOV-1858 00:00,1858,11,0.644,NA,PDO,NA,NA,Pacific Decadal Oscillation
01-DEC-1858 00:00,1858,12,-0.726,NA,PDO,NA,NA,Pacific Decadal Oscillation
01-JAN-1859 00:00,1859,1,-0.809,NA,PDO,NA,NA,Pacific Decadal Oscillation
01-FEB-1859 00:00,1859,2,-1.221,NA,PDO,NA,NA,Pacific Decadal Oscillation
01-MAR-1859 00:00,1859,3,-1.777,NA,PDO,NA,NA,Pacific Decadal Oscillation
01-APR-1859 00:00,1859,4,-2.707,NA,PDO,NA,NA,Pacific Decadal Oscillation
01-MAY-1859 00:00,1859,5,-2.284,NA,PDO,NA,NA,Pacific Decadal Oscillation
01-JUN-1859 00:00,1859,6,-1.941,NA,PDO,NA,NA,Pacific Decadal Oscillation
01-JUL-1859 00:00,1859,7,-1.014,NA,PDO,NA,NA,Pacific Decadal Oscillation
01-AUG-1859 00:00,1859,8,-0.945,NA,PDO,NA,NA,Pacific Decadal Oscillation
01-SEP-1859 00:00,1859,9,-0.918,NA,PDO,NA,NA,Pacific Decadal Oscillation
01-OCT-1859 00:00,1859,10,-1.102,NA,PDO,NA,NA,Pacific Decadal Oscillation
01-NOV-1859 00:00,1859,11,-1.042,NA,PDO,NA,NA,Pacific Decadal Oscillation
01-DEC-1859 00:00,1859,12,-0.776,NA,PDO,NA,NA,Pacific Decadal Oscillation
01-JAN-1860 00:00,1860,1,-0.855,NA,PDO,NA,NA,Pacific Decadal Oscillation
01-FEB-1860 00:00,1860,2,-0.795,NA,PDO,NA,NA,Pacific Decadal Oscillation
01-MAR-1860 00:00,1860,3,-0.949,NA,PDO,NA,NA,Pacific Decadal Oscillation
01-APR-1860 00:00,1860,4,-0.639,NA,PDO,NA,NA,Pacific Decadal Oscillation
01-MAY-1860 00:00,1860,5,-0.576,NA,PDO,NA,NA,Pacific Decadal Oscillation
01-JUN-1860 00:00,1860,6,-0.836,NA,PDO,NA,NA,Pacific Decadal Oscillation
01-JUL-1860 00:00,1860,7,0.507,NA,PDO,NA,NA,Pacific Decadal Oscillation
01-AUG-1860 00:00,1860,8,0.463,NA,PDO,NA,NA,Pacific Decadal Oscillation
01-SEP-1860 00:00,1860,9,0.964,NA,PDO,NA,NA,Pacific Decadal Oscillation
01-OCT-1860 00:00,1860,10,-0.806,NA,PDO,NA,NA,Pacific Decadal Oscillation
01-NOV-1860 00:00,1860,11,-0.801,NA,PDO,NA,NA,Pacific Decadal Oscillation
01-DEC-1860 00:00,1860,12,-1.056,NA,PDO,NA,NA,Pacific Decadal Oscillation
01-JAN-1861 00:00,1861,1,-0.579,NA,PDO,NA,NA,Pacific Decadal Oscillation
01-FEB-1861 00:00,1861,2,-0.727,NA,PDO,NA,NA,Pacific Decadal Oscillation
01-MAR-1861 00:00,1861,3,-0.649,NA,PDO,NA,NA,Pacific Decadal Oscillation
01-APR-1861 00:00,1861,4,-0.63,NA,PDO,NA,NA,Pacific Decadal Oscillation
01-MAY-1861 00:00,1861,5,-0.165,NA,PDO,NA,NA,Pacific Decadal Oscillation
01-JUN-1861 00:00,1861,6,-0.153,NA,PDO,NA,NA,Pacific Decadal Oscillation
01-JUL-1861 00:00,1861,7,-0.253,NA,PDO,NA,NA,Pacific Decadal Oscillation
01-AUG-1861 00:00,1861,8,-0.302,NA,PDO,NA,NA,Pacific Decadal Oscillation
01-SEP-1861 00:00,1861,9,-0.757,NA,PDO,NA,NA,Pacific Decadal Oscillation
01-OCT-1861 00:00,1861,10,-1.108,NA,PDO,NA,NA,Pacific Decadal Oscillation
01-NOV-1861 00:00,1861,11,-1.318,NA,PDO,NA,NA,Pacific Decadal Oscillation
01-DEC-1861 00:00,1861,12,-1.293,NA,PDO,NA,NA,Pacific Decadal Oscillation
01-JAN-1862 00:00,1862,1,-0.44,NA,PDO,NA,NA,Pacific Decadal Oscillation
01-FEB-1862 00:00,1862,2,-0.122,NA,PDO,NA,NA,Pacific Decadal Oscillation
01-MAR-1862 00:00,1862,3,0.186,NA,PDO,NA,NA,Pacific Decadal Oscillation
01-APR-1862 00:00,1862,4,0.114,NA,PDO,NA,NA,Pacific Decadal Oscillation
01-MAY-1862 00:00,1862,5,0.092,NA,PDO,NA,NA,Pacific Decadal Oscillation
01-JUN-1862 00:00,1862,6,-0.034,NA,PDO,NA,NA,Pacific Decadal Oscillation
01-JUL-1862 00:00,1862,7,0.028,NA,PDO,NA,NA,Pacific Decadal Oscillation
01-AUG-1862 00:00,1862,8,0.127,NA,PDO,NA,NA,Pacific Decadal Oscillation
01-SEP-1862 00:00,1862,9,-0.398,NA,PDO,NA,NA,Pacific Decadal Oscillation
01-OCT-1862 00:00,1862,10,-0.377,NA,PDO,NA,NA,Pacific Decadal Oscillation
01-NOV-1862 00:00,1862,11,-0.204,NA,PDO,NA,NA,Pacific Decadal Oscillation
01-DEC-1862 00:00,1862,12,-0.171,NA,PDO,NA,NA,Pacific Decadal Oscillation
01-JAN-1863 00:00,1863,1,-0.176,NA,PDO,NA,NA,Pacific Decadal Oscillation
01-FEB-1863 00:00,1863,2,-0.168,NA,PDO,NA,NA,Pacific Decadal Oscillation
01-MAR-1863 00:00,1863,3,-0.112,NA,PDO,NA,NA,Pacific Decadal Oscillation
01-APR-1863 00:00,1863,4,-0.027,NA,PDO,NA,NA,Pacific Decadal Oscillation
01-MAY-1863 00:00,1863,5,0.2,NA,PDO,NA,NA,Pacific Decadal Oscillation
01-JUN-1863 00:00,1863,6,0.144,NA,PDO,NA,NA,Pacific Decadal Oscillation
01-JUL-1863 00:00,1863,7,0.444,NA,PDO,NA,NA,Pacific Decadal Oscillation
01-AUG-1863 00:00,1863,8,0.204,NA,PDO,NA,NA,Pacific Decadal Oscillation
01-SEP-1863 00:00,1863,9,0.433,NA,PDO,NA,NA,Pacific Decadal Oscillation
01-OCT-1863 00:00,1863,10,0.261,NA,PDO,NA,NA,Pacific Decadal Oscillation
01-NOV-1863 00:00,1863,11,0.189,NA,PDO,NA,NA,Pacific Decadal Oscillation
01-DEC-1863 00:00,1863,12,0.043,NA,PDO,NA,NA,Pacific Decadal Oscillation
01-JAN-1864 00:00,1864,1,-0.01,NA,PDO,NA,NA,Pacific Decadal Oscillation
01-FEB-1864 00:00,1864,2,0.161,NA,PDO,NA,NA,Pacific Decadal Oscillation
01-MAR-1864 00:00,1864,3,-0.572,NA,PDO,NA,NA,Pacific Decadal Oscillation
01-APR-1864 00:00,1864,4,-0.473,NA,PDO,NA,NA,Pacific Decadal Oscillation
01-MAY-1864 00:00,1864,5,-0.199,NA,PDO,NA,NA,Pacific Decadal Oscillation
01-JUN-1864 00:00,1864,6,-0.101,NA,PDO,NA,NA,Pacific Decadal Oscillation
01-JUL-1864 00:00,1864,7,0.415,NA,PDO,NA,NA,Pacific Decadal Oscillation
01-AUG-1864 00:00,1864,8,0.131,NA,PDO,NA,NA,Pacific Decadal Oscillation
01-SEP-1864 00:00,1864,9,0.217,NA,PDO,NA,NA,Pacific Decadal Oscillation
01-OCT-1864 00:00,1864,10,0.553,NA,PDO,NA,NA,Pacific Decadal Oscillation
01-NOV-1864 00:00,1864,11,0.824,NA,PDO,NA,NA,Pacific Decadal Oscillation
01-DEC-1864 00:00,1864,12,0.66,NA,PDO,NA,NA,Pacific Decadal Oscillation
01-JAN-1865 00:00,1865,1,-0,NA,PDO,NA,NA,Pacific Decadal Oscillation
01-FEB-1865 00:00,1865,2,-0.141,NA,PDO,NA,NA,Pacific Decadal Oscillation
01-MAR-1865 00:00,1865,3,-0.01,NA,PDO,NA,NA,Pacific Decadal Oscillation
01-APR-1865 00:00,1865,4,0.152,NA,PDO,NA,NA,Pacific Decadal Oscillation
01-MAY-1865 00:00,1865,5,0.174,NA,PDO,NA,NA,Pacific Decadal Oscillation
01-JUN-1865 00:00,1865,6,-0.281,NA,PDO,NA,NA,Pacific Decadal Oscillation
01-JUL-1865 00:00,1865,7,-0.302,NA,PDO,NA,NA,Pacific Decadal Oscillation
01-AUG-1865 00:00,1865,8,-0.109,NA,PDO,NA,NA,Pacific Decadal Oscillation
01-SEP-1865 00:00,1865,9,-0.155,NA,PDO,NA,NA,Pacific Decadal Oscillation
01-OCT-1865 00:00,1865,10,-0.166,NA,PDO,NA,NA,Pacific Decadal Oscillation
01-NOV-1865 00:00,1865,11,-0.348,NA,PDO,NA,NA,Pacific Decadal Oscillation
01-DEC-1865 00:00,1865,12,-0.576,NA,PDO,NA,NA,Pacific Decadal Oscillation
01-JAN-1866 00:00,1866,1,-1.735,NA,PDO,NA,NA,Pacific Decadal Oscillation
01-FEB-1866 00:00,1866,2,-1.599,NA,PDO,NA,NA,Pacific Decadal Oscillation
01-MAR-1866 00:00,1866,3,-1.55,NA,PDO,NA,NA,Pacific Decadal Oscillation
01-APR-1866 00:00,1866,4,-0.76,NA,PDO,NA,NA,Pacific Decadal Oscillation
01-MAY-1866 00:00,1866,5,-0.294,NA,PDO,NA,NA,Pacific Decadal Oscillation
01-JUN-1866 00:00,1866,6,-0.411,NA,PDO,NA,NA,Pacific Decadal Oscillation
01-JUL-1866 00:00,1866,7,-0.064,NA,PDO,NA,NA,Pacific Decadal Oscillation
01-AUG-1866 00:00,1866,8,0.093,NA,PDO,NA,NA,Pacific Decadal Oscillation
01-SEP-1866 00:00,1866,9,0.011,NA,PDO,NA,NA,Pacific Decadal Oscillation
01-OCT-1866 00:00,1866,10,0.169,NA,PDO,NA,NA,Pacific Decadal Oscillation
01-NOV-1866 00:00,1866,11,0.196,NA,PDO,NA,NA,Pacific Decadal Oscillation
01-DEC-1866 00:00,1866,12,-0.2,NA,PDO,NA,NA,Pacific Decadal Oscillation
01-JAN-1867 00:00,1867,1,-0.033,NA,PDO,NA,NA,Pacific Decadal Oscillation
01-FEB-1867 00:00,1867,2,-0.053,NA,PDO,NA,NA,Pacific Decadal Oscillation
01-MAR-1867 00:00,1867,3,-0.114,NA,PDO,NA,NA,Pacific Decadal Oscillation
01-APR-1867 00:00,1867,4,-0.121,NA,PDO,NA,NA,Pacific Decadal Oscillation
01-MAY-1867 00:00,1867,5,0.062,NA,PDO,NA,NA,Pacific Decadal Oscillation
01-JUN-1867 00:00,1867,6,0.064,NA,PDO,NA,NA,Pacific Decadal Oscillation
01-JUL-1867 00:00,1867,7,0.326,NA,PDO,NA,NA,Pacific Decadal Oscillation
01-AUG-1867 00:00,1867,8,0.197,NA,PDO,NA,NA,Pacific Decadal Oscillation
01-SEP-1867 00:00,1867,9,0.111,NA,PDO,NA,NA,Pacific Decadal Oscillation
01-OCT-1867 00:00,1867,10,-0.369,NA,PDO,NA,NA,Pacific Decadal Oscillation
01-NOV-1867 00:00,1867,11,0.004,NA,PDO,NA,NA,Pacific Decadal Oscillation
01-DEC-1867 00:00,1867,12,0.707,NA,PDO,NA,NA,Pacific Decadal Oscillation
01-JAN-1868 00:00,1868,1,0.592,NA,PDO,NA,NA,Pacific Decadal Oscillation
01-FEB-1868 00:00,1868,2,0.283,NA,PDO,NA,NA,Pacific Decadal Oscillation
01-MAR-1868 00:00,1868,3,0.2,NA,PDO,NA,NA,Pacific Decadal Oscillation
01-APR-1868 00:00,1868,4,-0.063,NA,PDO,NA,NA,Pacific Decadal Oscillation
01-MAY-1868 00:00,1868,5,-0.004,NA,PDO,NA,NA,Pacific Decadal Oscillation
01-JUN-1868 00:00,1868,6,0.1,NA,PDO,NA,NA,Pacific Decadal Oscillation
01-JUL-1868 00:00,1868,7,0.373,NA,PDO,NA,NA,Pacific Decadal Oscillation
01-AUG-1868 00:00,1868,8,0.419,NA,PDO,NA,NA,Pacific Decadal Oscillation
01-SEP-1868 00:00,1868,9,0.558,NA,PDO,NA,NA,Pacific Decadal Oscillation
01-OCT-1868 00:00,1868,10,0.23,NA,PDO,NA,NA,Pacific Decadal Oscillation
01-NOV-1868 00:00,1868,11,-0.247,NA,PDO,NA,NA,Pacific Decadal Oscillation
01-DEC-1868 00:00,1868,12,-0.547,NA,PDO,NA,NA,Pacific Decadal Oscillation
01-JAN-1869 00:00,1869,1,-0.491,NA,PDO,NA,NA,Pacific Decadal Oscillation
01-FEB-1869 00:00,1869,2,-0.044,NA,PDO,NA,NA,Pacific Decadal Oscillation
01-MAR-1869 00:00,1869,3,0.418,NA,PDO,NA,NA,Pacific Decadal Oscillation
01-APR-1869 00:00,1869,4,1.137,NA,PDO,NA,NA,Pacific Decadal Oscillation
01-MAY-1869 00:00,1869,5,3.254,NA,PDO,NA,NA,Pacific Decadal Oscillation
01-JUN-1869 00:00,1869,6,3.406,NA,PDO,NA,NA,Pacific Decadal Oscillation
01-JUL-1869 00:00,1869,7,3.375,NA,PDO,NA,NA,Pacific Decadal Oscillation
01-AUG-1869 00:00,1869,8,1.167,NA,PDO,NA,NA,Pacific Decadal Oscillation
01-SEP-1869 00:00,1869,9,0.021,NA,PDO,NA,NA,Pacific Decadal Oscillation
01-OCT-1869 00:00,1869,10,-0.364,NA,PDO,NA,NA,Pacific Decadal Oscillation
01-NOV-1869 00:00,1869,11,-0.454,NA,PDO,NA,NA,Pacific Decadal Oscillation
01-DEC-1869 00:00,1869,12,-0.391,NA,PDO,NA,NA,Pacific Decadal Oscillation
01-JAN-1870 00:00,1870,1,0.21,NA,PDO,NA,NA,Pacific Decadal Oscillation
01-FEB-1870 00:00,1870,2,-0.059,NA,PDO,NA,NA,Pacific Decadal Oscillation
01-MAR-1870 00:00,1870,3,0.323,NA,PDO,NA,NA,Pacific Decadal Oscillation
01-APR-1870 00:00,1870,4,0.081,NA,PDO,NA,NA,Pacific Decadal Oscillation
01-MAY-1870 00:00,1870,5,0.164,NA,PDO,NA,NA,Pacific Decadal Oscillation
01-JUN-1870 00:00,1870,6,-0.232,NA,PDO,NA,NA,Pacific Decadal Oscillation
01-JUL-1870 00:00,1870,7,0.158,NA,PDO,NA,NA,Pacific Decadal Oscillation
01-AUG-1870 00:00,1870,8,0.371,NA,PDO,NA,NA,Pacific Decadal Oscillation
01-SEP-1870 00:00,1870,9,-0.038,NA,PDO,NA,NA,Pacific Decadal Oscillation
01-OCT-1870 00:00,1870,10,-0.307,NA,PDO,NA,NA,Pacific Decadal Oscillation
01-NOV-1870 00:00,1870,11,-0.522,NA,PDO,NA,NA,Pacific Decadal Oscillation
01-DEC-1870 00:00,1870,12,-0.76,NA,PDO,NA,NA,Pacific Decadal Oscillation
01-JAN-1871 00:00,1871,1,-0.456,NA,PDO,NA,NA,Pacific Decadal Oscillation
01-FEB-1871 00:00,1871,2,-0.027,NA,PDO,NA,NA,Pacific Decadal Oscillation
01-MAR-1871 00:00,1871,3,0.157,NA,PDO,NA,NA,Pacific Decadal Oscillation
01-APR-1871 00:00,1871,4,-0.093,NA,PDO,NA,NA,Pacific Decadal Oscillation
01-MAY-1871 00:00,1871,5,-0.464,NA,PDO,NA,NA,Pacific Decadal Oscillation
01-JUN-1871 00:00,1871,6,-0.105,NA,PDO,NA,NA,Pacific Decadal Oscillation
01-JUL-1871 00:00,1871,7,-0.067,NA,PDO,NA,NA,Pacific Decadal Oscillation
01-AUG-1871 00:00,1871,8,0.209,NA,PDO,NA,NA,Pacific Decadal Oscillation
01-SEP-1871 00:00,1871,9,-0.314,NA,PDO,NA,NA,Pacific Decadal Oscillation
01-OCT-1871 00:00,1871,10,-0.574,NA,PDO,NA,NA,Pacific Decadal Oscillation
01-NOV-1871 00:00,1871,11,-0.65,NA,PDO,NA,NA,Pacific Decadal Oscillation
01-DEC-1871 00:00,1871,12,-0.282,NA,PDO,NA,NA,Pacific Decadal Oscillation
01-JAN-1872 00:00,1872,1,-0.319,NA,PDO,NA,NA,Pacific Decadal Oscillation
01-FEB-1872 00:00,1872,2,-0.409,NA,PDO,NA,NA,Pacific Decadal Oscillation
01-MAR-1872 00:00,1872,3,-0.166,NA,PDO,NA,NA,Pacific Decadal Oscillation
01-APR-1872 00:00,1872,4,-0.324,NA,PDO,NA,NA,Pacific Decadal Oscillation
01-MAY-1872 00:00,1872,5,0.059,NA,PDO,NA,NA,Pacific Decadal Oscillation
01-JUN-1872 00:00,1872,6,-0.527,NA,PDO,NA,NA,Pacific Decadal Oscillation
01-JUL-1872 00:00,1872,7,-0.521,NA,PDO,NA,NA,Pacific Decadal Oscillation
01-AUG-1872 00:00,1872,8,-0.444,NA,PDO,NA,NA,Pacific Decadal Oscillation
01-SEP-1872 00:00,1872,9,-0.176,NA,PDO,NA,NA,Pacific Decadal Oscillation
01-OCT-1872 00:00,1872,10,-0.018,NA,PDO,NA,NA,Pacific Decadal Oscillation
01-NOV-1872 00:00,1872,11,-1.537,NA,PDO,NA,NA,Pacific Decadal Oscillation
01-DEC-1872 00:00,1872,12,-1.992,NA,PDO,NA,NA,Pacific Decadal Oscillation
01-JAN-1873 00:00,1873,1,-2.007,NA,PDO,NA,NA,Pacific Decadal Oscillation
01-FEB-1873 00:00,1873,2,-1.732,NA,PDO,NA,NA,Pacific Decadal Oscillation
01-MAR-1873 00:00,1873,3,-1.398,NA,PDO,NA,NA,Pacific Decadal Oscillation
01-APR-1873 00:00,1873,4,-0.628,NA,PDO,NA,NA,Pacific Decadal Oscillation
01-MAY-1873 00:00,1873,5,-0.301,NA,PDO,NA,NA,Pacific Decadal Oscillation
01-JUN-1873 00:00,1873,6,-0.583,NA,PDO,NA,NA,Pacific Decadal Oscillation
01-JUL-1873 00:00,1873,7,-0.632,NA,PDO,NA,NA,Pacific Decadal Oscillation
01-AUG-1873 00:00,1873,8,-0.633,NA,PDO,NA,NA,Pacific Decadal Oscillation
01-SEP-1873 00:00,1873,9,-0.559,NA,PDO,NA,NA,Pacific Decadal Oscillation
01-OCT-1873 00:00,1873,10,-0.328,NA,PDO,NA,NA,Pacific Decadal Oscillation
01-NOV-1873 00:00,1873,11,-0.643,NA,PDO,NA,NA,Pacific Decadal Oscillation
01-DEC-1873 00:00,1873,12,-0.614,NA,PDO,NA,NA,Pacific Decadal Oscillation
01-JAN-1874 00:00,1874,1,-0.501,NA,PDO,NA,NA,Pacific Decadal Oscillation
01-FEB-1874 00:00,1874,2,-0.687,NA,PDO,NA,NA,Pacific Decadal Oscillation
01-MAR-1874 00:00,1874,3,-0.314,NA,PDO,NA,NA,Pacific Decadal Oscillation
01-APR-1874 00:00,1874,4,0,NA,PDO,NA,NA,Pacific Decadal Oscillation
01-MAY-1874 00:00,1874,5,-0.143,NA,PDO,NA,NA,Pacific Decadal Oscillation
01-JUN-1874 00:00,1874,6,-0.238,NA,PDO,NA,NA,Pacific Decadal Oscillation
01-JUL-1874 00:00,1874,7,0.108,NA,PDO,NA,NA,Pacific Decadal Oscillation
01-AUG-1874 00:00,1874,8,0.549,NA,PDO,NA,NA,Pacific Decadal Oscillation
01-SEP-1874 00:00,1874,9,0.38,NA,PDO,NA,NA,Pacific Decadal Oscillation
01-OCT-1874 00:00,1874,10,0.186,NA,PDO,NA,NA,Pacific Decadal Oscillation
01-NOV-1874 00:00,1874,11,0.24,NA,PDO,NA,NA,Pacific Decadal Oscillation
01-DEC-1874 00:00,1874,12,-0.676,NA,PDO,NA,NA,Pacific Decadal Oscillation
01-JAN-1875 00:00,1875,1,-0.98,NA,PDO,NA,NA,Pacific Decadal Oscillation
01-FEB-1875 00:00,1875,2,-1.252,NA,PDO,NA,NA,Pacific Decadal Oscillation
01-MAR-1875 00:00,1875,3,-1.004,NA,PDO,NA,NA,Pacific Decadal Oscillation
01-APR-1875 00:00,1875,4,-0.91,NA,PDO,NA,NA,Pacific Decadal Oscillation
01-MAY-1875 00:00,1875,5,-0.556,NA,PDO,NA,NA,Pacific Decadal Oscillation
01-JUN-1875 00:00,1875,6,-0.416,NA,PDO,NA,NA,Pacific Decadal Oscillation
01-JUL-1875 00:00,1875,7,-0.363,NA,PDO,NA,NA,Pacific Decadal Oscillation
01-AUG-1875 00:00,1875,8,-0.053,NA,PDO,NA,NA,Pacific Decadal Oscillation
01-SEP-1875 00:00,1875,9,-0.061,NA,PDO,NA,NA,Pacific Decadal Oscillation
01-OCT-1875 00:00,1875,10,-0.591,NA,PDO,NA,NA,Pacific Decadal Oscillation
01-NOV-1875 00:00,1875,11,-0.465,NA,PDO,NA,NA,Pacific Decadal Oscillation
01-DEC-1875 00:00,1875,12,0.056,NA,PDO,NA,NA,Pacific Decadal Oscillation
01-JAN-1876 00:00,1876,1,-0.825,NA,PDO,NA,NA,Pacific Decadal Oscillation
01-FEB-1876 00:00,1876,2,-0.764,NA,PDO,NA,NA,Pacific Decadal Oscillation
01-MAR-1876 00:00,1876,3,-0.871,NA,PDO,NA,NA,Pacific Decadal Oscillation
01-APR-1876 00:00,1876,4,-1.353,NA,PDO,NA,NA,Pacific Decadal Oscillation
01-MAY-1876 00:00,1876,5,-1.192,NA,PDO,NA,NA,Pacific Decadal Oscillation
01-JUN-1876 00:00,1876,6,-0.654,NA,PDO,NA,NA,Pacific Decadal Oscillation
01-JUL-1876 00:00,1876,7,-1.865,NA,PDO,NA,NA,Pacific Decadal Oscillation
01-AUG-1876 00:00,1876,8,-1.593,NA,PDO,NA,NA,Pacific Decadal Oscillation
01-SEP-1876 00:00,1876,9,-0.813,NA,PDO,NA,NA,Pacific Decadal Oscillation
01-OCT-1876 00:00,1876,10,0.067,NA,PDO,NA,NA,Pacific Decadal Oscillation
01-NOV-1876 00:00,1876,11,0.337,NA,PDO,NA,NA,Pacific Decadal Oscillation
01-DEC-1876 00:00,1876,12,-0.109,NA,PDO,NA,NA,Pacific Decadal Oscillation
01-JAN-1877 00:00,1877,1,-0.033,NA,PDO,NA,NA,Pacific Decadal Oscillation
01-FEB-1877 00:00,1877,2,0.145,NA,PDO,NA,NA,Pacific Decadal Oscillation
01-MAR-1877 00:00,1877,3,0.2,NA,PDO,NA,NA,Pacific Decadal Oscillation
01-APR-1877 00:00,1877,4,-0.05,NA,PDO,NA,NA,Pacific Decadal Oscillation
01-MAY-1877 00:00,1877,5,-0.128,NA,PDO,NA,NA,Pacific Decadal Oscillation
01-JUN-1877 00:00,1877,6,-0.305,NA,PDO,NA,NA,Pacific Decadal Oscillation
01-JUL-1877 00:00,1877,7,0.277,NA,PDO,NA,NA,Pacific Decadal Oscillation
01-AUG-1877 00:00,1877,8,-0.162,NA,PDO,NA,NA,Pacific Decadal Oscillation
01-SEP-1877 00:00,1877,9,0.103,NA,PDO,NA,NA,Pacific Decadal Oscillation
01-OCT-1877 00:00,1877,10,0.204,NA,PDO,NA,NA,Pacific Decadal Oscillation
01-NOV-1877 00:00,1877,11,0.469,NA,PDO,NA,NA,Pacific Decadal Oscillation
01-DEC-1877 00:00,1877,12,0.591,NA,PDO,NA,NA,Pacific Decadal Oscillation
01-JAN-1878 00:00,1878,1,0.661,NA,PDO,NA,NA,Pacific Decadal Oscillation
01-FEB-1878 00:00,1878,2,1.173,NA,PDO,NA,NA,Pacific Decadal Oscillation
01-MAR-1878 00:00,1878,3,1.277,NA,PDO,NA,NA,Pacific Decadal Oscillation
01-APR-1878 00:00,1878,4,1.661,NA,PDO,NA,NA,Pacific Decadal Oscillation
01-MAY-1878 00:00,1878,5,1.745,NA,PDO,NA,NA,Pacific Decadal Oscillation
01-JUN-1878 00:00,1878,6,1.189,NA,PDO,NA,NA,Pacific Decadal Oscillation
01-JUL-1878 00:00,1878,7,0.81,NA,PDO,NA,NA,Pacific Decadal Oscillation
01-AUG-1878 00:00,1878,8,0.105,NA,PDO,NA,NA,Pacific Decadal Oscillation
01-SEP-1878 00:00,1878,9,-0.954,NA,PDO,NA,NA,Pacific Decadal Oscillation
01-OCT-1878 00:00,1878,10,-0.663,NA,PDO,NA,NA,Pacific Decadal Oscillation
01-NOV-1878 00:00,1878,11,-0.005,NA,PDO,NA,NA,Pacific Decadal Oscillation
01-DEC-1878 00:00,1878,12,1.325,NA,PDO,NA,NA,Pacific Decadal Oscillation
01-JAN-1879 00:00,1879,1,0.14,NA,PDO,NA,NA,Pacific Decadal Oscillation
01-FEB-1879 00:00,1879,2,0.249,NA,PDO,NA,NA,Pacific Decadal Oscillation
01-MAR-1879 00:00,1879,3,0.341,NA,PDO,NA,NA,Pacific Decadal Oscillation
01-APR-1879 00:00,1879,4,0.684,NA,PDO,NA,NA,Pacific Decadal Oscillation
01-MAY-1879 00:00,1879,5,-0.686,NA,PDO,NA,NA,Pacific Decadal Oscillation
01-JUN-1879 00:00,1879,6,-0.843,NA,PDO,NA,NA,Pacific Decadal Oscillation
01-JUL-1879 00:00,1879,7,-1.034,NA,PDO,NA,NA,Pacific Decadal Oscillation
01-AUG-1879 00:00,1879,8,0.026,NA,PDO,NA,NA,Pacific Decadal Oscillation
01-SEP-1879 00:00,1879,9,0.111,NA,PDO,NA,NA,Pacific Decadal Oscillation
01-OCT-1879 00:00,1879,10,0.048,NA,PDO,NA,NA,Pacific Decadal Oscillation
01-NOV-1879 00:00,1879,11,-0.247,NA,PDO,NA,NA,Pacific Decadal Oscillation
01-DEC-1879 00:00,1879,12,-0.053,NA,PDO,NA,NA,Pacific Decadal Oscillation
01-JAN-1880 00:00,1880,1,0.255,NA,PDO,NA,NA,Pacific Decadal Oscillation
01-FEB-1880 00:00,1880,2,-0.323,NA,PDO,NA,NA,Pacific Decadal Oscillation
01-MAR-1880 00:00,1880,3,-0.98,NA,PDO,NA,NA,Pacific Decadal Oscillation
01-APR-1880 00:00,1880,4,-1.736,NA,PDO,NA,NA,Pacific Decadal Oscillation
01-MAY-1880 00:00,1880,5,-2.246,NA,PDO,NA,NA,Pacific Decadal Oscillation
01-JUN-1880 00:00,1880,6,-2.448,NA,PDO,NA,NA,Pacific Decadal Oscillation
01-JUL-1880 00:00,1880,7,-1.564,NA,PDO,NA,NA,Pacific Decadal Oscillation
01-AUG-1880 00:00,1880,8,-1.228,NA,PDO,NA,NA,Pacific Decadal Oscillation
01-SEP-1880 00:00,1880,9,-1.374,NA,PDO,NA,NA,Pacific Decadal Oscillation
01-OCT-1880 00:00,1880,10,0.3,NA,PDO,NA,NA,Pacific Decadal Oscillation
01-NOV-1880 00:00,1880,11,-0.083,NA,PDO,NA,NA,Pacific Decadal Oscillation
01-DEC-1880 00:00,1880,12,-0.016,NA,PDO,NA,NA,Pacific Decadal Oscillation
01-JAN-1881 00:00,1881,1,-0.321,NA,PDO,NA,NA,Pacific Decadal Oscillation
01-FEB-1881 00:00,1881,2,-0.011,NA,PDO,NA,NA,Pacific Decadal Oscillation
01-MAR-1881 00:00,1881,3,0.219,NA,PDO,NA,NA,Pacific Decadal Oscillation
01-APR-1881 00:00,1881,4,0.323,NA,PDO,NA,NA,Pacific Decadal Oscillation
01-MAY-1881 00:00,1881,5,0.682,NA,PDO,NA,NA,Pacific Decadal Oscillation
01-JUN-1881 00:00,1881,6,0.569,NA,PDO,NA,NA,Pacific Decadal Oscillation
01-JUL-1881 00:00,1881,7,-1.122,NA,PDO,NA,NA,Pacific Decadal Oscillation
01-AUG-1881 00:00,1881,8,-1.694,NA,PDO,NA,NA,Pacific Decadal Oscillation
01-SEP-1881 00:00,1881,9,0.492,NA,PDO,NA,NA,Pacific Decadal Oscillation
01-OCT-1881 00:00,1881,10,0.555,NA,PDO,NA,NA,Pacific Decadal Oscillation
01-NOV-1881 00:00,1881,11,0.386,NA,PDO,NA,NA,Pacific Decadal Oscillation
01-DEC-1881 00:00,1881,12,-0.543,NA,PDO,NA,NA,Pacific Decadal Oscillation
01-JAN-1882 00:00,1882,1,-1.514,NA,PDO,NA,NA,Pacific Decadal Oscillation
01-FEB-1882 00:00,1882,2,-1.317,NA,PDO,NA,NA,Pacific Decadal Oscillation
01-MAR-1882 00:00,1882,3,-1.27,NA,PDO,NA,NA,Pacific Decadal Oscillation
01-APR-1882 00:00,1882,4,-1.103,NA,PDO,NA,NA,Pacific Decadal Oscillation
01-MAY-1882 00:00,1882,5,-0.918,NA,PDO,NA,NA,Pacific Decadal Oscillation
01-JUN-1882 00:00,1882,6,-1.447,NA,PDO,NA,NA,Pacific Decadal Oscillation
01-JUL-1882 00:00,1882,7,-2.514,NA,PDO,NA,NA,Pacific Decadal Oscillation
01-AUG-1882 00:00,1882,8,-0.775,NA,PDO,NA,NA,Pacific Decadal Oscillation
01-SEP-1882 00:00,1882,9,-0.411,NA,PDO,NA,NA,Pacific Decadal Oscillation
01-OCT-1882 00:00,1882,10,-0.748,NA,PDO,NA,NA,Pacific Decadal Oscillation
01-NOV-1882 00:00,1882,11,-0.412,NA,PDO,NA,NA,Pacific Decadal Oscillation
01-DEC-1882 00:00,1882,12,0.405,NA,PDO,NA,NA,Pacific Decadal Oscillation
01-JAN-1883 00:00,1883,1,-0.992,NA,PDO,NA,NA,Pacific Decadal Oscillation
01-FEB-1883 00:00,1883,2,-0.865,NA,PDO,NA,NA,Pacific Decadal Oscillation
01-MAR-1883 00:00,1883,3,-0.967,NA,PDO,NA,NA,Pacific Decadal Oscillation
01-APR-1883 00:00,1883,4,-0.07,NA,PDO,NA,NA,Pacific Decadal Oscillation
01-MAY-1883 00:00,1883,5,-0.261,NA,PDO,NA,NA,Pacific Decadal Oscillation
01-JUN-1883 00:00,1883,6,-0.524,NA,PDO,NA,NA,Pacific Decadal Oscillation
01-JUL-1883 00:00,1883,7,-1.626,NA,PDO,NA,NA,Pacific Decadal Oscillation
01-AUG-1883 00:00,1883,8,-1.378,NA,PDO,NA,NA,Pacific Decadal Oscillation
01-SEP-1883 00:00,1883,9,-0.781,NA,PDO,NA,NA,Pacific Decadal Oscillation
01-OCT-1883 00:00,1883,10,-0.726,NA,PDO,NA,NA,Pacific Decadal Oscillation
01-NOV-1883 00:00,1883,11,-0.656,NA,PDO,NA,NA,Pacific Decadal Oscillation
01-DEC-1883 00:00,1883,12,-1.266,NA,PDO,NA,NA,Pacific Decadal Oscillation
01-JAN-1884 00:00,1884,1,-1.397,NA,PDO,NA,NA,Pacific Decadal Oscillation
01-FEB-1884 00:00,1884,2,-1.586,NA,PDO,NA,NA,Pacific Decadal Oscillation
01-MAR-1884 00:00,1884,3,-1.156,NA,PDO,NA,NA,Pacific Decadal Oscillation
01-APR-1884 00:00,1884,4,-0.528,NA,PDO,NA,NA,Pacific Decadal Oscillation
01-MAY-1884 00:00,1884,5,0.439,NA,PDO,NA,NA,Pacific Decadal Oscillation
01-JUN-1884 00:00,1884,6,0.826,NA,PDO,NA,NA,Pacific Decadal Oscillation
01-JUL-1884 00:00,1884,7,1.097,NA,PDO,NA,NA,Pacific Decadal Oscillation
01-AUG-1884 00:00,1884,8,0.902,NA,PDO,NA,NA,Pacific Decadal Oscillation
01-SEP-1884 00:00,1884,9,0.708,NA,PDO,NA,NA,Pacific Decadal Oscillation
01-OCT-1884 00:00,1884,10,1.236,NA,PDO,NA,NA,Pacific Decadal Oscillation
01-NOV-1884 00:00,1884,11,1.909,NA,PDO,NA,NA,Pacific Decadal Oscillation
01-DEC-1884 00:00,1884,12,2.253,NA,PDO,NA,NA,Pacific Decadal Oscillation
01-JAN-1885 00:00,1885,1,2.296,NA,PDO,NA,NA,Pacific Decadal Oscillation
01-FEB-1885 00:00,1885,2,1.356,NA,PDO,NA,NA,Pacific Decadal Oscillation
01-MAR-1885 00:00,1885,3,1.725,NA,PDO,NA,NA,Pacific Decadal Oscillation
01-APR-1885 00:00,1885,4,1.575,NA,PDO,NA,NA,Pacific Decadal Oscillation
01-MAY-1885 00:00,1885,5,1.124,NA,PDO,NA,NA,Pacific Decadal Oscillation
01-JUN-1885 00:00,1885,6,-0,NA,PDO,NA,NA,Pacific Decadal Oscillation
01-JUL-1885 00:00,1885,7,-0.134,NA,PDO,NA,NA,Pacific Decadal Oscillation
01-AUG-1885 00:00,1885,8,0.388,NA,PDO,NA,NA,Pacific Decadal Oscillation
01-SEP-1885 00:00,1885,9,0.263,NA,PDO,NA,NA,Pacific Decadal Oscillation
01-OCT-1885 00:00,1885,10,0.166,NA,PDO,NA,NA,Pacific Decadal Oscillation
01-NOV-1885 00:00,1885,11,-0.05,NA,PDO,NA,NA,Pacific Decadal Oscillation
01-DEC-1885 00:00,1885,12,-0.224,NA,PDO,NA,NA,Pacific Decadal Oscillation
01-JAN-1886 00:00,1886,1,-0.41,NA,PDO,NA,NA,Pacific Decadal Oscillation
01-FEB-1886 00:00,1886,2,0.431,NA,PDO,NA,NA,Pacific Decadal Oscillation
01-MAR-1886 00:00,1886,3,-0.292,NA,PDO,NA,NA,Pacific Decadal Oscillation
01-APR-1886 00:00,1886,4,0.411,NA,PDO,NA,NA,Pacific Decadal Oscillation
01-MAY-1886 00:00,1886,5,0.147,NA,PDO,NA,NA,Pacific Decadal Oscillation
01-JUN-1886 00:00,1886,6,-0.817,NA,PDO,NA,NA,Pacific Decadal Oscillation
01-JUL-1886 00:00,1886,7,-0.006,NA,PDO,NA,NA,Pacific Decadal Oscillation
01-AUG-1886 00:00,1886,8,-0.057,NA,PDO,NA,NA,Pacific Decadal Oscillation
01-SEP-1886 00:00,1886,9,-0.068,NA,PDO,NA,NA,Pacific Decadal Oscillation
01-OCT-1886 00:00,1886,10,-0.831,NA,PDO,NA,NA,Pacific Decadal Oscillation
01-NOV-1886 00:00,1886,11,-1.9,NA,PDO,NA,NA,Pacific Decadal Oscillation
01-DEC-1886 00:00,1886,12,-1.451,NA,PDO,NA,NA,Pacific Decadal Oscillation
01-JAN-1887 00:00,1887,1,-0.945,NA,PDO,NA,NA,Pacific Decadal Oscillation
01-FEB-1887 00:00,1887,2,-1.193,NA,PDO,NA,NA,Pacific Decadal Oscillation
01-MAR-1887 00:00,1887,3,-1.544,NA,PDO,NA,NA,Pacific Decadal Oscillation
01-APR-1887 00:00,1887,4,-1.178,NA,PDO,NA,NA,Pacific Decadal Oscillation
01-MAY-1887 00:00,1887,5,-0.32,NA,PDO,NA,NA,Pacific Decadal Oscillation
01-JUN-1887 00:00,1887,6,0.455,NA,PDO,NA,NA,Pacific Decadal Oscillation
01-JUL-1887 00:00,1887,7,1.478,NA,PDO,NA,NA,Pacific Decadal Oscillation
01-AUG-1887 00:00,1887,8,-0.486,NA,PDO,NA,NA,Pacific Decadal Oscillation
01-SEP-1887 00:00,1887,9,-1.527,NA,PDO,NA,NA,Pacific Decadal Oscillation
01-OCT-1887 00:00,1887,10,-0.836,NA,PDO,NA,NA,Pacific Decadal Oscillation
01-NOV-1887 00:00,1887,11,-0.588,NA,PDO,NA,NA,Pacific Decadal Oscillation
01-DEC-1887 00:00,1887,12,-0.744,NA,PDO,NA,NA,Pacific Decadal Oscillation
01-JAN-1888 00:00,1888,1,-0.682,NA,PDO,NA,NA,Pacific Decadal Oscillation
01-FEB-1888 00:00,1888,2,0.085,NA,PDO,NA,NA,Pacific Decadal Oscillation
01-MAR-1888 00:00,1888,3,0.013,NA,PDO,NA,NA,Pacific Decadal Oscillation
01-APR-1888 00:00,1888,4,0.02,NA,PDO,NA,NA,Pacific Decadal Oscillation
01-MAY-1888 00:00,1888,5,1.09,NA,PDO,NA,NA,Pacific Decadal Oscillation
01-JUN-1888 00:00,1888,6,1.178,NA,PDO,NA,NA,Pacific Decadal Oscillation
01-JUL-1888 00:00,1888,7,1.33,NA,PDO,NA,NA,Pacific Decadal Oscillation
01-AUG-1888 00:00,1888,8,1.163,NA,PDO,NA,NA,Pacific Decadal Oscillation
01-SEP-1888 00:00,1888,9,1.177,NA,PDO,NA,NA,Pacific Decadal Oscillation
01-OCT-1888 00:00,1888,10,0.757,NA,PDO,NA,NA,Pacific Decadal Oscillation
01-NOV-1888 00:00,1888,11,0.715,NA,PDO,NA,NA,Pacific Decadal Oscillation
01-DEC-1888 00:00,1888,12,0.396,NA,PDO,NA,NA,Pacific Decadal Oscillation
01-JAN-1889 00:00,1889,1,0.446,NA,PDO,NA,NA,Pacific Decadal Oscillation
01-FEB-1889 00:00,1889,2,0.142,NA,PDO,NA,NA,Pacific Decadal Oscillation
01-MAR-1889 00:00,1889,3,0.414,NA,PDO,NA,NA,Pacific Decadal Oscillation
01-APR-1889 00:00,1889,4,1.072,NA,PDO,NA,NA,Pacific Decadal Oscillation
01-MAY-1889 00:00,1889,5,1.277,NA,PDO,NA,NA,Pacific Decadal Oscillation
01-JUN-1889 00:00,1889,6,1.197,NA,PDO,NA,NA,Pacific Decadal Oscillation
01-JUL-1889 00:00,1889,7,0.726,NA,PDO,NA,NA,Pacific Decadal Oscillation
01-AUG-1889 00:00,1889,8,-0.422,NA,PDO,NA,NA,Pacific Decadal Oscillation
01-SEP-1889 00:00,1889,9,-0.713,NA,PDO,NA,NA,Pacific Decadal Oscillation
01-OCT-1889 00:00,1889,10,-0.272,NA,PDO,NA,NA,Pacific Decadal Oscillation
01-NOV-1889 00:00,1889,11,1.15,NA,PDO,NA,NA,Pacific Decadal Oscillation
01-DEC-1889 00:00,1889,12,-0.006,NA,PDO,NA,NA,Pacific Decadal Oscillation
01-JAN-1890 00:00,1890,1,-0.51,NA,PDO,NA,NA,Pacific Decadal Oscillation
01-FEB-1890 00:00,1890,2,-0.872,NA,PDO,NA,NA,Pacific Decadal Oscillation
01-MAR-1890 00:00,1890,3,-1.194,NA,PDO,NA,NA,Pacific Decadal Oscillation
01-APR-1890 00:00,1890,4,-0.733,NA,PDO,NA,NA,Pacific Decadal Oscillation
01-MAY-1890 00:00,1890,5,-0.883,NA,PDO,NA,NA,Pacific Decadal Oscillation
01-JUN-1890 00:00,1890,6,-2.646,NA,PDO,NA,NA,Pacific Decadal Oscillation
01-JUL-1890 00:00,1890,7,-0.836,NA,PDO,NA,NA,Pacific Decadal Oscillation
01-AUG-1890 00:00,1890,8,-0.521,NA,PDO,NA,NA,Pacific Decadal Oscillation
01-SEP-1890 00:00,1890,9,1.586,NA,PDO,NA,NA,Pacific Decadal Oscillation
01-OCT-1890 00:00,1890,10,-0.131,NA,PDO,NA,NA,Pacific Decadal Oscillation
01-NOV-1890 00:00,1890,11,-0.524,NA,PDO,NA,NA,Pacific Decadal Oscillation
01-DEC-1890 00:00,1890,12,-1.211,NA,PDO,NA,NA,Pacific Decadal Oscillation
01-JAN-1891 00:00,1891,1,-0.436,NA,PDO,NA,NA,Pacific Decadal Oscillation
01-FEB-1891 00:00,1891,2,-0.622,NA,PDO,NA,NA,Pacific Decadal Oscillation
01-MAR-1891 00:00,1891,3,-0.634,NA,PDO,NA,NA,Pacific Decadal Oscillation
01-APR-1891 00:00,1891,4,-0.211,NA,PDO,NA,NA,Pacific Decadal Oscillation
01-MAY-1891 00:00,1891,5,0.839,NA,PDO,NA,NA,Pacific Decadal Oscillation
01-JUN-1891 00:00,1891,6,0.989,NA,PDO,NA,NA,Pacific Decadal Oscillation
01-JUL-1891 00:00,1891,7,0.979,NA,PDO,NA,NA,Pacific Decadal Oscillation
01-AUG-1891 00:00,1891,8,0.536,NA,PDO,NA,NA,Pacific Decadal Oscillation
01-SEP-1891 00:00,1891,9,0.345,NA,PDO,NA,NA,Pacific Decadal Oscillation
01-OCT-1891 00:00,1891,10,0.946,NA,PDO,NA,NA,Pacific Decadal Oscillation
01-NOV-1891 00:00,1891,11,0.295,NA,PDO,NA,NA,Pacific Decadal Oscillation
01-DEC-1891 00:00,1891,12,-0.178,NA,PDO,NA,NA,Pacific Decadal Oscillation
01-JAN-1892 00:00,1892,1,-0.919,NA,PDO,NA,NA,Pacific Decadal Oscillation
01-FEB-1892 00:00,1892,2,-1.015,NA,PDO,NA,NA,Pacific Decadal Oscillation
01-MAR-1892 00:00,1892,3,-0.715,NA,PDO,NA,NA,Pacific Decadal Oscillation
01-APR-1892 00:00,1892,4,-1.044,NA,PDO,NA,NA,Pacific Decadal Oscillation
01-MAY-1892 00:00,1892,5,-2.423,NA,PDO,NA,NA,Pacific Decadal Oscillation
01-JUN-1892 00:00,1892,6,-1.884,NA,PDO,NA,NA,Pacific Decadal Oscillation
01-JUL-1892 00:00,1892,7,-1.748,NA,PDO,NA,NA,Pacific Decadal Oscillation
01-AUG-1892 00:00,1892,8,-2.387,NA,PDO,NA,NA,Pacific Decadal Oscillation
01-SEP-1892 00:00,1892,9,-2.043,NA,PDO,NA,NA,Pacific Decadal Oscillation
01-OCT-1892 00:00,1892,10,-2.119,NA,PDO,NA,NA,Pacific Decadal Oscillation
01-NOV-1892 00:00,1892,11,-1.944,NA,PDO,NA,NA,Pacific Decadal Oscillation
01-DEC-1892 00:00,1892,12,-1.023,NA,PDO,NA,NA,Pacific Decadal Oscillation
01-JAN-1893 00:00,1893,1,-0.44,NA,PDO,NA,NA,Pacific Decadal Oscillation
01-FEB-1893 00:00,1893,2,-0.491,NA,PDO,NA,NA,Pacific Decadal Oscillation
01-MAR-1893 00:00,1893,3,-0.693,NA,PDO,NA,NA,Pacific Decadal Oscillation
01-APR-1893 00:00,1893,4,-1.348,NA,PDO,NA,NA,Pacific Decadal Oscillation
01-MAY-1893 00:00,1893,5,-2.07,NA,PDO,NA,NA,Pacific Decadal Oscillation
01-JUN-1893 00:00,1893,6,-1.954,NA,PDO,NA,NA,Pacific Decadal Oscillation
01-JUL-1893 00:00,1893,7,-1.858,NA,PDO,NA,NA,Pacific Decadal Oscillation
01-AUG-1893 00:00,1893,8,-0.497,NA,PDO,NA,NA,Pacific Decadal Oscillation
01-SEP-1893 00:00,1893,9,-0.168,NA,PDO,NA,NA,Pacific Decadal Oscillation
01-OCT-1893 00:00,1893,10,-0.544,NA,PDO,NA,NA,Pacific Decadal Oscillation
01-NOV-1893 00:00,1893,11,-0.703,NA,PDO,NA,NA,Pacific Decadal Oscillation
01-DEC-1893 00:00,1893,12,-1.518,NA,PDO,NA,NA,Pacific Decadal Oscillation
01-JAN-1894 00:00,1894,1,-1.419,NA,PDO,NA,NA,Pacific Decadal Oscillation
01-FEB-1894 00:00,1894,2,-1.953,NA,PDO,NA,NA,Pacific Decadal Oscillation
01-MAR-1894 00:00,1894,3,-2.647,NA,PDO,NA,NA,Pacific Decadal Oscillation
01-APR-1894 00:00,1894,4,-2.634,NA,PDO,NA,NA,Pacific Decadal Oscillation
01-MAY-1894 00:00,1894,5,-2.941,NA,PDO,NA,NA,Pacific Decadal Oscillation
01-JUN-1894 00:00,1894,6,-2.393,NA,PDO,NA,NA,Pacific Decadal Oscillation
01-JUL-1894 00:00,1894,7,-2.731,NA,PDO,NA,NA,Pacific Decadal Oscillation
01-AUG-1894 00:00,1894,8,-1.737,NA,PDO,NA,NA,Pacific Decadal Oscillation
01-SEP-1894 00:00,1894,9,-1.803,NA,PDO,NA,NA,Pacific Decadal Oscillation
01-OCT-1894 00:00,1894,10,-2.264,NA,PDO,NA,NA,Pacific Decadal Oscillation
01-NOV-1894 00:00,1894,11,-3.001,NA,PDO,NA,NA,Pacific Decadal Oscillation
01-DEC-1894 00:00,1894,12,-1.4,NA,PDO,NA,NA,Pacific Decadal Oscillation
01-JAN-1895 00:00,1895,1,-0.865,NA,PDO,NA,NA,Pacific Decadal Oscillation
01-FEB-1895 00:00,1895,2,-0.515,NA,PDO,NA,NA,Pacific Decadal Oscillation
01-MAR-1895 00:00,1895,3,-0.463,NA,PDO,NA,NA,Pacific Decadal Oscillation
01-APR-1895 00:00,1895,4,-0.734,NA,PDO,NA,NA,Pacific Decadal Oscillation
01-MAY-1895 00:00,1895,5,-0.223,NA,PDO,NA,NA,Pacific Decadal Oscillation
01-JUN-1895 00:00,1895,6,-0.508,NA,PDO,NA,NA,Pacific Decadal Oscillation
01-JUL-1895 00:00,1895,7,0.124,NA,PDO,NA,NA,Pacific Decadal Oscillation
01-AUG-1895 00:00,1895,8,-0.172,NA,PDO,NA,NA,Pacific Decadal Oscillation
01-SEP-1895 00:00,1895,9,-1.067,NA,PDO,NA,NA,Pacific Decadal Oscillation
01-OCT-1895 00:00,1895,10,-0.856,NA,PDO,NA,NA,Pacific Decadal Oscillation
01-NOV-1895 00:00,1895,11,-1.092,NA,PDO,NA,NA,Pacific Decadal Oscillation
01-DEC-1895 00:00,1895,12,-0.349,NA,PDO,NA,NA,Pacific Decadal Oscillation
01-JAN-1896 00:00,1896,1,0.245,NA,PDO,NA,NA,Pacific Decadal Oscillation
01-FEB-1896 00:00,1896,2,0.139,NA,PDO,NA,NA,Pacific Decadal Oscillation
01-MAR-1896 00:00,1896,3,-0.045,NA,PDO,NA,NA,Pacific Decadal Oscillation
01-APR-1896 00:00,1896,4,-0.44,NA,PDO,NA,NA,Pacific Decadal Oscillation
01-MAY-1896 00:00,1896,5,-0.85,NA,PDO,NA,NA,Pacific Decadal Oscillation
01-JUN-1896 00:00,1896,6,-0.667,NA,PDO,NA,NA,Pacific Decadal Oscillation
01-JUL-1896 00:00,1896,7,-0.169,NA,PDO,NA,NA,Pacific Decadal Oscillation
01-AUG-1896 00:00,1896,8,0.183,NA,PDO,NA,NA,Pacific Decadal Oscillation
01-SEP-1896 00:00,1896,9,1.199,NA,PDO,NA,NA,Pacific Decadal Oscillation
01-OCT-1896 00:00,1896,10,0.207,NA,PDO,NA,NA,Pacific Decadal Oscillation
01-NOV-1896 00:00,1896,11,0.237,NA,PDO,NA,NA,Pacific Decadal Oscillation
01-DEC-1896 00:00,1896,12,0.256,NA,PDO,NA,NA,Pacific Decadal Oscillation
01-JAN-1897 00:00,1897,1,0.461,NA,PDO,NA,NA,Pacific Decadal Oscillation
01-FEB-1897 00:00,1897,2,-0.138,NA,PDO,NA,NA,Pacific Decadal Oscillation
01-MAR-1897 00:00,1897,3,-0.398,NA,PDO,NA,NA,Pacific Decadal Oscillation
01-APR-1897 00:00,1897,4,0.01,NA,PDO,NA,NA,Pacific Decadal Oscillation
01-MAY-1897 00:00,1897,5,0.575,NA,PDO,NA,NA,Pacific Decadal Oscillation
01-JUN-1897 00:00,1897,6,0.781,NA,PDO,NA,NA,Pacific Decadal Oscillation
01-JUL-1897 00:00,1897,7,0.774,NA,PDO,NA,NA,Pacific Decadal Oscillation
01-AUG-1897 00:00,1897,8,0.192,NA,PDO,NA,NA,Pacific Decadal Oscillation
01-SEP-1897 00:00,1897,9,-0.489,NA,PDO,NA,NA,Pacific Decadal Oscillation
01-OCT-1897 00:00,1897,10,0.198,NA,PDO,NA,NA,Pacific Decadal Oscillation
01-NOV-1897 00:00,1897,11,0.411,NA,PDO,NA,NA,Pacific Decadal Oscillation
01-DEC-1897 00:00,1897,12,0.062,NA,PDO,NA,NA,Pacific Decadal Oscillation
01-JAN-1898 00:00,1898,1,0.121,NA,PDO,NA,NA,Pacific Decadal Oscillation
01-FEB-1898 00:00,1898,2,-0.072,NA,PDO,NA,NA,Pacific Decadal Oscillation
01-MAR-1898 00:00,1898,3,-0.343,NA,PDO,NA,NA,Pacific Decadal Oscillation
01-APR-1898 00:00,1898,4,0.005,NA,PDO,NA,NA,Pacific Decadal Oscillation
01-MAY-1898 00:00,1898,5,-0.395,NA,PDO,NA,NA,Pacific Decadal Oscillation
01-JUN-1898 00:00,1898,6,0.003,NA,PDO,NA,NA,Pacific Decadal Oscillation
01-JUL-1898 00:00,1898,7,-0.484,NA,PDO,NA,NA,Pacific Decadal Oscillation
01-AUG-1898 00:00,1898,8,0.351,NA,PDO,NA,NA,Pacific Decadal Oscillation
01-SEP-1898 00:00,1898,9,0.323,NA,PDO,NA,NA,Pacific Decadal Oscillation
01-OCT-1898 00:00,1898,10,0.125,NA,PDO,NA,NA,Pacific Decadal Oscillation
01-NOV-1898 00:00,1898,11,0.586,NA,PDO,NA,NA,Pacific Decadal Oscillation
01-DEC-1898 00:00,1898,12,0.197,NA,PDO,NA,NA,Pacific Decadal Oscillation
01-JAN-1899 00:00,1899,1,0.049,NA,PDO,NA,NA,Pacific Decadal Oscillation
01-FEB-1899 00:00,1899,2,-0.531,NA,PDO,NA,NA,Pacific Decadal Oscillation
01-MAR-1899 00:00,1899,3,-0.398,NA,PDO,NA,NA,Pacific Decadal Oscillation
01-APR-1899 00:00,1899,4,-0.283,NA,PDO,NA,NA,Pacific Decadal Oscillation
01-MAY-1899 00:00,1899,5,-0.582,NA,PDO,NA,NA,Pacific Decadal Oscillation
01-JUN-1899 00:00,1899,6,-0.972,NA,PDO,NA,NA,Pacific Decadal Oscillation
01-JUL-1899 00:00,1899,7,-0.1,NA,PDO,NA,NA,Pacific Decadal Oscillation
01-AUG-1899 00:00,1899,8,0.571,NA,PDO,NA,NA,Pacific Decadal Oscillation
01-SEP-1899 00:00,1899,9,0.596,NA,PDO,NA,NA,Pacific Decadal Oscillation
01-OCT-1899 00:00,1899,10,-0.086,NA,PDO,NA,NA,Pacific Decadal Oscillation
01-NOV-1899 00:00,1899,11,0.383,NA,PDO,NA,NA,Pacific Decadal Oscillation
01-DEC-1899 00:00,1899,12,0.399,NA,PDO,NA,NA,Pacific Decadal Oscillation
01-JAN-1900 00:00,1900,1,0.909,NA,PDO,NA,NA,Pacific Decadal Oscillation
01-FEB-1900 00:00,1900,2,0.395,NA,PDO,NA,NA,Pacific Decadal Oscillation
01-MAR-1900 00:00,1900,3,0.797,NA,PDO,NA,NA,Pacific Decadal Oscillation
01-APR-1900 00:00,1900,4,1.735,NA,PDO,NA,NA,Pacific Decadal Oscillation
01-MAY-1900 00:00,1900,5,1.276,NA,PDO,NA,NA,Pacific Decadal Oscillation
01-JUN-1900 00:00,1900,6,1.003,NA,PDO,NA,NA,Pacific Decadal Oscillation
01-JUL-1900 00:00,1900,7,1.005,NA,PDO,NA,NA,Pacific Decadal Oscillation
01-AUG-1900 00:00,1900,8,1.246,NA,PDO,NA,NA,Pacific Decadal Oscillation
01-SEP-1900 00:00,1900,9,-0.23,NA,PDO,NA,NA,Pacific Decadal Oscillation
01-OCT-1900 00:00,1900,10,0.122,NA,PDO,NA,NA,Pacific Decadal Oscillation
01-NOV-1900 00:00,1900,11,0.657,NA,PDO,NA,NA,Pacific Decadal Oscillation
01-DEC-1900 00:00,1900,12,0.651,NA,PDO,NA,NA,Pacific Decadal Oscillation
01-JAN-1901 00:00,1901,1,1.146,NA,PDO,NA,NA,Pacific Decadal Oscillation
01-FEB-1901 00:00,1901,2,0.671,NA,PDO,NA,NA,Pacific Decadal Oscillation
01-MAR-1901 00:00,1901,3,-0.317,NA,PDO,NA,NA,Pacific Decadal Oscillation
01-APR-1901 00:00,1901,4,-0.437,NA,PDO,NA,NA,Pacific Decadal Oscillation
01-MAY-1901 00:00,1901,5,-1.034,NA,PDO,NA,NA,Pacific Decadal Oscillation
01-JUN-1901 00:00,1901,6,-1.072,NA,PDO,NA,NA,Pacific Decadal Oscillation
01-JUL-1901 00:00,1901,7,-1.138,NA,PDO,NA,NA,Pacific Decadal Oscillation
01-AUG-1901 00:00,1901,8,-0.466,NA,PDO,NA,NA,Pacific Decadal Oscillation
01-SEP-1901 00:00,1901,9,0.092,NA,PDO,NA,NA,Pacific Decadal Oscillation
01-OCT-1901 00:00,1901,10,0.227,NA,PDO,NA,NA,Pacific Decadal Oscillation
01-NOV-1901 00:00,1901,11,0.074,NA,PDO,NA,NA,Pacific Decadal Oscillation
01-DEC-1901 00:00,1901,12,0.327,NA,PDO,NA,NA,Pacific Decadal Oscillation
01-JAN-1902 00:00,1902,1,1.098,NA,PDO,NA,NA,Pacific Decadal Oscillation
01-FEB-1902 00:00,1902,2,0.44,NA,PDO,NA,NA,Pacific Decadal Oscillation
01-MAR-1902 00:00,1902,3,0.3,NA,PDO,NA,NA,Pacific Decadal Oscillation
01-APR-1902 00:00,1902,4,0.382,NA,PDO,NA,NA,Pacific Decadal Oscillation
01-MAY-1902 00:00,1902,5,1.002,NA,PDO,NA,NA,Pacific Decadal Oscillation
01-JUN-1902 00:00,1902,6,1.967,NA,PDO,NA,NA,Pacific Decadal Oscillation
01-JUL-1902 00:00,1902,7,2.492,NA,PDO,NA,NA,Pacific Decadal Oscillation
01-AUG-1902 00:00,1902,8,1.593,NA,PDO,NA,NA,Pacific Decadal Oscillation
01-SEP-1902 00:00,1902,9,0.965,NA,PDO,NA,NA,Pacific Decadal Oscillation
01-OCT-1902 00:00,1902,10,1.035,NA,PDO,NA,NA,Pacific Decadal Oscillation
01-NOV-1902 00:00,1902,11,0.465,NA,PDO,NA,NA,Pacific Decadal Oscillation
01-DEC-1902 00:00,1902,12,0.227,NA,PDO,NA,NA,Pacific Decadal Oscillation
01-JAN-1903 00:00,1903,1,-0.038,NA,PDO,NA,NA,Pacific Decadal Oscillation
01-FEB-1903 00:00,1903,2,0.116,NA,PDO,NA,NA,Pacific Decadal Oscillation
01-MAR-1903 00:00,1903,3,-0.135,NA,PDO,NA,NA,Pacific Decadal Oscillation
01-APR-1903 00:00,1903,4,-0.934,NA,PDO,NA,NA,Pacific Decadal Oscillation
01-MAY-1903 00:00,1903,5,-0.403,NA,PDO,NA,NA,Pacific Decadal Oscillation
01-JUN-1903 00:00,1903,6,-0.063,NA,PDO,NA,NA,Pacific Decadal Oscillation
01-JUL-1903 00:00,1903,7,1.302,NA,PDO,NA,NA,Pacific Decadal Oscillation
01-AUG-1903 00:00,1903,8,1.152,NA,PDO,NA,NA,Pacific Decadal Oscillation
01-SEP-1903 00:00,1903,9,0.601,NA,PDO,NA,NA,Pacific Decadal Oscillation
01-OCT-1903 00:00,1903,10,0.466,NA,PDO,NA,NA,Pacific Decadal Oscillation
01-NOV-1903 00:00,1903,11,-0.187,NA,PDO,NA,NA,Pacific Decadal Oscillation
01-DEC-1903 00:00,1903,12,-0.017,NA,PDO,NA,NA,Pacific Decadal Oscillation
01-JAN-1904 00:00,1904,1,0.915,NA,PDO,NA,NA,Pacific Decadal Oscillation
01-FEB-1904 00:00,1904,2,0.262,NA,PDO,NA,NA,Pacific Decadal Oscillation
01-MAR-1904 00:00,1904,3,0.55,NA,PDO,NA,NA,Pacific Decadal Oscillation
01-APR-1904 00:00,1904,4,0.108,NA,PDO,NA,NA,Pacific Decadal Oscillation
01-MAY-1904 00:00,1904,5,0.339,NA,PDO,NA,NA,Pacific Decadal Oscillation
01-JUN-1904 00:00,1904,6,-0.123,NA,PDO,NA,NA,Pacific Decadal Oscillation
01-JUL-1904 00:00,1904,7,0.056,NA,PDO,NA,NA,Pacific Decadal Oscillation
01-AUG-1904 00:00,1904,8,1.556,NA,PDO,NA,NA,Pacific Decadal Oscillation
01-SEP-1904 00:00,1904,9,1.992,NA,PDO,NA,NA,Pacific Decadal Oscillation
01-OCT-1904 00:00,1904,10,1.767,NA,PDO,NA,NA,Pacific Decadal Oscillation
01-NOV-1904 00:00,1904,11,1.659,NA,PDO,NA,NA,Pacific Decadal Oscillation
01-DEC-1904 00:00,1904,12,2.808,NA,PDO,NA,NA,Pacific Decadal Oscillation
01-JAN-1905 00:00,1905,1,2.479,NA,PDO,NA,NA,Pacific Decadal Oscillation
01-FEB-1905 00:00,1905,2,1.301,NA,PDO,NA,NA,Pacific Decadal Oscillation
01-MAR-1905 00:00,1905,3,0.584,NA,PDO,NA,NA,Pacific Decadal Oscillation
01-APR-1905 00:00,1905,4,1.684,NA,PDO,NA,NA,Pacific Decadal Oscillation
01-MAY-1905 00:00,1905,5,1.252,NA,PDO,NA,NA,Pacific Decadal Oscillation
01-JUN-1905 00:00,1905,6,1.393,NA,PDO,NA,NA,Pacific Decadal Oscillation
01-JUL-1905 00:00,1905,7,2.093,NA,PDO,NA,NA,Pacific Decadal Oscillation
01-AUG-1905 00:00,1905,8,2.066,NA,PDO,NA,NA,Pacific Decadal Oscillation
01-SEP-1905 00:00,1905,9,1.798,NA,PDO,NA,NA,Pacific Decadal Oscillation
01-OCT-1905 00:00,1905,10,-0.218,NA,PDO,NA,NA,Pacific Decadal Oscillation
01-NOV-1905 00:00,1905,11,0.565,NA,PDO,NA,NA,Pacific Decadal Oscillation
01-DEC-1905 00:00,1905,12,-0.99,NA,PDO,NA,NA,Pacific Decadal Oscillation
01-JAN-1906 00:00,1906,1,1.175,NA,PDO,NA,NA,Pacific Decadal Oscillation
01-FEB-1906 00:00,1906,2,1.218,NA,PDO,NA,NA,Pacific Decadal Oscillation
01-MAR-1906 00:00,1906,3,0.566,NA,PDO,NA,NA,Pacific Decadal Oscillation
01-APR-1906 00:00,1906,4,0.512,NA,PDO,NA,NA,Pacific Decadal Oscillation
01-MAY-1906 00:00,1906,5,1.274,NA,PDO,NA,NA,Pacific Decadal Oscillation
01-JUN-1906 00:00,1906,6,0.719,NA,PDO,NA,NA,Pacific Decadal Oscillation
01-JUL-1906 00:00,1906,7,1.331,NA,PDO,NA,NA,Pacific Decadal Oscillation
01-AUG-1906 00:00,1906,8,0.919,NA,PDO,NA,NA,Pacific Decadal Oscillation
01-SEP-1906 00:00,1906,9,0.188,NA,PDO,NA,NA,Pacific Decadal Oscillation
01-OCT-1906 00:00,1906,10,1.005,NA,PDO,NA,NA,Pacific Decadal Oscillation
01-NOV-1906 00:00,1906,11,0.629,NA,PDO,NA,NA,Pacific Decadal Oscillation
01-DEC-1906 00:00,1906,12,-0.577,NA,PDO,NA,NA,Pacific Decadal Oscillation
01-JAN-1907 00:00,1907,1,-0.65,NA,PDO,NA,NA,Pacific Decadal Oscillation
01-FEB-1907 00:00,1907,2,-0.477,NA,PDO,NA,NA,Pacific Decadal Oscillation
01-MAR-1907 00:00,1907,3,-1.773,NA,PDO,NA,NA,Pacific Decadal Oscillation
01-APR-1907 00:00,1907,4,-1.206,NA,PDO,NA,NA,Pacific Decadal Oscillation
01-MAY-1907 00:00,1907,5,0.446,NA,PDO,NA,NA,Pacific Decadal Oscillation
01-JUN-1907 00:00,1907,6,0.747,NA,PDO,NA,NA,Pacific Decadal Oscillation
01-JUL-1907 00:00,1907,7,0.642,NA,PDO,NA,NA,Pacific Decadal Oscillation
01-AUG-1907 00:00,1907,8,-0.044,NA,PDO,NA,NA,Pacific Decadal Oscillation
01-SEP-1907 00:00,1907,9,1.103,NA,PDO,NA,NA,Pacific Decadal Oscillation
01-OCT-1907 00:00,1907,10,1.905,NA,PDO,NA,NA,Pacific Decadal Oscillation
01-NOV-1907 00:00,1907,11,1.597,NA,PDO,NA,NA,Pacific Decadal Oscillation
01-DEC-1907 00:00,1907,12,1.588,NA,PDO,NA,NA,Pacific Decadal Oscillation
01-JAN-1908 00:00,1908,1,1.259,NA,PDO,NA,NA,Pacific Decadal Oscillation
01-FEB-1908 00:00,1908,2,1.196,NA,PDO,NA,NA,Pacific Decadal Oscillation
01-MAR-1908 00:00,1908,3,0.281,NA,PDO,NA,NA,Pacific Decadal Oscillation
01-APR-1908 00:00,1908,4,-0.008,NA,PDO,NA,NA,Pacific Decadal Oscillation
01-MAY-1908 00:00,1908,5,0.148,NA,PDO,NA,NA,Pacific Decadal Oscillation
01-JUN-1908 00:00,1908,6,0.211,NA,PDO,NA,NA,Pacific Decadal Oscillation
01-JUL-1908 00:00,1908,7,0.293,NA,PDO,NA,NA,Pacific Decadal Oscillation
01-AUG-1908 00:00,1908,8,-0.213,NA,PDO,NA,NA,Pacific Decadal Oscillation
01-SEP-1908 00:00,1908,9,0.816,NA,PDO,NA,NA,Pacific Decadal Oscillation
01-OCT-1908 00:00,1908,10,1.114,NA,PDO,NA,NA,Pacific Decadal Oscillation
01-NOV-1908 00:00,1908,11,1.581,NA,PDO,NA,NA,Pacific Decadal Oscillation
01-DEC-1908 00:00,1908,12,0.829,NA,PDO,NA,NA,Pacific Decadal Oscillation
01-JAN-1909 00:00,1909,1,0.316,NA,PDO,NA,NA,Pacific Decadal Oscillation
01-FEB-1909 00:00,1909,2,0.542,NA,PDO,NA,NA,Pacific Decadal Oscillation
01-MAR-1909 00:00,1909,3,0.664,NA,PDO,NA,NA,Pacific Decadal Oscillation
01-APR-1909 00:00,1909,4,0.127,NA,PDO,NA,NA,Pacific Decadal Oscillation
01-MAY-1909 00:00,1909,5,-0.309,NA,PDO,NA,NA,Pacific Decadal Oscillation
01-JUN-1909 00:00,1909,6,-0.696,NA,PDO,NA,NA,Pacific Decadal Oscillation
01-JUL-1909 00:00,1909,7,-1.218,NA,PDO,NA,NA,Pacific Decadal Oscillation
01-AUG-1909 00:00,1909,8,-2.06,NA,PDO,NA,NA,Pacific Decadal Oscillation
01-SEP-1909 00:00,1909,9,-1.825,NA,PDO,NA,NA,Pacific Decadal Oscillation
01-OCT-1909 00:00,1909,10,-1.213,NA,PDO,NA,NA,Pacific Decadal Oscillation
01-NOV-1909 00:00,1909,11,-1.438,NA,PDO,NA,NA,Pacific Decadal Oscillation
01-DEC-1909 00:00,1909,12,-2.131,NA,PDO,NA,NA,Pacific Decadal Oscillation
01-JAN-1910 00:00,1910,1,-1.58,NA,PDO,NA,NA,Pacific Decadal Oscillation
01-FEB-1910 00:00,1910,2,-1.159,NA,PDO,NA,NA,Pacific Decadal Oscillation
01-MAR-1910 00:00,1910,3,-0.959,NA,PDO,NA,NA,Pacific Decadal Oscillation
01-APR-1910 00:00,1910,4,-1.958,NA,PDO,NA,NA,Pacific Decadal Oscillation
01-MAY-1910 00:00,1910,5,-2.125,NA,PDO,NA,NA,Pacific Decadal Oscillation
01-JUN-1910 00:00,1910,6,-0.354,NA,PDO,NA,NA,Pacific Decadal Oscillation
01-JUL-1910 00:00,1910,7,-0.033,NA,PDO,NA,NA,Pacific Decadal Oscillation
01-AUG-1910 00:00,1910,8,-0.494,NA,PDO,NA,NA,Pacific Decadal Oscillation
01-SEP-1910 00:00,1910,9,0.754,NA,PDO,NA,NA,Pacific Decadal Oscillation
01-OCT-1910 00:00,1910,10,-0.956,NA,PDO,NA,NA,Pacific Decadal Oscillation
01-NOV-1910 00:00,1910,11,-0.633,NA,PDO,NA,NA,Pacific Decadal Oscillation
01-DEC-1910 00:00,1910,12,-0.095,NA,PDO,NA,NA,Pacific Decadal Oscillation
01-JAN-1911 00:00,1911,1,-0.54,NA,PDO,NA,NA,Pacific Decadal Oscillation
01-FEB-1911 00:00,1911,2,-1.129,NA,PDO,NA,NA,Pacific Decadal Oscillation
01-MAR-1911 00:00,1911,3,-1.259,NA,PDO,NA,NA,Pacific Decadal Oscillation
01-APR-1911 00:00,1911,4,-0.616,NA,PDO,NA,NA,Pacific Decadal Oscillation
01-MAY-1911 00:00,1911,5,-0.66,NA,PDO,NA,NA,Pacific Decadal Oscillation
01-JUN-1911 00:00,1911,6,-1.346,NA,PDO,NA,NA,Pacific Decadal Oscillation
01-JUL-1911 00:00,1911,7,-0.363,NA,PDO,NA,NA,Pacific Decadal Oscillation
01-AUG-1911 00:00,1911,8,0.14,NA,PDO,NA,NA,Pacific Decadal Oscillation
01-SEP-1911 00:00,1911,9,-0.084,NA,PDO,NA,NA,Pacific Decadal Oscillation
01-OCT-1911 00:00,1911,10,-0.107,NA,PDO,NA,NA,Pacific Decadal Oscillation
01-NOV-1911 00:00,1911,11,-0.329,NA,PDO,NA,NA,Pacific Decadal Oscillation
01-DEC-1911 00:00,1911,12,-0.858,NA,PDO,NA,NA,Pacific Decadal Oscillation
01-JAN-1912 00:00,1912,1,-0.3,NA,PDO,NA,NA,Pacific Decadal Oscillation
01-FEB-1912 00:00,1912,2,0.088,NA,PDO,NA,NA,Pacific Decadal Oscillation
01-MAR-1912 00:00,1912,3,-0.198,NA,PDO,NA,NA,Pacific Decadal Oscillation
01-APR-1912 00:00,1912,4,-0.268,NA,PDO,NA,NA,Pacific Decadal Oscillation
01-MAY-1912 00:00,1912,5,0.011,NA,PDO,NA,NA,Pacific Decadal Oscillation
01-JUN-1912 00:00,1912,6,0.374,NA,PDO,NA,NA,Pacific Decadal Oscillation
01-JUL-1912 00:00,1912,7,0.299,NA,PDO,NA,NA,Pacific Decadal Oscillation
01-AUG-1912 00:00,1912,8,0.523,NA,PDO,NA,NA,Pacific Decadal Oscillation
01-SEP-1912 00:00,1912,9,1.19,NA,PDO,NA,NA,Pacific Decadal Oscillation
01-OCT-1912 00:00,1912,10,0.691,NA,PDO,NA,NA,Pacific Decadal Oscillation
01-NOV-1912 00:00,1912,11,0.113,NA,PDO,NA,NA,Pacific Decadal Oscillation
01-DEC-1912 00:00,1912,12,-0.265,NA,PDO,NA,NA,Pacific Decadal Oscillation
01-JAN-1913 00:00,1913,1,-0.304,NA,PDO,NA,NA,Pacific Decadal Oscillation
01-FEB-1913 00:00,1913,2,0.211,NA,PDO,NA,NA,Pacific Decadal Oscillation
01-MAR-1913 00:00,1913,3,-0.087,NA,PDO,NA,NA,Pacific Decadal Oscillation
01-APR-1913 00:00,1913,4,-0.506,NA,PDO,NA,NA,Pacific Decadal Oscillation
01-MAY-1913 00:00,1913,5,0.201,NA,PDO,NA,NA,Pacific Decadal Oscillation
01-JUN-1913 00:00,1913,6,0.128,NA,PDO,NA,NA,Pacific Decadal Oscillation
01-JUL-1913 00:00,1913,7,0.743,NA,PDO,NA,NA,Pacific Decadal Oscillation
01-AUG-1913 00:00,1913,8,1.206,NA,PDO,NA,NA,Pacific Decadal Oscillation
01-SEP-1913 00:00,1913,9,0.877,NA,PDO,NA,NA,Pacific Decadal Oscillation
01-OCT-1913 00:00,1913,10,0.617,NA,PDO,NA,NA,Pacific Decadal Oscillation
01-NOV-1913 00:00,1913,11,0.505,NA,PDO,NA,NA,Pacific Decadal Oscillation
01-DEC-1913 00:00,1913,12,0.04,NA,PDO,NA,NA,Pacific Decadal Oscillation
01-JAN-1914 00:00,1914,1,-0.215,NA,PDO,NA,NA,Pacific Decadal Oscillation
01-FEB-1914 00:00,1914,2,-0.027,NA,PDO,NA,NA,Pacific Decadal Oscillation
01-MAR-1914 00:00,1914,3,0.294,NA,PDO,NA,NA,Pacific Decadal Oscillation
01-APR-1914 00:00,1914,4,0.948,NA,PDO,NA,NA,Pacific Decadal Oscillation
01-MAY-1914 00:00,1914,5,0.708,NA,PDO,NA,NA,Pacific Decadal Oscillation
01-JUN-1914 00:00,1914,6,-0.57,NA,PDO,NA,NA,Pacific Decadal Oscillation
01-JUL-1914 00:00,1914,7,-0.39,NA,PDO,NA,NA,Pacific Decadal Oscillation
01-AUG-1914 00:00,1914,8,-0.251,NA,PDO,NA,NA,Pacific Decadal Oscillation
01-SEP-1914 00:00,1914,9,-0.355,NA,PDO,NA,NA,Pacific Decadal Oscillation
01-OCT-1914 00:00,1914,10,-0.137,NA,PDO,NA,NA,Pacific Decadal Oscillation
01-NOV-1914 00:00,1914,11,0.122,NA,PDO,NA,NA,Pacific Decadal Oscillation
01-DEC-1914 00:00,1914,12,0.091,NA,PDO,NA,NA,Pacific Decadal Oscillation
01-JAN-1915 00:00,1915,1,-0.397,NA,PDO,NA,NA,Pacific Decadal Oscillation
01-FEB-1915 00:00,1915,2,-0.286,NA,PDO,NA,NA,Pacific Decadal Oscillation
01-MAR-1915 00:00,1915,3,0.578,NA,PDO,NA,NA,Pacific Decadal Oscillation
01-APR-1915 00:00,1915,4,1.45,NA,PDO,NA,NA,Pacific Decadal Oscillation
01-MAY-1915 00:00,1915,5,1.661,NA,PDO,NA,NA,Pacific Decadal Oscillation
01-JUN-1915 00:00,1915,6,1.605,NA,PDO,NA,NA,Pacific Decadal Oscillation
01-JUL-1915 00:00,1915,7,1.602,NA,PDO,NA,NA,Pacific Decadal Oscillation
01-AUG-1915 00:00,1915,8,1.03,NA,PDO,NA,NA,Pacific Decadal Oscillation
01-SEP-1915 00:00,1915,9,0.585,NA,PDO,NA,NA,Pacific Decadal Oscillation
01-OCT-1915 00:00,1915,10,-0.727,NA,PDO,NA,NA,Pacific Decadal Oscillation
01-NOV-1915 00:00,1915,11,-1.066,NA,PDO,NA,NA,Pacific Decadal Oscillation
01-DEC-1915 00:00,1915,12,-0.641,NA,PDO,NA,NA,Pacific Decadal Oscillation
01-JAN-1916 00:00,1916,1,-1.114,NA,PDO,NA,NA,Pacific Decadal Oscillation
01-FEB-1916 00:00,1916,2,-1.116,NA,PDO,NA,NA,Pacific Decadal Oscillation
01-MAR-1916 00:00,1916,3,-0.941,NA,PDO,NA,NA,Pacific Decadal Oscillation
01-APR-1916 00:00,1916,4,-0.339,NA,PDO,NA,NA,Pacific Decadal Oscillation
01-MAY-1916 00:00,1916,5,-0.204,NA,PDO,NA,NA,Pacific Decadal Oscillation
01-JUN-1916 00:00,1916,6,-1.155,NA,PDO,NA,NA,Pacific Decadal Oscillation
01-JUL-1916 00:00,1916,7,-1.127,NA,PDO,NA,NA,Pacific Decadal Oscillation
01-AUG-1916 00:00,1916,8,-1.568,NA,PDO,NA,NA,Pacific Decadal Oscillation
01-SEP-1916 00:00,1916,9,-1.476,NA,PDO,NA,NA,Pacific Decadal Oscillation
01-OCT-1916 00:00,1916,10,-1.452,NA,PDO,NA,NA,Pacific Decadal Oscillation
01-NOV-1916 00:00,1916,11,-2.164,NA,PDO,NA,NA,Pacific Decadal Oscillation
01-DEC-1916 00:00,1916,12,-2.274,NA,PDO,NA,NA,Pacific Decadal Oscillation
01-JAN-1917 00:00,1917,1,-1.695,NA,PDO,NA,NA,Pacific Decadal Oscillation
01-FEB-1917 00:00,1917,2,-1.624,NA,PDO,NA,NA,Pacific Decadal Oscillation
01-MAR-1917 00:00,1917,3,-1.794,NA,PDO,NA,NA,Pacific Decadal Oscillation
01-APR-1917 00:00,1917,4,-1.591,NA,PDO,NA,NA,Pacific Decadal Oscillation
01-MAY-1917 00:00,1917,5,-1.087,NA,PDO,NA,NA,Pacific Decadal Oscillation
01-JUN-1917 00:00,1917,6,-0.897,NA,PDO,NA,NA,Pacific Decadal Oscillation
01-JUL-1917 00:00,1917,7,-0.51,NA,PDO,NA,NA,Pacific Decadal Oscillation
01-AUG-1917 00:00,1917,8,-0.219,NA,PDO,NA,NA,Pacific Decadal Oscillation
01-SEP-1917 00:00,1917,9,-0.697,NA,PDO,NA,NA,Pacific Decadal Oscillation
01-OCT-1917 00:00,1917,10,-1.155,NA,PDO,NA,NA,Pacific Decadal Oscillation
01-NOV-1917 00:00,1917,11,-0.935,NA,PDO,NA,NA,Pacific Decadal Oscillation
01-DEC-1917 00:00,1917,12,-0.584,NA,PDO,NA,NA,Pacific Decadal Oscillation
01-JAN-1918 00:00,1918,1,0.153,NA,PDO,NA,NA,Pacific Decadal Oscillation
01-FEB-1918 00:00,1918,2,-0.208,NA,PDO,NA,NA,Pacific Decadal Oscillation
01-MAR-1918 00:00,1918,3,-0.725,NA,PDO,NA,NA,Pacific Decadal Oscillation
01-APR-1918 00:00,1918,4,-0.606,NA,PDO,NA,NA,Pacific Decadal Oscillation
01-MAY-1918 00:00,1918,5,-0.761,NA,PDO,NA,NA,Pacific Decadal Oscillation
01-JUN-1918 00:00,1918,6,-0.404,NA,PDO,NA,NA,Pacific Decadal Oscillation
01-JUL-1918 00:00,1918,7,0.066,NA,PDO,NA,NA,Pacific Decadal Oscillation
01-AUG-1918 00:00,1918,8,0.292,NA,PDO,NA,NA,Pacific Decadal Oscillation
01-SEP-1918 00:00,1918,9,0.643,NA,PDO,NA,NA,Pacific Decadal Oscillation
01-OCT-1918 00:00,1918,10,1.407,NA,PDO,NA,NA,Pacific Decadal Oscillation
01-NOV-1918 00:00,1918,11,1.223,NA,PDO,NA,NA,Pacific Decadal Oscillation
01-DEC-1918 00:00,1918,12,0.364,NA,PDO,NA,NA,Pacific Decadal Oscillation
01-JAN-1919 00:00,1919,1,0.354,NA,PDO,NA,NA,Pacific Decadal Oscillation
01-FEB-1919 00:00,1919,2,-0.009,NA,PDO,NA,NA,Pacific Decadal Oscillation
01-MAR-1919 00:00,1919,3,-0.375,NA,PDO,NA,NA,Pacific Decadal Oscillation
01-APR-1919 00:00,1919,4,-0.395,NA,PDO,NA,NA,Pacific Decadal Oscillation
01-MAY-1919 00:00,1919,5,-0.834,NA,PDO,NA,NA,Pacific Decadal Oscillation
01-JUN-1919 00:00,1919,6,-1.216,NA,PDO,NA,NA,Pacific Decadal Oscillation
01-JUL-1919 00:00,1919,7,-1.286,NA,PDO,NA,NA,Pacific Decadal Oscillation
01-AUG-1919 00:00,1919,8,-0.448,NA,PDO,NA,NA,Pacific Decadal Oscillation
01-SEP-1919 00:00,1919,9,0.115,NA,PDO,NA,NA,Pacific Decadal Oscillation
01-OCT-1919 00:00,1919,10,-0.112,NA,PDO,NA,NA,Pacific Decadal Oscillation
01-NOV-1919 00:00,1919,11,-0.569,NA,PDO,NA,NA,Pacific Decadal Oscillation
01-DEC-1919 00:00,1919,12,-0.448,NA,PDO,NA,NA,Pacific Decadal Oscillation
01-JAN-1920 00:00,1920,1,-1.089,NA,PDO,NA,NA,Pacific Decadal Oscillation
01-FEB-1920 00:00,1920,2,-0.685,NA,PDO,NA,NA,Pacific Decadal Oscillation
01-MAR-1920 00:00,1920,3,-0.571,NA,PDO,NA,NA,Pacific Decadal Oscillation
01-APR-1920 00:00,1920,4,-0.815,NA,PDO,NA,NA,Pacific Decadal Oscillation
01-MAY-1920 00:00,1920,5,-0.538,NA,PDO,NA,NA,Pacific Decadal Oscillation
01-JUN-1920 00:00,1920,6,-0.726,NA,PDO,NA,NA,Pacific Decadal Oscillation
01-JUL-1920 00:00,1920,7,-0.877,NA,PDO,NA,NA,Pacific Decadal Oscillation
01-AUG-1920 00:00,1920,8,-1.296,NA,PDO,NA,NA,Pacific Decadal Oscillation
01-SEP-1920 00:00,1920,9,-1.388,NA,PDO,NA,NA,Pacific Decadal Oscillation
01-OCT-1920 00:00,1920,10,-1.154,NA,PDO,NA,NA,Pacific Decadal Oscillation
01-NOV-1920 00:00,1920,11,-0.476,NA,PDO,NA,NA,Pacific Decadal Oscillation
01-DEC-1920 00:00,1920,12,-0.638,NA,PDO,NA,NA,Pacific Decadal Oscillation
01-JAN-1921 00:00,1921,1,-1.021,NA,PDO,NA,NA,Pacific Decadal Oscillation
01-FEB-1921 00:00,1921,2,-1.297,NA,PDO,NA,NA,Pacific Decadal Oscillation
01-MAR-1921 00:00,1921,3,-0.687,NA,PDO,NA,NA,Pacific Decadal Oscillation
01-APR-1921 00:00,1921,4,-1.459,NA,PDO,NA,NA,Pacific Decadal Oscillation
01-MAY-1921 00:00,1921,5,-1.257,NA,PDO,NA,NA,Pacific Decadal Oscillation
01-JUN-1921 00:00,1921,6,-0.986,NA,PDO,NA,NA,Pacific Decadal Oscillation
01-JUL-1921 00:00,1921,7,-1.076,NA,PDO,NA,NA,Pacific Decadal Oscillation
01-AUG-1921 00:00,1921,8,-1.235,NA,PDO,NA,NA,Pacific Decadal Oscillation
01-SEP-1921 00:00,1921,9,-1.098,NA,PDO,NA,NA,Pacific Decadal Oscillation
01-OCT-1921 00:00,1921,10,-1.164,NA,PDO,NA,NA,Pacific Decadal Oscillation
01-NOV-1921 00:00,1921,11,-0.562,NA,PDO,NA,NA,Pacific Decadal Oscillation
01-DEC-1921 00:00,1921,12,-0.097,NA,PDO,NA,NA,Pacific Decadal Oscillation
01-JAN-1922 00:00,1922,1,-0.179,NA,PDO,NA,NA,Pacific Decadal Oscillation
01-FEB-1922 00:00,1922,2,-1.024,NA,PDO,NA,NA,Pacific Decadal Oscillation
01-MAR-1922 00:00,1922,3,-1.27,NA,PDO,NA,NA,Pacific Decadal Oscillation
01-APR-1922 00:00,1922,4,-1.427,NA,PDO,NA,NA,Pacific Decadal Oscillation
01-MAY-1922 00:00,1922,5,-1.436,NA,PDO,NA,NA,Pacific Decadal Oscillation
01-JUN-1922 00:00,1922,6,-0.853,NA,PDO,NA,NA,Pacific Decadal Oscillation
01-JUL-1922 00:00,1922,7,-0.422,NA,PDO,NA,NA,Pacific Decadal Oscillation
01-AUG-1922 00:00,1922,8,-0.095,NA,PDO,NA,NA,Pacific Decadal Oscillation
01-SEP-1922 00:00,1922,9,-0.15,NA,PDO,NA,NA,Pacific Decadal Oscillation
01-OCT-1922 00:00,1922,10,-0.053,NA,PDO,NA,NA,Pacific Decadal Oscillation
01-NOV-1922 00:00,1922,11,-0.483,NA,PDO,NA,NA,Pacific Decadal Oscillation
01-DEC-1922 00:00,1922,12,0.2,NA,PDO,NA,NA,Pacific Decadal Oscillation
01-JAN-1923 00:00,1923,1,0.1,NA,PDO,NA,NA,Pacific Decadal Oscillation
01-FEB-1923 00:00,1923,2,-0.658,NA,PDO,NA,NA,Pacific Decadal Oscillation
01-MAR-1923 00:00,1923,3,-0.785,NA,PDO,NA,NA,Pacific Decadal Oscillation
01-APR-1923 00:00,1923,4,-0.301,NA,PDO,NA,NA,Pacific Decadal Oscillation
01-MAY-1923 00:00,1923,5,0.36,NA,PDO,NA,NA,Pacific Decadal Oscillation
01-JUN-1923 00:00,1923,6,-0.8,NA,PDO,NA,NA,Pacific Decadal Oscillation
01-JUL-1923 00:00,1923,7,0.592,NA,PDO,NA,NA,Pacific Decadal Oscillation
01-AUG-1923 00:00,1923,8,0.336,NA,PDO,NA,NA,Pacific Decadal Oscillation
01-SEP-1923 00:00,1923,9,0.063,NA,PDO,NA,NA,Pacific Decadal Oscillation
01-OCT-1923 00:00,1923,10,0.389,NA,PDO,NA,NA,Pacific Decadal Oscillation
01-NOV-1923 00:00,1923,11,-0.134,NA,PDO,NA,NA,Pacific Decadal Oscillation
01-DEC-1923 00:00,1923,12,-0.252,NA,PDO,NA,NA,Pacific Decadal Oscillation
01-JAN-1924 00:00,1924,1,-0.742,NA,PDO,NA,NA,Pacific Decadal Oscillation
01-FEB-1924 00:00,1924,2,-0.801,NA,PDO,NA,NA,Pacific Decadal Oscillation
01-MAR-1924 00:00,1924,3,-0.443,NA,PDO,NA,NA,Pacific Decadal Oscillation
01-APR-1924 00:00,1924,4,-0.835,NA,PDO,NA,NA,Pacific Decadal Oscillation
01-MAY-1924 00:00,1924,5,-0.132,NA,PDO,NA,NA,Pacific Decadal Oscillation
01-JUN-1924 00:00,1924,6,-0.09,NA,PDO,NA,NA,Pacific Decadal Oscillation
01-JUL-1924 00:00,1924,7,-0.409,NA,PDO,NA,NA,Pacific Decadal Oscillation
01-AUG-1924 00:00,1924,8,-0.771,NA,PDO,NA,NA,Pacific Decadal Oscillation
01-SEP-1924 00:00,1924,9,-1.29,NA,PDO,NA,NA,Pacific Decadal Oscillation
01-OCT-1924 00:00,1924,10,-1.755,NA,PDO,NA,NA,Pacific Decadal Oscillation
01-NOV-1924 00:00,1924,11,-1.393,NA,PDO,NA,NA,Pacific Decadal Oscillation
01-DEC-1924 00:00,1924,12,-0.542,NA,PDO,NA,NA,Pacific Decadal Oscillation
01-JAN-1925 00:00,1925,1,-1.169,NA,PDO,NA,NA,Pacific Decadal Oscillation
01-FEB-1925 00:00,1925,2,-0.856,NA,PDO,NA,NA,Pacific Decadal Oscillation
01-MAR-1925 00:00,1925,3,-0.735,NA,PDO,NA,NA,Pacific Decadal Oscillation
01-APR-1925 00:00,1925,4,-1.012,NA,PDO,NA,NA,Pacific Decadal Oscillation
01-MAY-1925 00:00,1925,5,-0.441,NA,PDO,NA,NA,Pacific Decadal Oscillation
01-JUN-1925 00:00,1925,6,-0.765,NA,PDO,NA,NA,Pacific Decadal Oscillation
01-JUL-1925 00:00,1925,7,-0.33,NA,PDO,NA,NA,Pacific Decadal Oscillation
01-AUG-1925 00:00,1925,8,-0.127,NA,PDO,NA,NA,Pacific Decadal Oscillation
01-SEP-1925 00:00,1925,9,0.445,NA,PDO,NA,NA,Pacific Decadal Oscillation
01-OCT-1925 00:00,1925,10,0.572,NA,PDO,NA,NA,Pacific Decadal Oscillation
01-NOV-1925 00:00,1925,11,0.943,NA,PDO,NA,NA,Pacific Decadal Oscillation
01-DEC-1925 00:00,1925,12,0.662,NA,PDO,NA,NA,Pacific Decadal Oscillation
01-JAN-1926 00:00,1926,1,0.873,NA,PDO,NA,NA,Pacific Decadal Oscillation
01-FEB-1926 00:00,1926,2,1.08,NA,PDO,NA,NA,Pacific Decadal Oscillation
01-MAR-1926 00:00,1926,3,1.156,NA,PDO,NA,NA,Pacific Decadal Oscillation
01-APR-1926 00:00,1926,4,1.766,NA,PDO,NA,NA,Pacific Decadal Oscillation
01-MAY-1926 00:00,1926,5,2.209,NA,PDO,NA,NA,Pacific Decadal Oscillation
01-JUN-1926 00:00,1926,6,1.518,NA,PDO,NA,NA,Pacific Decadal Oscillation
01-JUL-1926 00:00,1926,7,2.102,NA,PDO,NA,NA,Pacific Decadal Oscillation
01-AUG-1926 00:00,1926,8,1.798,NA,PDO,NA,NA,Pacific Decadal Oscillation
01-SEP-1926 00:00,1926,9,1.632,NA,PDO,NA,NA,Pacific Decadal Oscillation
01-OCT-1926 00:00,1926,10,1.569,NA,PDO,NA,NA,Pacific Decadal Oscillation
01-NOV-1926 00:00,1926,11,2.023,NA,PDO,NA,NA,Pacific Decadal Oscillation
01-DEC-1926 00:00,1926,12,1.632,NA,PDO,NA,NA,Pacific Decadal Oscillation
01-JAN-1927 00:00,1927,1,0.713,NA,PDO,NA,NA,Pacific Decadal Oscillation
01-FEB-1927 00:00,1927,2,1.134,NA,PDO,NA,NA,Pacific Decadal Oscillation
01-MAR-1927 00:00,1927,3,0.776,NA,PDO,NA,NA,Pacific Decadal Oscillation
01-APR-1927 00:00,1927,4,0.163,NA,PDO,NA,NA,Pacific Decadal Oscillation
01-MAY-1927 00:00,1927,5,0.137,NA,PDO,NA,NA,Pacific Decadal Oscillation
01-JUN-1927 00:00,1927,6,0.485,NA,PDO,NA,NA,Pacific Decadal Oscillation
01-JUL-1927 00:00,1927,7,-0.171,NA,PDO,NA,NA,Pacific Decadal Oscillation
01-AUG-1927 00:00,1927,8,-0.252,NA,PDO,NA,NA,Pacific Decadal Oscillation
01-SEP-1927 00:00,1927,9,0.266,NA,PDO,NA,NA,Pacific Decadal Oscillation
01-OCT-1927 00:00,1927,10,-0.457,NA,PDO,NA,NA,Pacific Decadal Oscillation
01-NOV-1927 00:00,1927,11,-0.285,NA,PDO,NA,NA,Pacific Decadal Oscillation
01-DEC-1927 00:00,1927,12,-0.24,NA,PDO,NA,NA,Pacific Decadal Oscillation
01-JAN-1928 00:00,1928,1,0.282,NA,PDO,NA,NA,Pacific Decadal Oscillation
01-FEB-1928 00:00,1928,2,0.556,NA,PDO,NA,NA,Pacific Decadal Oscillation
01-MAR-1928 00:00,1928,3,0.815,NA,PDO,NA,NA,Pacific Decadal Oscillation
01-APR-1928 00:00,1928,4,0.526,NA,PDO,NA,NA,Pacific Decadal Oscillation
01-MAY-1928 00:00,1928,5,0.654,NA,PDO,NA,NA,Pacific Decadal Oscillation
01-JUN-1928 00:00,1928,6,1.037,NA,PDO,NA,NA,Pacific Decadal Oscillation
01-JUL-1928 00:00,1928,7,-0.289,NA,PDO,NA,NA,Pacific Decadal Oscillation
01-AUG-1928 00:00,1928,8,-0.446,NA,PDO,NA,NA,Pacific Decadal Oscillation
01-SEP-1928 00:00,1928,9,-1.223,NA,PDO,NA,NA,Pacific Decadal Oscillation
01-OCT-1928 00:00,1928,10,-0.769,NA,PDO,NA,NA,Pacific Decadal Oscillation
01-NOV-1928 00:00,1928,11,0.203,NA,PDO,NA,NA,Pacific Decadal Oscillation
01-DEC-1928 00:00,1928,12,0.387,NA,PDO,NA,NA,Pacific Decadal Oscillation
01-JAN-1929 00:00,1929,1,0.496,NA,PDO,NA,NA,Pacific Decadal Oscillation
01-FEB-1929 00:00,1929,2,0.032,NA,PDO,NA,NA,Pacific Decadal Oscillation
01-MAR-1929 00:00,1929,3,-0.051,NA,PDO,NA,NA,Pacific Decadal Oscillation
01-APR-1929 00:00,1929,4,0.276,NA,PDO,NA,NA,Pacific Decadal Oscillation
01-MAY-1929 00:00,1929,5,0.346,NA,PDO,NA,NA,Pacific Decadal Oscillation
01-JUN-1929 00:00,1929,6,0.314,NA,PDO,NA,NA,Pacific Decadal Oscillation
01-JUL-1929 00:00,1929,7,0.054,NA,PDO,NA,NA,Pacific Decadal Oscillation
01-AUG-1929 00:00,1929,8,0.107,NA,PDO,NA,NA,Pacific Decadal Oscillation
01-SEP-1929 00:00,1929,9,0.912,NA,PDO,NA,NA,Pacific Decadal Oscillation
01-OCT-1929 00:00,1929,10,0.955,NA,PDO,NA,NA,Pacific Decadal Oscillation
01-NOV-1929 00:00,1929,11,0.616,NA,PDO,NA,NA,Pacific Decadal Oscillation
01-DEC-1929 00:00,1929,12,1.37,NA,PDO,NA,NA,Pacific Decadal Oscillation
01-JAN-1930 00:00,1930,1,0.892,NA,PDO,NA,NA,Pacific Decadal Oscillation
01-FEB-1930 00:00,1930,2,0.589,NA,PDO,NA,NA,Pacific Decadal Oscillation
01-MAR-1930 00:00,1930,3,0.292,NA,PDO,NA,NA,Pacific Decadal Oscillation
01-APR-1930 00:00,1930,4,0.292,NA,PDO,NA,NA,Pacific Decadal Oscillation
01-MAY-1930 00:00,1930,5,0.146,NA,PDO,NA,NA,Pacific Decadal Oscillation
01-JUN-1930 00:00,1930,6,0.021,NA,PDO,NA,NA,Pacific Decadal Oscillation
01-JUL-1930 00:00,1930,7,0.171,NA,PDO,NA,NA,Pacific Decadal Oscillation
01-AUG-1930 00:00,1930,8,0.152,NA,PDO,NA,NA,Pacific Decadal Oscillation
01-SEP-1930 00:00,1930,9,0.691,NA,PDO,NA,NA,Pacific Decadal Oscillation
01-OCT-1930 00:00,1930,10,0.321,NA,PDO,NA,NA,Pacific Decadal Oscillation
01-NOV-1930 00:00,1930,11,0.081,NA,PDO,NA,NA,Pacific Decadal Oscillation
01-DEC-1930 00:00,1930,12,0.539,NA,PDO,NA,NA,Pacific Decadal Oscillation
01-JAN-1931 00:00,1931,1,0.834,NA,PDO,NA,NA,Pacific Decadal Oscillation
01-FEB-1931 00:00,1931,2,0.752,NA,PDO,NA,NA,Pacific Decadal Oscillation
01-MAR-1931 00:00,1931,3,0.869,NA,PDO,NA,NA,Pacific Decadal Oscillation
01-APR-1931 00:00,1931,4,1.459,NA,PDO,NA,NA,Pacific Decadal Oscillation
01-MAY-1931 00:00,1931,5,2.018,NA,PDO,NA,NA,Pacific Decadal Oscillation
01-JUN-1931 00:00,1931,6,1.764,NA,PDO,NA,NA,Pacific Decadal Oscillation
01-JUL-1931 00:00,1931,7,2.081,NA,PDO,NA,NA,Pacific Decadal Oscillation
01-AUG-1931 00:00,1931,8,1.172,NA,PDO,NA,NA,Pacific Decadal Oscillation
01-SEP-1931 00:00,1931,9,1.067,NA,PDO,NA,NA,Pacific Decadal Oscillation
01-OCT-1931 00:00,1931,10,0.344,NA,PDO,NA,NA,Pacific Decadal Oscillation
01-NOV-1931 00:00,1931,11,-0.123,NA,PDO,NA,NA,Pacific Decadal Oscillation
01-DEC-1931 00:00,1931,12,-0.756,NA,PDO,NA,NA,Pacific Decadal Oscillation
01-JAN-1932 00:00,1932,1,-1.01,NA,PDO,NA,NA,Pacific Decadal Oscillation
01-FEB-1932 00:00,1932,2,-1.253,NA,PDO,NA,NA,Pacific Decadal Oscillation
01-MAR-1932 00:00,1932,3,-0.427,NA,PDO,NA,NA,Pacific Decadal Oscillation
01-APR-1932 00:00,1932,4,0.509,NA,PDO,NA,NA,Pacific Decadal Oscillation
01-MAY-1932 00:00,1932,5,0.02,NA,PDO,NA,NA,Pacific Decadal Oscillation
01-JUN-1932 00:00,1932,6,-0.187,NA,PDO,NA,NA,Pacific Decadal Oscillation
01-JUL-1932 00:00,1932,7,-0.126,NA,PDO,NA,NA,Pacific Decadal Oscillation
01-AUG-1932 00:00,1932,8,-0.041,NA,PDO,NA,NA,Pacific Decadal Oscillation
01-SEP-1932 00:00,1932,9,-0.76,NA,PDO,NA,NA,Pacific Decadal Oscillation
01-OCT-1932 00:00,1932,10,-0.055,NA,PDO,NA,NA,Pacific Decadal Oscillation
01-NOV-1932 00:00,1932,11,-0.427,NA,PDO,NA,NA,Pacific Decadal Oscillation
01-DEC-1932 00:00,1932,12,-0.14,NA,PDO,NA,NA,Pacific Decadal Oscillation
01-JAN-1933 00:00,1933,1,-0.842,NA,PDO,NA,NA,Pacific Decadal Oscillation
01-FEB-1933 00:00,1933,2,-1.017,NA,PDO,NA,NA,Pacific Decadal Oscillation
01-MAR-1933 00:00,1933,3,-1.116,NA,PDO,NA,NA,Pacific Decadal Oscillation
01-APR-1933 00:00,1933,4,-0.883,NA,PDO,NA,NA,Pacific Decadal Oscillation
01-MAY-1933 00:00,1933,5,-1.534,NA,PDO,NA,NA,Pacific Decadal Oscillation
01-JUN-1933 00:00,1933,6,-2.022,NA,PDO,NA,NA,Pacific Decadal Oscillation
01-JUL-1933 00:00,1933,7,-2.517,NA,PDO,NA,NA,Pacific Decadal Oscillation
01-AUG-1933 00:00,1933,8,-2.138,NA,PDO,NA,NA,Pacific Decadal Oscillation
01-SEP-1933 00:00,1933,9,-2.303,NA,PDO,NA,NA,Pacific Decadal Oscillation
01-OCT-1933 00:00,1933,10,-1.486,NA,PDO,NA,NA,Pacific Decadal Oscillation
01-NOV-1933 00:00,1933,11,-0.459,NA,PDO,NA,NA,Pacific Decadal Oscillation
01-DEC-1933 00:00,1933,12,-0.746,NA,PDO,NA,NA,Pacific Decadal Oscillation
01-JAN-1934 00:00,1934,1,-0.6,NA,PDO,NA,NA,Pacific Decadal Oscillation
01-FEB-1934 00:00,1934,2,-0.017,NA,PDO,NA,NA,Pacific Decadal Oscillation
01-MAR-1934 00:00,1934,3,0.562,NA,PDO,NA,NA,Pacific Decadal Oscillation
01-APR-1934 00:00,1934,4,1.07,NA,PDO,NA,NA,Pacific Decadal Oscillation
01-MAY-1934 00:00,1934,5,0.724,NA,PDO,NA,NA,Pacific Decadal Oscillation
01-JUN-1934 00:00,1934,6,-0.134,NA,PDO,NA,NA,Pacific Decadal Oscillation
01-JUL-1934 00:00,1934,7,0.206,NA,PDO,NA,NA,Pacific Decadal Oscillation
01-AUG-1934 00:00,1934,8,1.171,NA,PDO,NA,NA,Pacific Decadal Oscillation
01-SEP-1934 00:00,1934,9,1.093,NA,PDO,NA,NA,Pacific Decadal Oscillation
01-OCT-1934 00:00,1934,10,1.749,NA,PDO,NA,NA,Pacific Decadal Oscillation
01-NOV-1934 00:00,1934,11,1.439,NA,PDO,NA,NA,Pacific Decadal Oscillation
01-DEC-1934 00:00,1934,12,1.105,NA,PDO,NA,NA,Pacific Decadal Oscillation
01-JAN-1935 00:00,1935,1,0.417,NA,PDO,NA,NA,Pacific Decadal Oscillation
01-FEB-1935 00:00,1935,2,0.081,NA,PDO,NA,NA,Pacific Decadal Oscillation
01-MAR-1935 00:00,1935,3,-0.252,NA,PDO,NA,NA,Pacific Decadal Oscillation
01-APR-1935 00:00,1935,4,0.243,NA,PDO,NA,NA,Pacific Decadal Oscillation
01-MAY-1935 00:00,1935,5,0.81,NA,PDO,NA,NA,Pacific Decadal Oscillation
01-JUN-1935 00:00,1935,6,1.15,NA,PDO,NA,NA,Pacific Decadal Oscillation
01-JUL-1935 00:00,1935,7,0.516,NA,PDO,NA,NA,Pacific Decadal Oscillation
01-AUG-1935 00:00,1935,8,0.516,NA,PDO,NA,NA,Pacific Decadal Oscillation
01-SEP-1935 00:00,1935,9,0.614,NA,PDO,NA,NA,Pacific Decadal Oscillation
01-OCT-1935 00:00,1935,10,0.73,NA,PDO,NA,NA,Pacific Decadal Oscillation
01-NOV-1935 00:00,1935,11,0.486,NA,PDO,NA,NA,Pacific Decadal Oscillation
01-DEC-1935 00:00,1935,12,1.305,NA,PDO,NA,NA,Pacific Decadal Oscillation
01-JAN-1936 00:00,1936,1,1.747,NA,PDO,NA,NA,Pacific Decadal Oscillation
01-FEB-1936 00:00,1936,2,1.416,NA,PDO,NA,NA,Pacific Decadal Oscillation
01-MAR-1936 00:00,1936,3,1.001,NA,PDO,NA,NA,Pacific Decadal Oscillation
01-APR-1936 00:00,1936,4,1.159,NA,PDO,NA,NA,Pacific Decadal Oscillation
01-MAY-1936 00:00,1936,5,1.541,NA,PDO,NA,NA,Pacific Decadal Oscillation
01-JUN-1936 00:00,1936,6,2.028,NA,PDO,NA,NA,Pacific Decadal Oscillation
01-JUL-1936 00:00,1936,7,2.48,NA,PDO,NA,NA,Pacific Decadal Oscillation
01-AUG-1936 00:00,1936,8,1.988,NA,PDO,NA,NA,Pacific Decadal Oscillation
01-SEP-1936 00:00,1936,9,1.202,NA,PDO,NA,NA,Pacific Decadal Oscillation
01-OCT-1936 00:00,1936,10,2.043,NA,PDO,NA,NA,Pacific Decadal Oscillation
01-NOV-1936 00:00,1936,11,2.589,NA,PDO,NA,NA,Pacific Decadal Oscillation
01-DEC-1936 00:00,1936,12,1.343,NA,PDO,NA,NA,Pacific Decadal Oscillation
01-JAN-1937 00:00,1937,1,0.156,NA,PDO,NA,NA,Pacific Decadal Oscillation
01-FEB-1937 00:00,1937,2,-0.187,NA,PDO,NA,NA,Pacific Decadal Oscillation
01-MAR-1937 00:00,1937,3,-0.014,NA,PDO,NA,NA,Pacific Decadal Oscillation
01-APR-1937 00:00,1937,4,-0.403,NA,PDO,NA,NA,Pacific Decadal Oscillation
01-MAY-1937 00:00,1937,5,-0.019,NA,PDO,NA,NA,Pacific Decadal Oscillation
01-JUN-1937 00:00,1937,6,1.383,NA,PDO,NA,NA,Pacific Decadal Oscillation
01-JUL-1937 00:00,1937,7,0.137,NA,PDO,NA,NA,Pacific Decadal Oscillation
01-AUG-1937 00:00,1937,8,-0.254,NA,PDO,NA,NA,Pacific Decadal Oscillation
01-SEP-1937 00:00,1937,9,0.239,NA,PDO,NA,NA,Pacific Decadal Oscillation
01-OCT-1937 00:00,1937,10,0.59,NA,PDO,NA,NA,Pacific Decadal Oscillation
01-NOV-1937 00:00,1937,11,0.868,NA,PDO,NA,NA,Pacific Decadal Oscillation
01-DEC-1937 00:00,1937,12,0.809,NA,PDO,NA,NA,Pacific Decadal Oscillation
01-JAN-1938 00:00,1938,1,1.14,NA,PDO,NA,NA,Pacific Decadal Oscillation
01-FEB-1938 00:00,1938,2,0.063,NA,PDO,NA,NA,Pacific Decadal Oscillation
01-MAR-1938 00:00,1938,3,-0.397,NA,PDO,NA,NA,Pacific Decadal Oscillation
01-APR-1938 00:00,1938,4,-0.081,NA,PDO,NA,NA,Pacific Decadal Oscillation
01-MAY-1938 00:00,1938,5,-0.488,NA,PDO,NA,NA,Pacific Decadal Oscillation
01-JUN-1938 00:00,1938,6,-0.439,NA,PDO,NA,NA,Pacific Decadal Oscillation
01-JUL-1938 00:00,1938,7,-0.23,NA,PDO,NA,NA,Pacific Decadal Oscillation
01-AUG-1938 00:00,1938,8,-0.187,NA,PDO,NA,NA,Pacific Decadal Oscillation
01-SEP-1938 00:00,1938,9,0.066,NA,PDO,NA,NA,Pacific Decadal Oscillation
01-OCT-1938 00:00,1938,10,0.819,NA,PDO,NA,NA,Pacific Decadal Oscillation
01-NOV-1938 00:00,1938,11,0.007,NA,PDO,NA,NA,Pacific Decadal Oscillation
01-DEC-1938 00:00,1938,12,0.683,NA,PDO,NA,NA,Pacific Decadal Oscillation
01-JAN-1939 00:00,1939,1,0.578,NA,PDO,NA,NA,Pacific Decadal Oscillation
01-FEB-1939 00:00,1939,2,-0.25,NA,PDO,NA,NA,Pacific Decadal Oscillation
01-MAR-1939 00:00,1939,3,-0.647,NA,PDO,NA,NA,Pacific Decadal Oscillation
01-APR-1939 00:00,1939,4,-0.007,NA,PDO,NA,NA,Pacific Decadal Oscillation
01-MAY-1939 00:00,1939,5,0.176,NA,PDO,NA,NA,Pacific Decadal Oscillation
01-JUN-1939 00:00,1939,6,0.075,NA,PDO,NA,NA,Pacific Decadal Oscillation
01-JUL-1939 00:00,1939,7,-0.683,NA,PDO,NA,NA,Pacific Decadal Oscillation
01-AUG-1939 00:00,1939,8,-0.59,NA,PDO,NA,NA,Pacific Decadal Oscillation
01-SEP-1939 00:00,1939,9,-0.9,NA,PDO,NA,NA,Pacific Decadal Oscillation
01-OCT-1939 00:00,1939,10,-0.998,NA,PDO,NA,NA,Pacific Decadal Oscillation
01-NOV-1939 00:00,1939,11,-0.729,NA,PDO,NA,NA,Pacific Decadal Oscillation
01-DEC-1939 00:00,1939,12,1.16,NA,PDO,NA,NA,Pacific Decadal Oscillation
01-JAN-1940 00:00,1940,1,1.661,NA,PDO,NA,NA,Pacific Decadal Oscillation
01-FEB-1940 00:00,1940,2,1.411,NA,PDO,NA,NA,Pacific Decadal Oscillation
01-MAR-1940 00:00,1940,3,1.794,NA,PDO,NA,NA,Pacific Decadal Oscillation
01-APR-1940 00:00,1940,4,2.133,NA,PDO,NA,NA,Pacific Decadal Oscillation
01-MAY-1940 00:00,1940,5,1.983,NA,PDO,NA,NA,Pacific Decadal Oscillation
01-JUN-1940 00:00,1940,6,2.301,NA,PDO,NA,NA,Pacific Decadal Oscillation
01-JUL-1940 00:00,1940,7,2.083,NA,PDO,NA,NA,Pacific Decadal Oscillation
01-AUG-1940 00:00,1940,8,1.711,NA,PDO,NA,NA,Pacific Decadal Oscillation
01-SEP-1940 00:00,1940,9,1.543,NA,PDO,NA,NA,Pacific Decadal Oscillation
01-OCT-1940 00:00,1940,10,1.442,NA,PDO,NA,NA,Pacific Decadal Oscillation
01-NOV-1940 00:00,1940,11,1.717,NA,PDO,NA,NA,Pacific Decadal Oscillation
01-DEC-1940 00:00,1940,12,2.425,NA,PDO,NA,NA,Pacific Decadal Oscillation
01-JAN-1941 00:00,1941,1,2.584,NA,PDO,NA,NA,Pacific Decadal Oscillation
01-FEB-1941 00:00,1941,2,2.77,NA,PDO,NA,NA,Pacific Decadal Oscillation
01-MAR-1941 00:00,1941,3,2.392,NA,PDO,NA,NA,Pacific Decadal Oscillation
01-APR-1941 00:00,1941,4,2.417,NA,PDO,NA,NA,Pacific Decadal Oscillation
01-MAY-1941 00:00,1941,5,2.232,NA,PDO,NA,NA,Pacific Decadal Oscillation
01-JUN-1941 00:00,1941,6,2.931,NA,PDO,NA,NA,Pacific Decadal Oscillation
01-JUL-1941 00:00,1941,7,2.971,NA,PDO,NA,NA,Pacific Decadal Oscillation
01-AUG-1941 00:00,1941,8,3.202,NA,PDO,NA,NA,Pacific Decadal Oscillation
01-SEP-1941 00:00,1941,9,2.238,NA,PDO,NA,NA,Pacific Decadal Oscillation
01-OCT-1941 00:00,1941,10,1.456,NA,PDO,NA,NA,Pacific Decadal Oscillation
01-NOV-1941 00:00,1941,11,1.641,NA,PDO,NA,NA,Pacific Decadal Oscillation
01-DEC-1941 00:00,1941,12,2.098,NA,PDO,NA,NA,Pacific Decadal Oscillation
01-JAN-1942 00:00,1942,1,2.144,NA,PDO,NA,NA,Pacific Decadal Oscillation
01-FEB-1942 00:00,1942,2,1.718,NA,PDO,NA,NA,Pacific Decadal Oscillation
01-MAR-1942 00:00,1942,3,1.176,NA,PDO,NA,NA,Pacific Decadal Oscillation
01-APR-1942 00:00,1942,4,1.181,NA,PDO,NA,NA,Pacific Decadal Oscillation
01-MAY-1942 00:00,1942,5,0.832,NA,PDO,NA,NA,Pacific Decadal Oscillation
01-JUN-1942 00:00,1942,6,1.023,NA,PDO,NA,NA,Pacific Decadal Oscillation
01-JUL-1942 00:00,1942,7,0.832,NA,PDO,NA,NA,Pacific Decadal Oscillation
01-AUG-1942 00:00,1942,8,0.87,NA,PDO,NA,NA,Pacific Decadal Oscillation
01-SEP-1942 00:00,1942,9,0.509,NA,PDO,NA,NA,Pacific Decadal Oscillation
01-OCT-1942 00:00,1942,10,0.452,NA,PDO,NA,NA,Pacific Decadal Oscillation
01-NOV-1942 00:00,1942,11,-0.063,NA,PDO,NA,NA,Pacific Decadal Oscillation
01-DEC-1942 00:00,1942,12,-0.877,NA,PDO,NA,NA,Pacific Decadal Oscillation
01-JAN-1943 00:00,1943,1,-1.402,NA,PDO,NA,NA,Pacific Decadal Oscillation
01-FEB-1943 00:00,1943,2,-0.746,NA,PDO,NA,NA,Pacific Decadal Oscillation
01-MAR-1943 00:00,1943,3,0.156,NA,PDO,NA,NA,Pacific Decadal Oscillation
01-APR-1943 00:00,1943,4,1.102,NA,PDO,NA,NA,Pacific Decadal Oscillation
01-MAY-1943 00:00,1943,5,0.576,NA,PDO,NA,NA,Pacific Decadal Oscillation
01-JUN-1943 00:00,1943,6,-0.169,NA,PDO,NA,NA,Pacific Decadal Oscillation
01-JUL-1943 00:00,1943,7,-0.077,NA,PDO,NA,NA,Pacific Decadal Oscillation
01-AUG-1943 00:00,1943,8,-1.249,NA,PDO,NA,NA,Pacific Decadal Oscillation
01-SEP-1943 00:00,1943,9,-1.046,NA,PDO,NA,NA,Pacific Decadal Oscillation
01-OCT-1943 00:00,1943,10,-1.181,NA,PDO,NA,NA,Pacific Decadal Oscillation
01-NOV-1943 00:00,1943,11,-0.264,NA,PDO,NA,NA,Pacific Decadal Oscillation
01-DEC-1943 00:00,1943,12,1.512,NA,PDO,NA,NA,Pacific Decadal Oscillation
01-JAN-1944 00:00,1944,1,1.255,NA,PDO,NA,NA,Pacific Decadal Oscillation
01-FEB-1944 00:00,1944,2,0.224,NA,PDO,NA,NA,Pacific Decadal Oscillation
01-MAR-1944 00:00,1944,3,-0.24,NA,PDO,NA,NA,Pacific Decadal Oscillation
01-APR-1944 00:00,1944,4,-0.442,NA,PDO,NA,NA,Pacific Decadal Oscillation
01-MAY-1944 00:00,1944,5,-1.175,NA,PDO,NA,NA,Pacific Decadal Oscillation
01-JUN-1944 00:00,1944,6,-1.658,NA,PDO,NA,NA,Pacific Decadal Oscillation
01-JUL-1944 00:00,1944,7,-1.116,NA,PDO,NA,NA,Pacific Decadal Oscillation
01-AUG-1944 00:00,1944,8,-0.457,NA,PDO,NA,NA,Pacific Decadal Oscillation
01-SEP-1944 00:00,1944,9,-1.116,NA,PDO,NA,NA,Pacific Decadal Oscillation
01-OCT-1944 00:00,1944,10,-0.88,NA,PDO,NA,NA,Pacific Decadal Oscillation
01-NOV-1944 00:00,1944,11,-0.382,NA,PDO,NA,NA,Pacific Decadal Oscillation
01-DEC-1944 00:00,1944,12,-0.349,NA,PDO,NA,NA,Pacific Decadal Oscillation
01-JAN-1945 00:00,1945,1,0.05,NA,PDO,NA,NA,Pacific Decadal Oscillation
01-FEB-1945 00:00,1945,2,-0.025,NA,PDO,NA,NA,Pacific Decadal Oscillation
01-MAR-1945 00:00,1945,3,0.247,NA,PDO,NA,NA,Pacific Decadal Oscillation
01-APR-1945 00:00,1945,4,-0.026,NA,PDO,NA,NA,Pacific Decadal Oscillation
01-MAY-1945 00:00,1945,5,-0.06,NA,PDO,NA,NA,Pacific Decadal Oscillation
01-JUN-1945 00:00,1945,6,0.402,NA,PDO,NA,NA,Pacific Decadal Oscillation
01-JUL-1945 00:00,1945,7,0.762,NA,PDO,NA,NA,Pacific Decadal Oscillation
01-AUG-1945 00:00,1945,8,0.207,NA,PDO,NA,NA,Pacific Decadal Oscillation
01-SEP-1945 00:00,1945,9,0.214,NA,PDO,NA,NA,Pacific Decadal Oscillation
01-OCT-1945 00:00,1945,10,0.15,NA,PDO,NA,NA,Pacific Decadal Oscillation
01-NOV-1945 00:00,1945,11,-0.841,NA,PDO,NA,NA,Pacific Decadal Oscillation
01-DEC-1945 00:00,1945,12,-1.488,NA,PDO,NA,NA,Pacific Decadal Oscillation
01-JAN-1946 00:00,1946,1,-0.93,NA,PDO,NA,NA,Pacific Decadal Oscillation
01-FEB-1946 00:00,1946,2,0.506,NA,PDO,NA,NA,Pacific Decadal Oscillation
01-MAR-1946 00:00,1946,3,0.704,NA,PDO,NA,NA,Pacific Decadal Oscillation
01-APR-1946 00:00,1946,4,0.72,NA,PDO,NA,NA,Pacific Decadal Oscillation
01-MAY-1946 00:00,1946,5,-0.132,NA,PDO,NA,NA,Pacific Decadal Oscillation
01-JUN-1946 00:00,1946,6,-0.386,NA,PDO,NA,NA,Pacific Decadal Oscillation
01-JUL-1946 00:00,1946,7,0.347,NA,PDO,NA,NA,Pacific Decadal Oscillation
01-AUG-1946 00:00,1946,8,0.158,NA,PDO,NA,NA,Pacific Decadal Oscillation
01-SEP-1946 00:00,1946,9,0.249,NA,PDO,NA,NA,Pacific Decadal Oscillation
01-OCT-1946 00:00,1946,10,-0.603,NA,PDO,NA,NA,Pacific Decadal Oscillation
01-NOV-1946 00:00,1946,11,-1.237,NA,PDO,NA,NA,Pacific Decadal Oscillation
01-DEC-1946 00:00,1946,12,-1.428,NA,PDO,NA,NA,Pacific Decadal Oscillation
01-JAN-1947 00:00,1947,1,0.023,NA,PDO,NA,NA,Pacific Decadal Oscillation
01-FEB-1947 00:00,1947,2,0.461,NA,PDO,NA,NA,Pacific Decadal Oscillation
01-MAR-1947 00:00,1947,3,0.705,NA,PDO,NA,NA,Pacific Decadal Oscillation
01-APR-1947 00:00,1947,4,0.464,NA,PDO,NA,NA,Pacific Decadal Oscillation
01-MAY-1947 00:00,1947,5,-0.005,NA,PDO,NA,NA,Pacific Decadal Oscillation
01-JUN-1947 00:00,1947,6,0.951,NA,PDO,NA,NA,Pacific Decadal Oscillation
01-JUL-1947 00:00,1947,7,0.736,NA,PDO,NA,NA,Pacific Decadal Oscillation
01-AUG-1947 00:00,1947,8,0.8,NA,PDO,NA,NA,Pacific Decadal Oscillation
01-SEP-1947 00:00,1947,9,0.575,NA,PDO,NA,NA,Pacific Decadal Oscillation
01-OCT-1947 00:00,1947,10,1.415,NA,PDO,NA,NA,Pacific Decadal Oscillation
01-NOV-1947 00:00,1947,11,0.673,NA,PDO,NA,NA,Pacific Decadal Oscillation
01-DEC-1947 00:00,1947,12,0.159,NA,PDO,NA,NA,Pacific Decadal Oscillation
01-JAN-1948 00:00,1948,1,0.117,NA,PDO,NA,NA,Pacific Decadal Oscillation
01-FEB-1948 00:00,1948,2,-0.23,NA,PDO,NA,NA,Pacific Decadal Oscillation
01-MAR-1948 00:00,1948,3,-0.884,NA,PDO,NA,NA,Pacific Decadal Oscillation
01-APR-1948 00:00,1948,4,-0.733,NA,PDO,NA,NA,Pacific Decadal Oscillation
01-MAY-1948 00:00,1948,5,-1.298,NA,PDO,NA,NA,Pacific Decadal Oscillation
01-JUN-1948 00:00,1948,6,-0.029,NA,PDO,NA,NA,Pacific Decadal Oscillation
01-JUL-1948 00:00,1948,7,0.012,NA,PDO,NA,NA,Pacific Decadal Oscillation
01-AUG-1948 00:00,1948,8,-0.516,NA,PDO,NA,NA,Pacific Decadal Oscillation
01-SEP-1948 00:00,1948,9,-0.768,NA,PDO,NA,NA,Pacific Decadal Oscillation
01-OCT-1948 00:00,1948,10,-1.391,NA,PDO,NA,NA,Pacific Decadal Oscillation
01-NOV-1948 00:00,1948,11,-0.744,NA,PDO,NA,NA,Pacific Decadal Oscillation
01-DEC-1948 00:00,1948,12,-1.795,NA,PDO,NA,NA,Pacific Decadal Oscillation
01-JAN-1949 00:00,1949,1,-2.345,NA,PDO,NA,NA,Pacific Decadal Oscillation
01-FEB-1949 00:00,1949,2,-2.615,NA,PDO,NA,NA,Pacific Decadal Oscillation
01-MAR-1949 00:00,1949,3,-1.447,NA,PDO,NA,NA,Pacific Decadal Oscillation
01-APR-1949 00:00,1949,4,-1.208,NA,PDO,NA,NA,Pacific Decadal Oscillation
01-MAY-1949 00:00,1949,5,-0.918,NA,PDO,NA,NA,Pacific Decadal Oscillation
01-JUN-1949 00:00,1949,6,-0.753,NA,PDO,NA,NA,Pacific Decadal Oscillation
01-JUL-1949 00:00,1949,7,-0.898,NA,PDO,NA,NA,Pacific Decadal Oscillation
01-AUG-1949 00:00,1949,8,-0.987,NA,PDO,NA,NA,Pacific Decadal Oscillation
01-SEP-1949 00:00,1949,9,-0.948,NA,PDO,NA,NA,Pacific Decadal Oscillation
01-OCT-1949 00:00,1949,10,-1.574,NA,PDO,NA,NA,Pacific Decadal Oscillation
01-NOV-1949 00:00,1949,11,-0.767,NA,PDO,NA,NA,Pacific Decadal Oscillation
01-DEC-1949 00:00,1949,12,-0.699,NA,PDO,NA,NA,Pacific Decadal Oscillation
01-JAN-1950 00:00,1950,1,-1.317,NA,PDO,NA,NA,Pacific Decadal Oscillation
01-FEB-1950 00:00,1950,2,-1.654,NA,PDO,NA,NA,Pacific Decadal Oscillation
01-MAR-1950 00:00,1950,3,-1.346,NA,PDO,NA,NA,Pacific Decadal Oscillation
01-APR-1950 00:00,1950,4,-1.402,NA,PDO,NA,NA,Pacific Decadal Oscillation
01-MAY-1950 00:00,1950,5,-2.424,NA,PDO,NA,NA,Pacific Decadal Oscillation
01-JUN-1950 00:00,1950,6,-1.798,NA,PDO,NA,NA,Pacific Decadal Oscillation
01-JUL-1950 00:00,1950,7,-2.62,NA,PDO,NA,NA,Pacific Decadal Oscillation
01-AUG-1950 00:00,1950,8,-1.74,NA,PDO,NA,NA,Pacific Decadal Oscillation
01-SEP-1950 00:00,1950,9,-1.401,NA,PDO,NA,NA,Pacific Decadal Oscillation
01-OCT-1950 00:00,1950,10,-1.328,NA,PDO,NA,NA,Pacific Decadal Oscillation
01-NOV-1950 00:00,1950,11,-1.106,NA,PDO,NA,NA,Pacific Decadal Oscillation
01-DEC-1950 00:00,1950,12,-0.766,NA,PDO,NA,NA,Pacific Decadal Oscillation
01-JAN-1951 00:00,1951,1,-0.803,NA,PDO,NA,NA,Pacific Decadal Oscillation
01-FEB-1951 00:00,1951,2,-1.14,NA,PDO,NA,NA,Pacific Decadal Oscillation
01-MAR-1951 00:00,1951,3,-1.29,NA,PDO,NA,NA,Pacific Decadal Oscillation
01-APR-1951 00:00,1951,4,-0.883,NA,PDO,NA,NA,Pacific Decadal Oscillation
01-MAY-1951 00:00,1951,5,-0.648,NA,PDO,NA,NA,Pacific Decadal Oscillation
01-JUN-1951 00:00,1951,6,-1.142,NA,PDO,NA,NA,Pacific Decadal Oscillation
01-JUL-1951 00:00,1951,7,0.143,NA,PDO,NA,NA,Pacific Decadal Oscillation
01-AUG-1951 00:00,1951,8,-1.048,NA,PDO,NA,NA,Pacific Decadal Oscillation
01-SEP-1951 00:00,1951,9,-0.129,NA,PDO,NA,NA,Pacific Decadal Oscillation
01-OCT-1951 00:00,1951,10,0.074,NA,PDO,NA,NA,Pacific Decadal Oscillation
01-NOV-1951 00:00,1951,11,-0.145,NA,PDO,NA,NA,Pacific Decadal Oscillation
01-DEC-1951 00:00,1951,12,-1.321,NA,PDO,NA,NA,Pacific Decadal Oscillation
01-JAN-1952 00:00,1952,1,-2.005,NA,PDO,NA,NA,Pacific Decadal Oscillation
01-FEB-1952 00:00,1952,2,-1.153,NA,PDO,NA,NA,Pacific Decadal Oscillation
01-MAR-1952 00:00,1952,3,-1.49,NA,PDO,NA,NA,Pacific Decadal Oscillation
01-APR-1952 00:00,1952,4,-1.498,NA,PDO,NA,NA,Pacific Decadal Oscillation
01-MAY-1952 00:00,1952,5,-1.393,NA,PDO,NA,NA,Pacific Decadal Oscillation
01-JUN-1952 00:00,1952,6,-1.647,NA,PDO,NA,NA,Pacific Decadal Oscillation
01-JUL-1952 00:00,1952,7,-1.458,NA,PDO,NA,NA,Pacific Decadal Oscillation
01-AUG-1952 00:00,1952,8,-0.814,NA,PDO,NA,NA,Pacific Decadal Oscillation
01-SEP-1952 00:00,1952,9,-0.666,NA,PDO,NA,NA,Pacific Decadal Oscillation
01-OCT-1952 00:00,1952,10,-0.322,NA,PDO,NA,NA,Pacific Decadal Oscillation
01-NOV-1952 00:00,1952,11,-0.163,NA,PDO,NA,NA,Pacific Decadal Oscillation
01-DEC-1952 00:00,1952,12,-0.564,NA,PDO,NA,NA,Pacific Decadal Oscillation
01-JAN-1953 00:00,1953,1,-0.091,NA,PDO,NA,NA,Pacific Decadal Oscillation
01-FEB-1953 00:00,1953,2,-0.252,NA,PDO,NA,NA,Pacific Decadal Oscillation
01-MAR-1953 00:00,1953,3,-0.966,NA,PDO,NA,NA,Pacific Decadal Oscillation
01-APR-1953 00:00,1953,4,-0.628,NA,PDO,NA,NA,Pacific Decadal Oscillation
01-MAY-1953 00:00,1953,5,-0.177,NA,PDO,NA,NA,Pacific Decadal Oscillation
01-JUN-1953 00:00,1953,6,-0.179,NA,PDO,NA,NA,Pacific Decadal Oscillation
01-JUL-1953 00:00,1953,7,0.354,NA,PDO,NA,NA,Pacific Decadal Oscillation
01-AUG-1953 00:00,1953,8,-0.41,NA,PDO,NA,NA,Pacific Decadal Oscillation
01-SEP-1953 00:00,1953,9,-0.581,NA,PDO,NA,NA,Pacific Decadal Oscillation
01-OCT-1953 00:00,1953,10,-0.845,NA,PDO,NA,NA,Pacific Decadal Oscillation
01-NOV-1953 00:00,1953,11,-0.231,NA,PDO,NA,NA,Pacific Decadal Oscillation
01-DEC-1953 00:00,1953,12,-0.023,NA,PDO,NA,NA,Pacific Decadal Oscillation
01-JAN-1954 00:00,1954,1,-0.774,NA,PDO,NA,NA,Pacific Decadal Oscillation
01-FEB-1954 00:00,1954,2,-0.605,NA,PDO,NA,NA,Pacific Decadal Oscillation
01-MAR-1954 00:00,1954,3,-0.732,NA,PDO,NA,NA,Pacific Decadal Oscillation
01-APR-1954 00:00,1954,4,-0.702,NA,PDO,NA,NA,Pacific Decadal Oscillation
01-MAY-1954 00:00,1954,5,-0.211,NA,PDO,NA,NA,Pacific Decadal Oscillation
01-JUN-1954 00:00,1954,6,0.592,NA,PDO,NA,NA,Pacific Decadal Oscillation
01-JUL-1954 00:00,1954,7,0.095,NA,PDO,NA,NA,Pacific Decadal Oscillation
01-AUG-1954 00:00,1954,8,0.148,NA,PDO,NA,NA,Pacific Decadal Oscillation
01-SEP-1954 00:00,1954,9,-0.499,NA,PDO,NA,NA,Pacific Decadal Oscillation
01-OCT-1954 00:00,1954,10,0.4,NA,PDO,NA,NA,Pacific Decadal Oscillation
01-NOV-1954 00:00,1954,11,1.003,NA,PDO,NA,NA,Pacific Decadal Oscillation
01-DEC-1954 00:00,1954,12,0.461,NA,PDO,NA,NA,Pacific Decadal Oscillation
01-JAN-1955 00:00,1955,1,-0.067,NA,PDO,NA,NA,Pacific Decadal Oscillation
01-FEB-1955 00:00,1955,2,-0.649,NA,PDO,NA,NA,Pacific Decadal Oscillation
01-MAR-1955 00:00,1955,3,-0.909,NA,PDO,NA,NA,Pacific Decadal Oscillation
01-APR-1955 00:00,1955,4,-1.645,NA,PDO,NA,NA,Pacific Decadal Oscillation
01-MAY-1955 00:00,1955,5,-1.435,NA,PDO,NA,NA,Pacific Decadal Oscillation
01-JUN-1955 00:00,1955,6,-1.903,NA,PDO,NA,NA,Pacific Decadal Oscillation
01-JUL-1955 00:00,1955,7,-2.218,NA,PDO,NA,NA,Pacific Decadal Oscillation
01-AUG-1955 00:00,1955,8,-1.946,NA,PDO,NA,NA,Pacific Decadal Oscillation
01-SEP-1955 00:00,1955,9,-1.829,NA,PDO,NA,NA,Pacific Decadal Oscillation
01-OCT-1955 00:00,1955,10,-2.564,NA,PDO,NA,NA,Pacific Decadal Oscillation
01-NOV-1955 00:00,1955,11,-1.957,NA,PDO,NA,NA,Pacific Decadal Oscillation
01-DEC-1955 00:00,1955,12,-1.64,NA,PDO,NA,NA,Pacific Decadal Oscillation
01-JAN-1956 00:00,1956,1,-1.61,NA,PDO,NA,NA,Pacific Decadal Oscillation
01-FEB-1956 00:00,1956,2,-1.643,NA,PDO,NA,NA,Pacific Decadal Oscillation
01-MAR-1956 00:00,1956,3,-2.328,NA,PDO,NA,NA,Pacific Decadal Oscillation
01-APR-1956 00:00,1956,4,-2.007,NA,PDO,NA,NA,Pacific Decadal Oscillation
01-MAY-1956 00:00,1956,5,-1.241,NA,PDO,NA,NA,Pacific Decadal Oscillation
01-JUN-1956 00:00,1956,6,-1.865,NA,PDO,NA,NA,Pacific Decadal Oscillation
01-JUL-1956 00:00,1956,7,-1.227,NA,PDO,NA,NA,Pacific Decadal Oscillation
01-AUG-1956 00:00,1956,8,-0.532,NA,PDO,NA,NA,Pacific Decadal Oscillation
01-SEP-1956 00:00,1956,9,-0.039,NA,PDO,NA,NA,Pacific Decadal Oscillation
01-OCT-1956 00:00,1956,10,-1.23,NA,PDO,NA,NA,Pacific Decadal Oscillation
01-NOV-1956 00:00,1956,11,-1.884,NA,PDO,NA,NA,Pacific Decadal Oscillation
01-DEC-1956 00:00,1956,12,-1.005,NA,PDO,NA,NA,Pacific Decadal Oscillation
01-JAN-1957 00:00,1957,1,-1.018,NA,PDO,NA,NA,Pacific Decadal Oscillation
01-FEB-1957 00:00,1957,2,-1.22,NA,PDO,NA,NA,Pacific Decadal Oscillation
01-MAR-1957 00:00,1957,3,-0.55,NA,PDO,NA,NA,Pacific Decadal Oscillation
01-APR-1957 00:00,1957,4,-0.417,NA,PDO,NA,NA,Pacific Decadal Oscillation
01-MAY-1957 00:00,1957,5,0.226,NA,PDO,NA,NA,Pacific Decadal Oscillation
01-JUN-1957 00:00,1957,6,1.313,NA,PDO,NA,NA,Pacific Decadal Oscillation
01-JUL-1957 00:00,1957,7,0.498,NA,PDO,NA,NA,Pacific Decadal Oscillation
01-AUG-1957 00:00,1957,8,0.273,NA,PDO,NA,NA,Pacific Decadal Oscillation
01-SEP-1957 00:00,1957,9,1.691,NA,PDO,NA,NA,Pacific Decadal Oscillation
01-OCT-1957 00:00,1957,10,1.591,NA,PDO,NA,NA,Pacific Decadal Oscillation
01-NOV-1957 00:00,1957,11,1.493,NA,PDO,NA,NA,Pacific Decadal Oscillation
01-DEC-1957 00:00,1957,12,0.405,NA,PDO,NA,NA,Pacific Decadal Oscillation
01-JAN-1958 00:00,1958,1,0.706,NA,PDO,NA,NA,Pacific Decadal Oscillation
01-FEB-1958 00:00,1958,2,0.872,NA,PDO,NA,NA,Pacific Decadal Oscillation
01-MAR-1958 00:00,1958,3,0.683,NA,PDO,NA,NA,Pacific Decadal Oscillation
01-APR-1958 00:00,1958,4,0.675,NA,PDO,NA,NA,Pacific Decadal Oscillation
01-MAY-1958 00:00,1958,5,1.393,NA,PDO,NA,NA,Pacific Decadal Oscillation
01-JUN-1958 00:00,1958,6,1.548,NA,PDO,NA,NA,Pacific Decadal Oscillation
01-JUL-1958 00:00,1958,7,0.785,NA,PDO,NA,NA,Pacific Decadal Oscillation
01-AUG-1958 00:00,1958,8,1.169,NA,PDO,NA,NA,Pacific Decadal Oscillation
01-SEP-1958 00:00,1958,9,0.922,NA,PDO,NA,NA,Pacific Decadal Oscillation
01-OCT-1958 00:00,1958,10,0.398,NA,PDO,NA,NA,Pacific Decadal Oscillation
01-NOV-1958 00:00,1958,11,0.407,NA,PDO,NA,NA,Pacific Decadal Oscillation
01-DEC-1958 00:00,1958,12,1.074,NA,PDO,NA,NA,Pacific Decadal Oscillation
01-JAN-1959 00:00,1959,1,1.075,NA,PDO,NA,NA,Pacific Decadal Oscillation
01-FEB-1959 00:00,1959,2,0.541,NA,PDO,NA,NA,Pacific Decadal Oscillation
01-MAR-1959 00:00,1959,3,0.058,NA,PDO,NA,NA,Pacific Decadal Oscillation
01-APR-1959 00:00,1959,4,0.119,NA,PDO,NA,NA,Pacific Decadal Oscillation
01-MAY-1959 00:00,1959,5,0.208,NA,PDO,NA,NA,Pacific Decadal Oscillation
01-JUN-1959 00:00,1959,6,0.254,NA,PDO,NA,NA,Pacific Decadal Oscillation
01-JUL-1959 00:00,1959,7,-0.118,NA,PDO,NA,NA,Pacific Decadal Oscillation
01-AUG-1959 00:00,1959,8,0.002,NA,PDO,NA,NA,Pacific Decadal Oscillation
01-SEP-1959 00:00,1959,9,-0.182,NA,PDO,NA,NA,Pacific Decadal Oscillation
01-OCT-1959 00:00,1959,10,1.083,NA,PDO,NA,NA,Pacific Decadal Oscillation
01-NOV-1959 00:00,1959,11,1.38,NA,PDO,NA,NA,Pacific Decadal Oscillation
01-DEC-1959 00:00,1959,12,0.945,NA,PDO,NA,NA,Pacific Decadal Oscillation
01-JAN-1960 00:00,1960,1,0.359,NA,PDO,NA,NA,Pacific Decadal Oscillation
01-FEB-1960 00:00,1960,2,0.705,NA,PDO,NA,NA,Pacific Decadal Oscillation
01-MAR-1960 00:00,1960,3,0.446,NA,PDO,NA,NA,Pacific Decadal Oscillation
01-APR-1960 00:00,1960,4,0.507,NA,PDO,NA,NA,Pacific Decadal Oscillation
01-MAY-1960 00:00,1960,5,0.642,NA,PDO,NA,NA,Pacific Decadal Oscillation
01-JUN-1960 00:00,1960,6,1.051,NA,PDO,NA,NA,Pacific Decadal Oscillation
01-JUL-1960 00:00,1960,7,-0.09,NA,PDO,NA,NA,Pacific Decadal Oscillation
01-AUG-1960 00:00,1960,8,0.12,NA,PDO,NA,NA,Pacific Decadal Oscillation
01-SEP-1960 00:00,1960,9,-0.498,NA,PDO,NA,NA,Pacific Decadal Oscillation
01-OCT-1960 00:00,1960,10,0.064,NA,PDO,NA,NA,Pacific Decadal Oscillation
01-NOV-1960 00:00,1960,11,0.042,NA,PDO,NA,NA,Pacific Decadal Oscillation
01-DEC-1960 00:00,1960,12,0.103,NA,PDO,NA,NA,Pacific Decadal Oscillation
01-JAN-1961 00:00,1961,1,0.879,NA,PDO,NA,NA,Pacific Decadal Oscillation
01-FEB-1961 00:00,1961,2,0.886,NA,PDO,NA,NA,Pacific Decadal Oscillation
01-MAR-1961 00:00,1961,3,0.684,NA,PDO,NA,NA,Pacific Decadal Oscillation
01-APR-1961 00:00,1961,4,0.486,NA,PDO,NA,NA,Pacific Decadal Oscillation
01-MAY-1961 00:00,1961,5,-0.216,NA,PDO,NA,NA,Pacific Decadal Oscillation
01-JUN-1961 00:00,1961,6,-0.455,NA,PDO,NA,NA,Pacific Decadal Oscillation
01-JUL-1961 00:00,1961,7,-0.671,NA,PDO,NA,NA,Pacific Decadal Oscillation
01-AUG-1961 00:00,1961,8,-0.426,NA,PDO,NA,NA,Pacific Decadal Oscillation
01-SEP-1961 00:00,1961,9,-0.73,NA,PDO,NA,NA,Pacific Decadal Oscillation
01-OCT-1961 00:00,1961,10,-1.262,NA,PDO,NA,NA,Pacific Decadal Oscillation
01-NOV-1961 00:00,1961,11,-0.901,NA,PDO,NA,NA,Pacific Decadal Oscillation
01-DEC-1961 00:00,1961,12,-1.448,NA,PDO,NA,NA,Pacific Decadal Oscillation
01-JAN-1962 00:00,1962,1,-0.85,NA,PDO,NA,NA,Pacific Decadal Oscillation
01-FEB-1962 00:00,1962,2,-0.632,NA,PDO,NA,NA,Pacific Decadal Oscillation
01-MAR-1962 00:00,1962,3,-0.708,NA,PDO,NA,NA,Pacific Decadal Oscillation
01-APR-1962 00:00,1962,4,-0.585,NA,PDO,NA,NA,Pacific Decadal Oscillation
01-MAY-1962 00:00,1962,5,-0.907,NA,PDO,NA,NA,Pacific Decadal Oscillation
01-JUN-1962 00:00,1962,6,-1.504,NA,PDO,NA,NA,Pacific Decadal Oscillation
01-JUL-1962 00:00,1962,7,-1.443,NA,PDO,NA,NA,Pacific Decadal Oscillation
01-AUG-1962 00:00,1962,8,-0.513,NA,PDO,NA,NA,Pacific Decadal Oscillation
01-SEP-1962 00:00,1962,9,-1.13,NA,PDO,NA,NA,Pacific Decadal Oscillation
01-OCT-1962 00:00,1962,10,-1.329,NA,PDO,NA,NA,Pacific Decadal Oscillation
01-NOV-1962 00:00,1962,11,-0.241,NA,PDO,NA,NA,Pacific Decadal Oscillation
01-DEC-1962 00:00,1962,12,-0.21,NA,PDO,NA,NA,Pacific Decadal Oscillation
01-JAN-1963 00:00,1963,1,0.132,NA,PDO,NA,NA,Pacific Decadal Oscillation
01-FEB-1963 00:00,1963,2,0.321,NA,PDO,NA,NA,Pacific Decadal Oscillation
01-MAR-1963 00:00,1963,3,-0.056,NA,PDO,NA,NA,Pacific Decadal Oscillation
01-APR-1963 00:00,1963,4,-0.009,NA,PDO,NA,NA,Pacific Decadal Oscillation
01-MAY-1963 00:00,1963,5,-0.881,NA,PDO,NA,NA,Pacific Decadal Oscillation
01-JUN-1963 00:00,1963,6,-0.62,NA,PDO,NA,NA,Pacific Decadal Oscillation
01-JUL-1963 00:00,1963,7,-0.957,NA,PDO,NA,NA,Pacific Decadal Oscillation
01-AUG-1963 00:00,1963,8,-0.704,NA,PDO,NA,NA,Pacific Decadal Oscillation
01-SEP-1963 00:00,1963,9,1.059,NA,PDO,NA,NA,Pacific Decadal Oscillation
01-OCT-1963 00:00,1963,10,0.248,NA,PDO,NA,NA,Pacific Decadal Oscillation
01-NOV-1963 00:00,1963,11,-0.377,NA,PDO,NA,NA,Pacific Decadal Oscillation
01-DEC-1963 00:00,1963,12,0.318,NA,PDO,NA,NA,Pacific Decadal Oscillation
01-JAN-1964 00:00,1964,1,0.301,NA,PDO,NA,NA,Pacific Decadal Oscillation
01-FEB-1964 00:00,1964,2,0.135,NA,PDO,NA,NA,Pacific Decadal Oscillation
01-MAR-1964 00:00,1964,3,-0.506,NA,PDO,NA,NA,Pacific Decadal Oscillation
01-APR-1964 00:00,1964,4,-0.821,NA,PDO,NA,NA,Pacific Decadal Oscillation
01-MAY-1964 00:00,1964,5,-1.71,NA,PDO,NA,NA,Pacific Decadal Oscillation
01-JUN-1964 00:00,1964,6,-0.485,NA,PDO,NA,NA,Pacific Decadal Oscillation
01-JUL-1964 00:00,1964,7,-0.7,NA,PDO,NA,NA,Pacific Decadal Oscillation
01-AUG-1964 00:00,1964,8,-1.119,NA,PDO,NA,NA,Pacific Decadal Oscillation
01-SEP-1964 00:00,1964,9,-0.858,NA,PDO,NA,NA,Pacific Decadal Oscillation
01-OCT-1964 00:00,1964,10,-0.372,NA,PDO,NA,NA,Pacific Decadal Oscillation
01-NOV-1964 00:00,1964,11,-0.424,NA,PDO,NA,NA,Pacific Decadal Oscillation
01-DEC-1964 00:00,1964,12,-0.427,NA,PDO,NA,NA,Pacific Decadal Oscillation
01-JAN-1965 00:00,1965,1,-0.741,NA,PDO,NA,NA,Pacific Decadal Oscillation
01-FEB-1965 00:00,1965,2,-0.341,NA,PDO,NA,NA,Pacific Decadal Oscillation
01-MAR-1965 00:00,1965,3,0.052,NA,PDO,NA,NA,Pacific Decadal Oscillation
01-APR-1965 00:00,1965,4,0.143,NA,PDO,NA,NA,Pacific Decadal Oscillation
01-MAY-1965 00:00,1965,5,-0.277,NA,PDO,NA,NA,Pacific Decadal Oscillation
01-JUN-1965 00:00,1965,6,-0.513,NA,PDO,NA,NA,Pacific Decadal Oscillation
01-JUL-1965 00:00,1965,7,-0.485,NA,PDO,NA,NA,Pacific Decadal Oscillation
01-AUG-1965 00:00,1965,8,0.526,NA,PDO,NA,NA,Pacific Decadal Oscillation
01-SEP-1965 00:00,1965,9,1.053,NA,PDO,NA,NA,Pacific Decadal Oscillation
01-OCT-1965 00:00,1965,10,0.647,NA,PDO,NA,NA,Pacific Decadal Oscillation
01-NOV-1965 00:00,1965,11,0.559,NA,PDO,NA,NA,Pacific Decadal Oscillation
01-DEC-1965 00:00,1965,12,0.218,NA,PDO,NA,NA,Pacific Decadal Oscillation
01-JAN-1966 00:00,1966,1,-0.528,NA,PDO,NA,NA,Pacific Decadal Oscillation
01-FEB-1966 00:00,1966,2,-0.228,NA,PDO,NA,NA,Pacific Decadal Oscillation
01-MAR-1966 00:00,1966,3,-0.633,NA,PDO,NA,NA,Pacific Decadal Oscillation
01-APR-1966 00:00,1966,4,-0.085,NA,PDO,NA,NA,Pacific Decadal Oscillation
01-MAY-1966 00:00,1966,5,-0.332,NA,PDO,NA,NA,Pacific Decadal Oscillation
01-JUN-1966 00:00,1966,6,0.154,NA,PDO,NA,NA,Pacific Decadal Oscillation
01-JUL-1966 00:00,1966,7,0.118,NA,PDO,NA,NA,Pacific Decadal Oscillation
01-AUG-1966 00:00,1966,8,0.101,NA,PDO,NA,NA,Pacific Decadal Oscillation
01-SEP-1966 00:00,1966,9,0.051,NA,PDO,NA,NA,Pacific Decadal Oscillation
01-OCT-1966 00:00,1966,10,-0.184,NA,PDO,NA,NA,Pacific Decadal Oscillation
01-NOV-1966 00:00,1966,11,-0.32,NA,PDO,NA,NA,Pacific Decadal Oscillation
01-DEC-1966 00:00,1966,12,-0.057,NA,PDO,NA,NA,Pacific Decadal Oscillation
01-JAN-1967 00:00,1967,1,-0.153,NA,PDO,NA,NA,Pacific Decadal Oscillation
01-FEB-1967 00:00,1967,2,-0.118,NA,PDO,NA,NA,Pacific Decadal Oscillation
01-MAR-1967 00:00,1967,3,-0.508,NA,PDO,NA,NA,Pacific Decadal Oscillation
01-APR-1967 00:00,1967,4,-0.754,NA,PDO,NA,NA,Pacific Decadal Oscillation
01-MAY-1967 00:00,1967,5,-1.107,NA,PDO,NA,NA,Pacific Decadal Oscillation
01-JUN-1967 00:00,1967,6,-0.872,NA,PDO,NA,NA,Pacific Decadal Oscillation
01-JUL-1967 00:00,1967,7,-0.635,NA,PDO,NA,NA,Pacific Decadal Oscillation
01-AUG-1967 00:00,1967,8,-0.861,NA,PDO,NA,NA,Pacific Decadal Oscillation
01-SEP-1967 00:00,1967,9,-0.231,NA,PDO,NA,NA,Pacific Decadal Oscillation
01-OCT-1967 00:00,1967,10,0.041,NA,PDO,NA,NA,Pacific Decadal Oscillation
01-NOV-1967 00:00,1967,11,0.247,NA,PDO,NA,NA,Pacific Decadal Oscillation
01-DEC-1967 00:00,1967,12,-0.652,NA,PDO,NA,NA,Pacific Decadal Oscillation
01-JAN-1968 00:00,1968,1,-0.549,NA,PDO,NA,NA,Pacific Decadal Oscillation
01-FEB-1968 00:00,1968,2,-0.103,NA,PDO,NA,NA,Pacific Decadal Oscillation
01-MAR-1968 00:00,1968,3,0.196,NA,PDO,NA,NA,Pacific Decadal Oscillation
01-APR-1968 00:00,1968,4,-0.322,NA,PDO,NA,NA,Pacific Decadal Oscillation
01-MAY-1968 00:00,1968,5,-0.299,NA,PDO,NA,NA,Pacific Decadal Oscillation
01-JUN-1968 00:00,1968,6,0.311,NA,PDO,NA,NA,Pacific Decadal Oscillation
01-JUL-1968 00:00,1968,7,0.716,NA,PDO,NA,NA,Pacific Decadal Oscillation
01-AUG-1968 00:00,1968,8,0.276,NA,PDO,NA,NA,Pacific Decadal Oscillation
01-SEP-1968 00:00,1968,9,0.464,NA,PDO,NA,NA,Pacific Decadal Oscillation
01-OCT-1968 00:00,1968,10,0.2,NA,PDO,NA,NA,Pacific Decadal Oscillation
01-NOV-1968 00:00,1968,11,0.278,NA,PDO,NA,NA,Pacific Decadal Oscillation
01-DEC-1968 00:00,1968,12,0.117,NA,PDO,NA,NA,Pacific Decadal Oscillation
01-JAN-1969 00:00,1969,1,-0.318,NA,PDO,NA,NA,Pacific Decadal Oscillation
01-FEB-1969 00:00,1969,2,-0.792,NA,PDO,NA,NA,Pacific Decadal Oscillation
01-MAR-1969 00:00,1969,3,-0.791,NA,PDO,NA,NA,Pacific Decadal Oscillation
01-APR-1969 00:00,1969,4,-0.733,NA,PDO,NA,NA,Pacific Decadal Oscillation
01-MAY-1969 00:00,1969,5,-0.585,NA,PDO,NA,NA,Pacific Decadal Oscillation
01-JUN-1969 00:00,1969,6,1.078,NA,PDO,NA,NA,Pacific Decadal Oscillation
01-JUL-1969 00:00,1969,7,0.054,NA,PDO,NA,NA,Pacific Decadal Oscillation
01-AUG-1969 00:00,1969,8,-0.347,NA,PDO,NA,NA,Pacific Decadal Oscillation
01-SEP-1969 00:00,1969,9,-0.548,NA,PDO,NA,NA,Pacific Decadal Oscillation
01-OCT-1969 00:00,1969,10,1.124,NA,PDO,NA,NA,Pacific Decadal Oscillation
01-NOV-1969 00:00,1969,11,0.755,NA,PDO,NA,NA,Pacific Decadal Oscillation
01-DEC-1969 00:00,1969,12,1.102,NA,PDO,NA,NA,Pacific Decadal Oscillation
01-JAN-1970 00:00,1970,1,1.111,NA,PDO,NA,NA,Pacific Decadal Oscillation
01-FEB-1970 00:00,1970,2,1.114,NA,PDO,NA,NA,Pacific Decadal Oscillation
01-MAR-1970 00:00,1970,3,1.214,NA,PDO,NA,NA,Pacific Decadal Oscillation
01-APR-1970 00:00,1970,4,0.428,NA,PDO,NA,NA,Pacific Decadal Oscillation
01-MAY-1970 00:00,1970,5,-0.547,NA,PDO,NA,NA,Pacific Decadal Oscillation
01-JUN-1970 00:00,1970,6,0.068,NA,PDO,NA,NA,Pacific Decadal Oscillation
01-JUL-1970 00:00,1970,7,-0.521,NA,PDO,NA,NA,Pacific Decadal Oscillation
01-AUG-1970 00:00,1970,8,-1.213,NA,PDO,NA,NA,Pacific Decadal Oscillation
01-SEP-1970 00:00,1970,9,-1.072,NA,PDO,NA,NA,Pacific Decadal Oscillation
01-OCT-1970 00:00,1970,10,-0.73,NA,PDO,NA,NA,Pacific Decadal Oscillation
01-NOV-1970 00:00,1970,11,-0.543,NA,PDO,NA,NA,Pacific Decadal Oscillation
01-DEC-1970 00:00,1970,12,-0.718,NA,PDO,NA,NA,Pacific Decadal Oscillation
01-JAN-1971 00:00,1971,1,-0.989,NA,PDO,NA,NA,Pacific Decadal Oscillation
01-FEB-1971 00:00,1971,2,-1.001,NA,PDO,NA,NA,Pacific Decadal Oscillation
01-MAR-1971 00:00,1971,3,-1.029,NA,PDO,NA,NA,Pacific Decadal Oscillation
01-APR-1971 00:00,1971,4,-1.208,NA,PDO,NA,NA,Pacific Decadal Oscillation
01-MAY-1971 00:00,1971,5,-1.259,NA,PDO,NA,NA,Pacific Decadal Oscillation
01-JUN-1971 00:00,1971,6,-1.484,NA,PDO,NA,NA,Pacific Decadal Oscillation
01-JUL-1971 00:00,1971,7,-1.896,NA,PDO,NA,NA,Pacific Decadal Oscillation
01-AUG-1971 00:00,1971,8,-0.189,NA,PDO,NA,NA,Pacific Decadal Oscillation
01-SEP-1971 00:00,1971,9,0.05,NA,PDO,NA,NA,Pacific Decadal Oscillation
01-OCT-1971 00:00,1971,10,-0.154,NA,PDO,NA,NA,Pacific Decadal Oscillation
01-NOV-1971 00:00,1971,11,-0.985,NA,PDO,NA,NA,Pacific Decadal Oscillation
01-DEC-1971 00:00,1971,12,-1.519,NA,PDO,NA,NA,Pacific Decadal Oscillation
01-JAN-1972 00:00,1972,1,-1.674,NA,PDO,NA,NA,Pacific Decadal Oscillation
01-FEB-1972 00:00,1972,2,-1.53,NA,PDO,NA,NA,Pacific Decadal Oscillation
01-MAR-1972 00:00,1972,3,-1.114,NA,PDO,NA,NA,Pacific Decadal Oscillation
01-APR-1972 00:00,1972,4,-1.235,NA,PDO,NA,NA,Pacific Decadal Oscillation
01-MAY-1972 00:00,1972,5,-1.603,NA,PDO,NA,NA,Pacific Decadal Oscillation
01-JUN-1972 00:00,1972,6,-1.409,NA,PDO,NA,NA,Pacific Decadal Oscillation
01-JUL-1972 00:00,1972,7,-0.972,NA,PDO,NA,NA,Pacific Decadal Oscillation
01-AUG-1972 00:00,1972,8,0.258,NA,PDO,NA,NA,Pacific Decadal Oscillation
01-SEP-1972 00:00,1972,9,0.243,NA,PDO,NA,NA,Pacific Decadal Oscillation
01-OCT-1972 00:00,1972,10,0.125,NA,PDO,NA,NA,Pacific Decadal Oscillation
01-NOV-1972 00:00,1972,11,0.133,NA,PDO,NA,NA,Pacific Decadal Oscillation
01-DEC-1972 00:00,1972,12,-0.287,NA,PDO,NA,NA,Pacific Decadal Oscillation
01-JAN-1973 00:00,1973,1,-0.067,NA,PDO,NA,NA,Pacific Decadal Oscillation
01-FEB-1973 00:00,1973,2,-0.267,NA,PDO,NA,NA,Pacific Decadal Oscillation
01-MAR-1973 00:00,1973,3,-0.521,NA,PDO,NA,NA,Pacific Decadal Oscillation
01-APR-1973 00:00,1973,4,-0.821,NA,PDO,NA,NA,Pacific Decadal Oscillation
01-MAY-1973 00:00,1973,5,-1.017,NA,PDO,NA,NA,Pacific Decadal Oscillation
01-JUN-1973 00:00,1973,6,-0.988,NA,PDO,NA,NA,Pacific Decadal Oscillation
01-JUL-1973 00:00,1973,7,-0.708,NA,PDO,NA,NA,Pacific Decadal Oscillation
01-AUG-1973 00:00,1973,8,-0.738,NA,PDO,NA,NA,Pacific Decadal Oscillation
01-SEP-1973 00:00,1973,9,-0.37,NA,PDO,NA,NA,Pacific Decadal Oscillation
01-OCT-1973 00:00,1973,10,-0.686,NA,PDO,NA,NA,Pacific Decadal Oscillation
01-NOV-1973 00:00,1973,11,-0.929,NA,PDO,NA,NA,Pacific Decadal Oscillation
01-DEC-1973 00:00,1973,12,-0.69,NA,PDO,NA,NA,Pacific Decadal Oscillation
01-JAN-1974 00:00,1974,1,-0.537,NA,PDO,NA,NA,Pacific Decadal Oscillation
01-FEB-1974 00:00,1974,2,-0.98,NA,PDO,NA,NA,Pacific Decadal Oscillation
01-MAR-1974 00:00,1974,3,-0.834,NA,PDO,NA,NA,Pacific Decadal Oscillation
01-APR-1974 00:00,1974,4,-0.374,NA,PDO,NA,NA,Pacific Decadal Oscillation
01-MAY-1974 00:00,1974,5,-0.432,NA,PDO,NA,NA,Pacific Decadal Oscillation
01-JUN-1974 00:00,1974,6,-0.326,NA,PDO,NA,NA,Pacific Decadal Oscillation
01-JUL-1974 00:00,1974,7,0.188,NA,PDO,NA,NA,Pacific Decadal Oscillation
01-AUG-1974 00:00,1974,8,0.205,NA,PDO,NA,NA,Pacific Decadal Oscillation
01-SEP-1974 00:00,1974,9,0.886,NA,PDO,NA,NA,Pacific Decadal Oscillation
01-OCT-1974 00:00,1974,10,0.433,NA,PDO,NA,NA,Pacific Decadal Oscillation
01-NOV-1974 00:00,1974,11,0.642,NA,PDO,NA,NA,Pacific Decadal Oscillation
01-DEC-1974 00:00,1974,12,0.239,NA,PDO,NA,NA,Pacific Decadal Oscillation
01-JAN-1975 00:00,1975,1,-0.411,NA,PDO,NA,NA,Pacific Decadal Oscillation
01-FEB-1975 00:00,1975,2,-0.576,NA,PDO,NA,NA,Pacific Decadal Oscillation
01-MAR-1975 00:00,1975,3,-0.706,NA,PDO,NA,NA,Pacific Decadal Oscillation
01-APR-1975 00:00,1975,4,-1.3,NA,PDO,NA,NA,Pacific Decadal Oscillation
01-MAY-1975 00:00,1975,5,-1.568,NA,PDO,NA,NA,Pacific Decadal Oscillation
01-JUN-1975 00:00,1975,6,-1.184,NA,PDO,NA,NA,Pacific Decadal Oscillation
01-JUL-1975 00:00,1975,7,-0.559,NA,PDO,NA,NA,Pacific Decadal Oscillation
01-AUG-1975 00:00,1975,8,-0.816,NA,PDO,NA,NA,Pacific Decadal Oscillation
01-SEP-1975 00:00,1975,9,-0.779,NA,PDO,NA,NA,Pacific Decadal Oscillation
01-OCT-1975 00:00,1975,10,-0.987,NA,PDO,NA,NA,Pacific Decadal Oscillation
01-NOV-1975 00:00,1975,11,-1.242,NA,PDO,NA,NA,Pacific Decadal Oscillation
01-DEC-1975 00:00,1975,12,-1.188,NA,PDO,NA,NA,Pacific Decadal Oscillation
01-JAN-1976 00:00,1976,1,-0.841,NA,PDO,NA,NA,Pacific Decadal Oscillation
01-FEB-1976 00:00,1976,2,-0.794,NA,PDO,NA,NA,Pacific Decadal Oscillation
01-MAR-1976 00:00,1976,3,-0.942,NA,PDO,NA,NA,Pacific Decadal Oscillation
01-APR-1976 00:00,1976,4,-1.027,NA,PDO,NA,NA,Pacific Decadal Oscillation
01-MAY-1976 00:00,1976,5,-0.795,NA,PDO,NA,NA,Pacific Decadal Oscillation
01-JUN-1976 00:00,1976,6,-1.028,NA,PDO,NA,NA,Pacific Decadal Oscillation
01-JUL-1976 00:00,1976,7,0.368,NA,PDO,NA,NA,Pacific Decadal Oscillation
01-AUG-1976 00:00,1976,8,1.023,NA,PDO,NA,NA,Pacific Decadal Oscillation
01-SEP-1976 00:00,1976,9,0.732,NA,PDO,NA,NA,Pacific Decadal Oscillation
01-OCT-1976 00:00,1976,10,1.235,NA,PDO,NA,NA,Pacific Decadal Oscillation
01-NOV-1976 00:00,1976,11,1.215,NA,PDO,NA,NA,Pacific Decadal Oscillation
01-DEC-1976 00:00,1976,12,0.97,NA,PDO,NA,NA,Pacific Decadal Oscillation
01-JAN-1977 00:00,1977,1,1.051,NA,PDO,NA,NA,Pacific Decadal Oscillation
01-FEB-1977 00:00,1977,2,1.349,NA,PDO,NA,NA,Pacific Decadal Oscillation
01-MAR-1977 00:00,1977,3,0.689,NA,PDO,NA,NA,Pacific Decadal Oscillation
01-APR-1977 00:00,1977,4,0.075,NA,PDO,NA,NA,Pacific Decadal Oscillation
01-MAY-1977 00:00,1977,5,-0.105,NA,PDO,NA,NA,Pacific Decadal Oscillation
01-JUN-1977 00:00,1977,6,0.292,NA,PDO,NA,NA,Pacific Decadal Oscillation
01-JUL-1977 00:00,1977,7,0.382,NA,PDO,NA,NA,Pacific Decadal Oscillation
01-AUG-1977 00:00,1977,8,0.51,NA,PDO,NA,NA,Pacific Decadal Oscillation
01-SEP-1977 00:00,1977,9,-0.095,NA,PDO,NA,NA,Pacific Decadal Oscillation
01-OCT-1977 00:00,1977,10,-0.337,NA,PDO,NA,NA,Pacific Decadal Oscillation
01-NOV-1977 00:00,1977,11,0.014,NA,PDO,NA,NA,Pacific Decadal Oscillation
01-DEC-1977 00:00,1977,12,0.149,NA,PDO,NA,NA,Pacific Decadal Oscillation
01-JAN-1978 00:00,1978,1,0.71,NA,PDO,NA,NA,Pacific Decadal Oscillation
01-FEB-1978 00:00,1978,2,0.925,NA,PDO,NA,NA,Pacific Decadal Oscillation
01-MAR-1978 00:00,1978,3,1.307,NA,PDO,NA,NA,Pacific Decadal Oscillation
01-APR-1978 00:00,1978,4,1.165,NA,PDO,NA,NA,Pacific Decadal Oscillation
01-MAY-1978 00:00,1978,5,1.027,NA,PDO,NA,NA,Pacific Decadal Oscillation
01-JUN-1978 00:00,1978,6,0.575,NA,PDO,NA,NA,Pacific Decadal Oscillation
01-JUL-1978 00:00,1978,7,-0.8,NA,PDO,NA,NA,Pacific Decadal Oscillation
01-AUG-1978 00:00,1978,8,-0.305,NA,PDO,NA,NA,Pacific Decadal Oscillation
01-SEP-1978 00:00,1978,9,-0.348,NA,PDO,NA,NA,Pacific Decadal Oscillation
01-OCT-1978 00:00,1978,10,0.331,NA,PDO,NA,NA,Pacific Decadal Oscillation
01-NOV-1978 00:00,1978,11,0.256,NA,PDO,NA,NA,Pacific Decadal Oscillation
01-DEC-1978 00:00,1978,12,-0.284,NA,PDO,NA,NA,Pacific Decadal Oscillation
01-JAN-1979 00:00,1979,1,0.002,NA,PDO,NA,NA,Pacific Decadal Oscillation
01-FEB-1979 00:00,1979,2,-0.765,NA,PDO,NA,NA,Pacific Decadal Oscillation
01-MAR-1979 00:00,1979,3,-0.224,NA,PDO,NA,NA,Pacific Decadal Oscillation
01-APR-1979 00:00,1979,4,0.195,NA,PDO,NA,NA,Pacific Decadal Oscillation
01-MAY-1979 00:00,1979,5,0.84,NA,PDO,NA,NA,Pacific Decadal Oscillation
01-JUN-1979 00:00,1979,6,0.475,NA,PDO,NA,NA,Pacific Decadal Oscillation
01-JUL-1979 00:00,1979,7,0.627,NA,PDO,NA,NA,Pacific Decadal Oscillation
01-AUG-1979 00:00,1979,8,0.469,NA,PDO,NA,NA,Pacific Decadal Oscillation
01-SEP-1979 00:00,1979,9,1.127,NA,PDO,NA,NA,Pacific Decadal Oscillation
01-OCT-1979 00:00,1979,10,1.302,NA,PDO,NA,NA,Pacific Decadal Oscillation
01-NOV-1979 00:00,1979,11,0.805,NA,PDO,NA,NA,Pacific Decadal Oscillation
01-DEC-1979 00:00,1979,12,0.378,NA,PDO,NA,NA,Pacific Decadal Oscillation
01-JAN-1980 00:00,1980,1,0.36,NA,PDO,NA,NA,Pacific Decadal Oscillation
01-FEB-1980 00:00,1980,2,0.863,NA,PDO,NA,NA,Pacific Decadal Oscillation
01-MAR-1980 00:00,1980,3,0.797,NA,PDO,NA,NA,Pacific Decadal Oscillation
01-APR-1980 00:00,1980,4,1.023,NA,PDO,NA,NA,Pacific Decadal Oscillation
01-MAY-1980 00:00,1980,5,1.036,NA,PDO,NA,NA,Pacific Decadal Oscillation
01-JUN-1980 00:00,1980,6,-0.39,NA,PDO,NA,NA,Pacific Decadal Oscillation
01-JUL-1980 00:00,1980,7,0.1,NA,PDO,NA,NA,Pacific Decadal Oscillation
01-AUG-1980 00:00,1980,8,0.184,NA,PDO,NA,NA,Pacific Decadal Oscillation
01-SEP-1980 00:00,1980,9,0.161,NA,PDO,NA,NA,Pacific Decadal Oscillation
01-OCT-1980 00:00,1980,10,1.265,NA,PDO,NA,NA,Pacific Decadal Oscillation
01-NOV-1980 00:00,1980,11,0.874,NA,PDO,NA,NA,Pacific Decadal Oscillation
01-DEC-1980 00:00,1980,12,0.476,NA,PDO,NA,NA,Pacific Decadal Oscillation
01-JAN-1981 00:00,1981,1,1.167,NA,PDO,NA,NA,Pacific Decadal Oscillation
01-FEB-1981 00:00,1981,2,1.32,NA,PDO,NA,NA,Pacific Decadal Oscillation
01-MAR-1981 00:00,1981,3,1.35,NA,PDO,NA,NA,Pacific Decadal Oscillation
01-APR-1981 00:00,1981,4,1.228,NA,PDO,NA,NA,Pacific Decadal Oscillation
01-MAY-1981 00:00,1981,5,1.379,NA,PDO,NA,NA,Pacific Decadal Oscillation
01-JUN-1981 00:00,1981,6,1.708,NA,PDO,NA,NA,Pacific Decadal Oscillation
01-JUL-1981 00:00,1981,7,1.001,NA,PDO,NA,NA,Pacific Decadal Oscillation
01-AUG-1981 00:00,1981,8,0.54,NA,PDO,NA,NA,Pacific Decadal Oscillation
01-SEP-1981 00:00,1981,9,0.784,NA,PDO,NA,NA,Pacific Decadal Oscillation
01-OCT-1981 00:00,1981,10,0.171,NA,PDO,NA,NA,Pacific Decadal Oscillation
01-NOV-1981 00:00,1981,11,0.618,NA,PDO,NA,NA,Pacific Decadal Oscillation
01-DEC-1981 00:00,1981,12,0.61,NA,PDO,NA,NA,Pacific Decadal Oscillation
01-JAN-1982 00:00,1982,1,0.204,NA,PDO,NA,NA,Pacific Decadal Oscillation
01-FEB-1982 00:00,1982,2,0.077,NA,PDO,NA,NA,Pacific Decadal Oscillation
01-MAR-1982 00:00,1982,3,0.045,NA,PDO,NA,NA,Pacific Decadal Oscillation
01-APR-1982 00:00,1982,4,-0.271,NA,PDO,NA,NA,Pacific Decadal Oscillation
01-MAY-1982 00:00,1982,5,-0.662,NA,PDO,NA,NA,Pacific Decadal Oscillation
01-JUN-1982 00:00,1982,6,-0.501,NA,PDO,NA,NA,Pacific Decadal Oscillation
01-JUL-1982 00:00,1982,7,0.576,NA,PDO,NA,NA,Pacific Decadal Oscillation
01-AUG-1982 00:00,1982,8,0.397,NA,PDO,NA,NA,Pacific Decadal Oscillation
01-SEP-1982 00:00,1982,9,0.883,NA,PDO,NA,NA,Pacific Decadal Oscillation
01-OCT-1982 00:00,1982,10,0.441,NA,PDO,NA,NA,Pacific Decadal Oscillation
01-NOV-1982 00:00,1982,11,-0.231,NA,PDO,NA,NA,Pacific Decadal Oscillation
01-DEC-1982 00:00,1982,12,0.161,NA,PDO,NA,NA,Pacific Decadal Oscillation
01-JAN-1983 00:00,1983,1,0.329,NA,PDO,NA,NA,Pacific Decadal Oscillation
01-FEB-1983 00:00,1983,2,0.944,NA,PDO,NA,NA,Pacific Decadal Oscillation
01-MAR-1983 00:00,1983,3,1.735,NA,PDO,NA,NA,Pacific Decadal Oscillation
01-APR-1983 00:00,1983,4,1.445,NA,PDO,NA,NA,Pacific Decadal Oscillation
01-MAY-1983 00:00,1983,5,1.181,NA,PDO,NA,NA,Pacific Decadal Oscillation
01-JUN-1983 00:00,1983,6,1.756,NA,PDO,NA,NA,Pacific Decadal Oscillation
01-JUL-1983 00:00,1983,7,2.273,NA,PDO,NA,NA,Pacific Decadal Oscillation
01-AUG-1983 00:00,1983,8,1.302,NA,PDO,NA,NA,Pacific Decadal Oscillation
01-SEP-1983 00:00,1983,9,0.669,NA,PDO,NA,NA,Pacific Decadal Oscillation
01-OCT-1983 00:00,1983,10,0.702,NA,PDO,NA,NA,Pacific Decadal Oscillation
01-NOV-1983 00:00,1983,11,1.032,NA,PDO,NA,NA,Pacific Decadal Oscillation
01-DEC-1983 00:00,1983,12,1.389,NA,PDO,NA,NA,Pacific Decadal Oscillation
01-JAN-1984 00:00,1984,1,1.178,NA,PDO,NA,NA,Pacific Decadal Oscillation
01-FEB-1984 00:00,1984,2,1.046,NA,PDO,NA,NA,Pacific Decadal Oscillation
01-MAR-1984 00:00,1984,3,1.381,NA,PDO,NA,NA,Pacific Decadal Oscillation
01-APR-1984 00:00,1984,4,1.001,NA,PDO,NA,NA,Pacific Decadal Oscillation
01-MAY-1984 00:00,1984,5,0.942,NA,PDO,NA,NA,Pacific Decadal Oscillation
01-JUN-1984 00:00,1984,6,0.074,NA,PDO,NA,NA,Pacific Decadal Oscillation
01-JUL-1984 00:00,1984,7,0.098,NA,PDO,NA,NA,Pacific Decadal Oscillation
01-AUG-1984 00:00,1984,8,0.505,NA,PDO,NA,NA,Pacific Decadal Oscillation
01-SEP-1984 00:00,1984,9,0.479,NA,PDO,NA,NA,Pacific Decadal Oscillation
01-OCT-1984 00:00,1984,10,0.7,NA,PDO,NA,NA,Pacific Decadal Oscillation
01-NOV-1984 00:00,1984,11,0.636,NA,PDO,NA,NA,Pacific Decadal Oscillation
01-DEC-1984 00:00,1984,12,0.476,NA,PDO,NA,NA,Pacific Decadal Oscillation
01-JAN-1985 00:00,1985,1,0.831,NA,PDO,NA,NA,Pacific Decadal Oscillation
01-FEB-1985 00:00,1985,2,0.587,NA,PDO,NA,NA,Pacific Decadal Oscillation
01-MAR-1985 00:00,1985,3,-0.038,NA,PDO,NA,NA,Pacific Decadal Oscillation
01-APR-1985 00:00,1985,4,-0.182,NA,PDO,NA,NA,Pacific Decadal Oscillation
01-MAY-1985 00:00,1985,5,-0.271,NA,PDO,NA,NA,Pacific Decadal Oscillation
01-JUN-1985 00:00,1985,6,0.338,NA,PDO,NA,NA,Pacific Decadal Oscillation
01-JUL-1985 00:00,1985,7,0.84,NA,PDO,NA,NA,Pacific Decadal Oscillation
01-AUG-1985 00:00,1985,8,0.687,NA,PDO,NA,NA,Pacific Decadal Oscillation
01-SEP-1985 00:00,1985,9,0.565,NA,PDO,NA,NA,Pacific Decadal Oscillation
01-OCT-1985 00:00,1985,10,0.441,NA,PDO,NA,NA,Pacific Decadal Oscillation
01-NOV-1985 00:00,1985,11,-0.402,NA,PDO,NA,NA,Pacific Decadal Oscillation
01-DEC-1985 00:00,1985,12,0.401,NA,PDO,NA,NA,Pacific Decadal Oscillation
01-JAN-1986 00:00,1986,1,1.053,NA,PDO,NA,NA,Pacific Decadal Oscillation
01-FEB-1986 00:00,1986,2,1.57,NA,PDO,NA,NA,Pacific Decadal Oscillation
01-MAR-1986 00:00,1986,3,1.769,NA,PDO,NA,NA,Pacific Decadal Oscillation
01-APR-1986 00:00,1986,4,1.261,NA,PDO,NA,NA,Pacific Decadal Oscillation
01-MAY-1986 00:00,1986,5,0.99,NA,PDO,NA,NA,Pacific Decadal Oscillation
01-JUN-1986 00:00,1986,6,0.835,NA,PDO,NA,NA,Pacific Decadal Oscillation
01-JUL-1986 00:00,1986,7,1.304,NA,PDO,NA,NA,Pacific Decadal Oscillation
01-AUG-1986 00:00,1986,8,0.475,NA,PDO,NA,NA,Pacific Decadal Oscillation
01-SEP-1986 00:00,1986,9,0.617,NA,PDO,NA,NA,Pacific Decadal Oscillation
01-OCT-1986 00:00,1986,10,1.266,NA,PDO,NA,NA,Pacific Decadal Oscillation
01-NOV-1986 00:00,1986,11,1.763,NA,PDO,NA,NA,Pacific Decadal Oscillation
01-DEC-1986 00:00,1986,12,1.519,NA,PDO,NA,NA,Pacific Decadal Oscillation
01-JAN-1987 00:00,1987,1,1.423,NA,PDO,NA,NA,Pacific Decadal Oscillation
01-FEB-1987 00:00,1987,2,1.59,NA,PDO,NA,NA,Pacific Decadal Oscillation
01-MAR-1987 00:00,1987,3,1.501,NA,PDO,NA,NA,Pacific Decadal Oscillation
01-APR-1987 00:00,1987,4,1.572,NA,PDO,NA,NA,Pacific Decadal Oscillation
01-MAY-1987 00:00,1987,5,1.267,NA,PDO,NA,NA,Pacific Decadal Oscillation
01-JUN-1987 00:00,1987,6,0.548,NA,PDO,NA,NA,Pacific Decadal Oscillation
01-JUL-1987 00:00,1987,7,1.694,NA,PDO,NA,NA,Pacific Decadal Oscillation
01-AUG-1987 00:00,1987,8,1.917,NA,PDO,NA,NA,Pacific Decadal Oscillation
01-SEP-1987 00:00,1987,9,1.769,NA,PDO,NA,NA,Pacific Decadal Oscillation
01-OCT-1987 00:00,1987,10,1.1,NA,PDO,NA,NA,Pacific Decadal Oscillation
01-NOV-1987 00:00,1987,11,1.092,NA,PDO,NA,NA,Pacific Decadal Oscillation
01-DEC-1987 00:00,1987,12,0.861,NA,PDO,NA,NA,Pacific Decadal Oscillation
01-JAN-1988 00:00,1988,1,0.399,NA,PDO,NA,NA,Pacific Decadal Oscillation
01-FEB-1988 00:00,1988,2,0.643,NA,PDO,NA,NA,Pacific Decadal Oscillation
01-MAR-1988 00:00,1988,3,0.633,NA,PDO,NA,NA,Pacific Decadal Oscillation
01-APR-1988 00:00,1988,4,0.475,NA,PDO,NA,NA,Pacific Decadal Oscillation
01-MAY-1988 00:00,1988,5,0.49,NA,PDO,NA,NA,Pacific Decadal Oscillation
01-JUN-1988 00:00,1988,6,0.307,NA,PDO,NA,NA,Pacific Decadal Oscillation
01-JUL-1988 00:00,1988,7,0.172,NA,PDO,NA,NA,Pacific Decadal Oscillation
01-AUG-1988 00:00,1988,8,-0.362,NA,PDO,NA,NA,Pacific Decadal Oscillation
01-SEP-1988 00:00,1988,9,-0.334,NA,PDO,NA,NA,Pacific Decadal Oscillation
01-OCT-1988 00:00,1988,10,-0.05,NA,PDO,NA,NA,Pacific Decadal Oscillation
01-NOV-1988 00:00,1988,11,0.056,NA,PDO,NA,NA,Pacific Decadal Oscillation
01-DEC-1988 00:00,1988,12,-0.136,NA,PDO,NA,NA,Pacific Decadal Oscillation
01-JAN-1989 00:00,1989,1,-0.989,NA,PDO,NA,NA,Pacific Decadal Oscillation
01-FEB-1989 00:00,1989,2,-1.094,NA,PDO,NA,NA,Pacific Decadal Oscillation
01-MAR-1989 00:00,1989,3,-0.87,NA,PDO,NA,NA,Pacific Decadal Oscillation
01-APR-1989 00:00,1989,4,-0.122,NA,PDO,NA,NA,Pacific Decadal Oscillation
01-MAY-1989 00:00,1989,5,0.011,NA,PDO,NA,NA,Pacific Decadal Oscillation
01-JUN-1989 00:00,1989,6,0.071,NA,PDO,NA,NA,Pacific Decadal Oscillation
01-JUL-1989 00:00,1989,7,0.571,NA,PDO,NA,NA,Pacific Decadal Oscillation
01-AUG-1989 00:00,1989,8,-0.079,NA,PDO,NA,NA,Pacific Decadal Oscillation
01-SEP-1989 00:00,1989,9,-0.202,NA,PDO,NA,NA,Pacific Decadal Oscillation
01-OCT-1989 00:00,1989,10,-0.231,NA,PDO,NA,NA,Pacific Decadal Oscillation
01-NOV-1989 00:00,1989,11,-0.552,NA,PDO,NA,NA,Pacific Decadal Oscillation
01-DEC-1989 00:00,1989,12,-0,NA,PDO,NA,NA,Pacific Decadal Oscillation
01-JAN-1990 00:00,1990,1,-0.254,NA,PDO,NA,NA,Pacific Decadal Oscillation
01-FEB-1990 00:00,1990,2,-0.837,NA,PDO,NA,NA,Pacific Decadal Oscillation
01-MAR-1990 00:00,1990,3,-0.707,NA,PDO,NA,NA,Pacific Decadal Oscillation
01-APR-1990 00:00,1990,4,0.105,NA,PDO,NA,NA,Pacific Decadal Oscillation
01-MAY-1990 00:00,1990,5,-0.047,NA,PDO,NA,NA,Pacific Decadal Oscillation
01-JUN-1990 00:00,1990,6,-0.136,NA,PDO,NA,NA,Pacific Decadal Oscillation
01-JUL-1990 00:00,1990,7,-0.047,NA,PDO,NA,NA,Pacific Decadal Oscillation
01-AUG-1990 00:00,1990,8,0.004,NA,PDO,NA,NA,Pacific Decadal Oscillation
01-SEP-1990 00:00,1990,9,0.058,NA,PDO,NA,NA,Pacific Decadal Oscillation
01-OCT-1990 00:00,1990,10,-0.701,NA,PDO,NA,NA,Pacific Decadal Oscillation
01-NOV-1990 00:00,1990,11,-1.439,NA,PDO,NA,NA,Pacific Decadal Oscillation
01-DEC-1990 00:00,1990,12,-1.722,NA,PDO,NA,NA,Pacific Decadal Oscillation
01-JAN-1991 00:00,1991,1,-1.302,NA,PDO,NA,NA,Pacific Decadal Oscillation
01-FEB-1991 00:00,1991,2,-0.65,NA,PDO,NA,NA,Pacific Decadal Oscillation
01-MAR-1991 00:00,1991,3,-0.61,NA,PDO,NA,NA,Pacific Decadal Oscillation
01-APR-1991 00:00,1991,4,-1.198,NA,PDO,NA,NA,Pacific Decadal Oscillation
01-MAY-1991 00:00,1991,5,-1.176,NA,PDO,NA,NA,Pacific Decadal Oscillation
01-JUN-1991 00:00,1991,6,-1.826,NA,PDO,NA,NA,Pacific Decadal Oscillation
01-JUL-1991 00:00,1991,7,-1.171,NA,PDO,NA,NA,Pacific Decadal Oscillation
01-AUG-1991 00:00,1991,8,-0.317,NA,PDO,NA,NA,Pacific Decadal Oscillation
01-SEP-1991 00:00,1991,9,0.613,NA,PDO,NA,NA,Pacific Decadal Oscillation
01-OCT-1991 00:00,1991,10,0.545,NA,PDO,NA,NA,Pacific Decadal Oscillation
01-NOV-1991 00:00,1991,11,0.598,NA,PDO,NA,NA,Pacific Decadal Oscillation
01-DEC-1991 00:00,1991,12,-0.042,NA,PDO,NA,NA,Pacific Decadal Oscillation
01-JAN-1992 00:00,1992,1,0.244,NA,PDO,NA,NA,Pacific Decadal Oscillation
01-FEB-1992 00:00,1992,2,0.27,NA,PDO,NA,NA,Pacific Decadal Oscillation
01-MAR-1992 00:00,1992,3,0.207,NA,PDO,NA,NA,Pacific Decadal Oscillation
01-APR-1992 00:00,1992,4,0.615,NA,PDO,NA,NA,Pacific Decadal Oscillation
01-MAY-1992 00:00,1992,5,1.349,NA,PDO,NA,NA,Pacific Decadal Oscillation
01-JUN-1992 00:00,1992,6,1.239,NA,PDO,NA,NA,Pacific Decadal Oscillation
01-JUL-1992 00:00,1992,7,1.579,NA,PDO,NA,NA,Pacific Decadal Oscillation
01-AUG-1992 00:00,1992,8,1.113,NA,PDO,NA,NA,Pacific Decadal Oscillation
01-SEP-1992 00:00,1992,9,0.872,NA,PDO,NA,NA,Pacific Decadal Oscillation
01-OCT-1992 00:00,1992,10,1.377,NA,PDO,NA,NA,Pacific Decadal Oscillation
01-NOV-1992 00:00,1992,11,1.35,NA,PDO,NA,NA,Pacific Decadal Oscillation
01-DEC-1992 00:00,1992,12,0.474,NA,PDO,NA,NA,Pacific Decadal Oscillation
01-JAN-1993 00:00,1993,1,0.01,NA,PDO,NA,NA,Pacific Decadal Oscillation
01-FEB-1993 00:00,1993,2,0.312,NA,PDO,NA,NA,Pacific Decadal Oscillation
01-MAR-1993 00:00,1993,3,0.545,NA,PDO,NA,NA,Pacific Decadal Oscillation
01-APR-1993 00:00,1993,4,1.123,NA,PDO,NA,NA,Pacific Decadal Oscillation
01-MAY-1993 00:00,1993,5,1.776,NA,PDO,NA,NA,Pacific Decadal Oscillation
01-JUN-1993 00:00,1993,6,1.928,NA,PDO,NA,NA,Pacific Decadal Oscillation
01-JUL-1993 00:00,1993,7,1.464,NA,PDO,NA,NA,Pacific Decadal Oscillation
01-AUG-1993 00:00,1993,8,1.962,NA,PDO,NA,NA,Pacific Decadal Oscillation
01-SEP-1993 00:00,1993,9,1.437,NA,PDO,NA,NA,Pacific Decadal Oscillation
01-OCT-1993 00:00,1993,10,1.478,NA,PDO,NA,NA,Pacific Decadal Oscillation
01-NOV-1993 00:00,1993,11,1.229,NA,PDO,NA,NA,Pacific Decadal Oscillation
01-DEC-1993 00:00,1993,12,0.752,NA,PDO,NA,NA,Pacific Decadal Oscillation
01-JAN-1994 00:00,1994,1,0.945,NA,PDO,NA,NA,Pacific Decadal Oscillation
01-FEB-1994 00:00,1994,2,0.556,NA,PDO,NA,NA,Pacific Decadal Oscillation
01-MAR-1994 00:00,1994,3,0.481,NA,PDO,NA,NA,Pacific Decadal Oscillation
01-APR-1994 00:00,1994,4,0.717,NA,PDO,NA,NA,Pacific Decadal Oscillation
01-MAY-1994 00:00,1994,5,0.684,NA,PDO,NA,NA,Pacific Decadal Oscillation
01-JUN-1994 00:00,1994,6,0.152,NA,PDO,NA,NA,Pacific Decadal Oscillation
01-JUL-1994 00:00,1994,7,-0.472,NA,PDO,NA,NA,Pacific Decadal Oscillation
01-AUG-1994 00:00,1994,8,-0.426,NA,PDO,NA,NA,Pacific Decadal Oscillation
01-SEP-1994 00:00,1994,9,-0.886,NA,PDO,NA,NA,Pacific Decadal Oscillation
01-OCT-1994 00:00,1994,10,-0.591,NA,PDO,NA,NA,Pacific Decadal Oscillation
01-NOV-1994 00:00,1994,11,-1.428,NA,PDO,NA,NA,Pacific Decadal Oscillation
01-DEC-1994 00:00,1994,12,-1.852,NA,PDO,NA,NA,Pacific Decadal Oscillation
01-JAN-1995 00:00,1995,1,-0.578,NA,PDO,NA,NA,Pacific Decadal Oscillation
01-FEB-1995 00:00,1995,2,0.239,NA,PDO,NA,NA,Pacific Decadal Oscillation
01-MAR-1995 00:00,1995,3,0.71,NA,PDO,NA,NA,Pacific Decadal Oscillation
01-APR-1995 00:00,1995,4,0.712,NA,PDO,NA,NA,Pacific Decadal Oscillation
01-MAY-1995 00:00,1995,5,1.153,NA,PDO,NA,NA,Pacific Decadal Oscillation
01-JUN-1995 00:00,1995,6,1.15,NA,PDO,NA,NA,Pacific Decadal Oscillation
01-JUL-1995 00:00,1995,7,1.262,NA,PDO,NA,NA,Pacific Decadal Oscillation
01-AUG-1995 00:00,1995,8,0.277,NA,PDO,NA,NA,Pacific Decadal Oscillation
01-SEP-1995 00:00,1995,9,1.342,NA,PDO,NA,NA,Pacific Decadal Oscillation
01-OCT-1995 00:00,1995,10,0.692,NA,PDO,NA,NA,Pacific Decadal Oscillation
01-NOV-1995 00:00,1995,11,0.182,NA,PDO,NA,NA,Pacific Decadal Oscillation
01-DEC-1995 00:00,1995,12,0.425,NA,PDO,NA,NA,Pacific Decadal Oscillation
01-JAN-1996 00:00,1996,1,0.947,NA,PDO,NA,NA,Pacific Decadal Oscillation
01-FEB-1996 00:00,1996,2,1.068,NA,PDO,NA,NA,Pacific Decadal Oscillation
01-MAR-1996 00:00,1996,3,1.013,NA,PDO,NA,NA,Pacific Decadal Oscillation
01-APR-1996 00:00,1996,4,1.285,NA,PDO,NA,NA,Pacific Decadal Oscillation
01-MAY-1996 00:00,1996,5,1.898,NA,PDO,NA,NA,Pacific Decadal Oscillation
01-JUN-1996 00:00,1996,6,1.026,NA,PDO,NA,NA,Pacific Decadal Oscillation
01-JUL-1996 00:00,1996,7,0.577,NA,PDO,NA,NA,Pacific Decadal Oscillation
01-AUG-1996 00:00,1996,8,-0.212,NA,PDO,NA,NA,Pacific Decadal Oscillation
01-SEP-1996 00:00,1996,9,0.511,NA,PDO,NA,NA,Pacific Decadal Oscillation
01-OCT-1996 00:00,1996,10,0.717,NA,PDO,NA,NA,Pacific Decadal Oscillation
01-NOV-1996 00:00,1996,11,0.688,NA,PDO,NA,NA,Pacific Decadal Oscillation
01-DEC-1996 00:00,1996,12,0.22,NA,PDO,NA,NA,Pacific Decadal Oscillation
01-JAN-1997 00:00,1997,1,0.815,NA,PDO,NA,NA,Pacific Decadal Oscillation
01-FEB-1997 00:00,1997,2,0.592,NA,PDO,NA,NA,Pacific Decadal Oscillation
01-MAR-1997 00:00,1997,3,0.732,NA,PDO,NA,NA,Pacific Decadal Oscillation
01-APR-1997 00:00,1997,4,0.961,NA,PDO,NA,NA,Pacific Decadal Oscillation
01-MAY-1997 00:00,1997,5,1.657,NA,PDO,NA,NA,Pacific Decadal Oscillation
01-JUN-1997 00:00,1997,6,2.382,NA,PDO,NA,NA,Pacific Decadal Oscillation
01-JUL-1997 00:00,1997,7,1.442,NA,PDO,NA,NA,Pacific Decadal Oscillation
01-AUG-1997 00:00,1997,8,2.123,NA,PDO,NA,NA,Pacific Decadal Oscillation
01-SEP-1997 00:00,1997,9,1.639,NA,PDO,NA,NA,Pacific Decadal Oscillation
01-OCT-1997 00:00,1997,10,1.587,NA,PDO,NA,NA,Pacific Decadal Oscillation
01-NOV-1997 00:00,1997,11,1.281,NA,PDO,NA,NA,Pacific Decadal Oscillation
01-DEC-1997 00:00,1997,12,0.867,NA,PDO,NA,NA,Pacific Decadal Oscillation
01-JAN-1998 00:00,1998,1,0.991,NA,PDO,NA,NA,Pacific Decadal Oscillation
01-FEB-1998 00:00,1998,2,1.482,NA,PDO,NA,NA,Pacific Decadal Oscillation
01-MAR-1998 00:00,1998,3,1.407,NA,PDO,NA,NA,Pacific Decadal Oscillation
01-APR-1998 00:00,1998,4,0.31,NA,PDO,NA,NA,Pacific Decadal Oscillation
01-MAY-1998 00:00,1998,5,-0.355,NA,PDO,NA,NA,Pacific Decadal Oscillation
01-JUN-1998 00:00,1998,6,-0.519,NA,PDO,NA,NA,Pacific Decadal Oscillation
01-JUL-1998 00:00,1998,7,-0.681,NA,PDO,NA,NA,Pacific Decadal Oscillation
01-AUG-1998 00:00,1998,8,-0.171,NA,PDO,NA,NA,Pacific Decadal Oscillation
01-SEP-1998 00:00,1998,9,-0.867,NA,PDO,NA,NA,Pacific Decadal Oscillation
01-OCT-1998 00:00,1998,10,-1.576,NA,PDO,NA,NA,Pacific Decadal Oscillation
01-NOV-1998 00:00,1998,11,-0.612,NA,PDO,NA,NA,Pacific Decadal Oscillation
01-DEC-1998 00:00,1998,12,-0.874,NA,PDO,NA,NA,Pacific Decadal Oscillation
01-JAN-1999 00:00,1999,1,-0.543,NA,PDO,NA,NA,Pacific Decadal Oscillation
01-FEB-1999 00:00,1999,2,-0.756,NA,PDO,NA,NA,Pacific Decadal Oscillation
01-MAR-1999 00:00,1999,3,-0.867,NA,PDO,NA,NA,Pacific Decadal Oscillation
01-APR-1999 00:00,1999,4,-1.452,NA,PDO,NA,NA,Pacific Decadal Oscillation
01-MAY-1999 00:00,1999,5,-1.864,NA,PDO,NA,NA,Pacific Decadal Oscillation
01-JUN-1999 00:00,1999,6,-1.91,NA,PDO,NA,NA,Pacific Decadal Oscillation
01-JUL-1999 00:00,1999,7,-1.321,NA,PDO,NA,NA,Pacific Decadal Oscillation
01-AUG-1999 00:00,1999,8,-1.189,NA,PDO,NA,NA,Pacific Decadal Oscillation
01-SEP-1999 00:00,1999,9,-1.379,NA,PDO,NA,NA,Pacific Decadal Oscillation
01-OCT-1999 00:00,1999,10,-1.849,NA,PDO,NA,NA,Pacific Decadal Oscillation
01-NOV-1999 00:00,1999,11,-1.754,NA,PDO,NA,NA,Pacific Decadal Oscillation
01-DEC-1999 00:00,1999,12,-1.64,NA,PDO,NA,NA,Pacific Decadal Oscillation
01-JAN-2000 00:00,2000,1,-1.784,NA,PDO,NA,NA,Pacific Decadal Oscillation
01-FEB-2000 00:00,2000,2,-0.969,NA,PDO,NA,NA,Pacific Decadal Oscillation
01-MAR-2000 00:00,2000,3,-0.475,NA,PDO,NA,NA,Pacific Decadal Oscillation
01-APR-2000 00:00,2000,4,-0.392,NA,PDO,NA,NA,Pacific Decadal Oscillation
01-MAY-2000 00:00,2000,5,-0.568,NA,PDO,NA,NA,Pacific Decadal Oscillation
01-JUN-2000 00:00,2000,6,-0.521,NA,PDO,NA,NA,Pacific Decadal Oscillation
01-JUL-2000 00:00,2000,7,-0.903,NA,PDO,NA,NA,Pacific Decadal Oscillation
01-AUG-2000 00:00,2000,8,-1.102,NA,PDO,NA,NA,Pacific Decadal Oscillation
01-SEP-2000 00:00,2000,9,-0.811,NA,PDO,NA,NA,Pacific Decadal Oscillation
01-OCT-2000 00:00,2000,10,-1.082,NA,PDO,NA,NA,Pacific Decadal Oscillation
01-NOV-2000 00:00,2000,11,-0.804,NA,PDO,NA,NA,Pacific Decadal Oscillation
01-DEC-2000 00:00,2000,12,0.024,NA,PDO,NA,NA,Pacific Decadal Oscillation
01-JAN-2001 00:00,2001,1,0.519,NA,PDO,NA,NA,Pacific Decadal Oscillation
01-FEB-2001 00:00,2001,2,0.145,NA,PDO,NA,NA,Pacific Decadal Oscillation
01-MAR-2001 00:00,2001,3,-0.035,NA,PDO,NA,NA,Pacific Decadal Oscillation
01-APR-2001 00:00,2001,4,-0.837,NA,PDO,NA,NA,Pacific Decadal Oscillation
01-MAY-2001 00:00,2001,5,-0.755,NA,PDO,NA,NA,Pacific Decadal Oscillation
01-JUN-2001 00:00,2001,6,-1.02,NA,PDO,NA,NA,Pacific Decadal Oscillation
01-JUL-2001 00:00,2001,7,-1.73,NA,PDO,NA,NA,Pacific Decadal Oscillation
01-AUG-2001 00:00,2001,8,-1.09,NA,PDO,NA,NA,Pacific Decadal Oscillation
01-SEP-2001 00:00,2001,9,-1.217,NA,PDO,NA,NA,Pacific Decadal Oscillation
01-OCT-2001 00:00,2001,10,-1.201,NA,PDO,NA,NA,Pacific Decadal Oscillation
01-NOV-2001 00:00,2001,11,-0.793,NA,PDO,NA,NA,Pacific Decadal Oscillation
01-DEC-2001 00:00,2001,12,-0.889,NA,PDO,NA,NA,Pacific Decadal Oscillation
01-JAN-2002 00:00,2002,1,-0.154,NA,PDO,NA,NA,Pacific Decadal Oscillation
01-FEB-2002 00:00,2002,2,-0.961,NA,PDO,NA,NA,Pacific Decadal Oscillation
01-MAR-2002 00:00,2002,3,-0.779,NA,PDO,NA,NA,Pacific Decadal Oscillation
01-APR-2002 00:00,2002,4,-0.701,NA,PDO,NA,NA,Pacific Decadal Oscillation
01-MAY-2002 00:00,2002,5,-0.996,NA,PDO,NA,NA,Pacific Decadal Oscillation
01-JUN-2002 00:00,2002,6,-0.868,NA,PDO,NA,NA,Pacific Decadal Oscillation
01-JUL-2002 00:00,2002,7,-0.422,NA,PDO,NA,NA,Pacific Decadal Oscillation
01-AUG-2002 00:00,2002,8,0.285,NA,PDO,NA,NA,Pacific Decadal Oscillation
01-SEP-2002 00:00,2002,9,0.123,NA,PDO,NA,NA,Pacific Decadal Oscillation
01-OCT-2002 00:00,2002,10,0.3,NA,PDO,NA,NA,Pacific Decadal Oscillation
01-NOV-2002 00:00,2002,11,1.081,NA,PDO,NA,NA,Pacific Decadal Oscillation
01-DEC-2002 00:00,2002,12,1.473,NA,PDO,NA,NA,Pacific Decadal Oscillation
01-JAN-2003 00:00,2003,1,1.442,NA,PDO,NA,NA,Pacific Decadal Oscillation
01-FEB-2003 00:00,2003,2,1.262,NA,PDO,NA,NA,Pacific Decadal Oscillation
01-MAR-2003 00:00,2003,3,1.282,NA,PDO,NA,NA,Pacific Decadal Oscillation
01-APR-2003 00:00,2003,4,0.529,NA,PDO,NA,NA,Pacific Decadal Oscillation
01-MAY-2003 00:00,2003,5,0.324,NA,PDO,NA,NA,Pacific Decadal Oscillation
01-JUN-2003 00:00,2003,6,-0.182,NA,PDO,NA,NA,Pacific Decadal Oscillation
01-JUL-2003 00:00,2003,7,0.493,NA,PDO,NA,NA,Pacific Decadal Oscillation
01-AUG-2003 00:00,2003,8,0.745,NA,PDO,NA,NA,Pacific Decadal Oscillation
01-SEP-2003 00:00,2003,9,0.049,NA,PDO,NA,NA,Pacific Decadal Oscillation
01-OCT-2003 00:00,2003,10,0.757,NA,PDO,NA,NA,Pacific Decadal Oscillation
01-NOV-2003 00:00,2003,11,-0.02,NA,PDO,NA,NA,Pacific Decadal Oscillation
01-DEC-2003 00:00,2003,12,-0.361,NA,PDO,NA,NA,Pacific Decadal Oscillation
01-JAN-2004 00:00,2004,1,-0.226,NA,PDO,NA,NA,Pacific Decadal Oscillation
01-FEB-2004 00:00,2004,2,0.032,NA,PDO,NA,NA,Pacific Decadal Oscillation
01-MAR-2004 00:00,2004,3,0.128,NA,PDO,NA,NA,Pacific Decadal Oscillation
01-APR-2004 00:00,2004,4,0.095,NA,PDO,NA,NA,Pacific Decadal Oscillation
01-MAY-2004 00:00,2004,5,0.496,NA,PDO,NA,NA,Pacific Decadal Oscillation
01-JUN-2004 00:00,2004,6,-0.288,NA,PDO,NA,NA,Pacific Decadal Oscillation
01-JUL-2004 00:00,2004,7,0.032,NA,PDO,NA,NA,Pacific Decadal Oscillation
01-AUG-2004 00:00,2004,8,0.292,NA,PDO,NA,NA,Pacific Decadal Oscillation
01-SEP-2004 00:00,2004,9,0.108,NA,PDO,NA,NA,Pacific Decadal Oscillation
01-OCT-2004 00:00,2004,10,-0.52,NA,PDO,NA,NA,Pacific Decadal Oscillation
01-NOV-2004 00:00,2004,11,-0.946,NA,PDO,NA,NA,Pacific Decadal Oscillation
01-DEC-2004 00:00,2004,12,-0.531,NA,PDO,NA,NA,Pacific Decadal Oscillation
01-JAN-2005 00:00,2005,1,-0.068,NA,PDO,NA,NA,Pacific Decadal Oscillation
01-FEB-2005 00:00,2005,2,0.169,NA,PDO,NA,NA,Pacific Decadal Oscillation
01-MAR-2005 00:00,2005,3,0.795,NA,PDO,NA,NA,Pacific Decadal Oscillation
01-APR-2005 00:00,2005,4,0.402,NA,PDO,NA,NA,Pacific Decadal Oscillation
01-MAY-2005 00:00,2005,5,1.147,NA,PDO,NA,NA,Pacific Decadal Oscillation
01-JUN-2005 00:00,2005,6,0.528,NA,PDO,NA,NA,Pacific Decadal Oscillation
01-JUL-2005 00:00,2005,7,0.014,NA,PDO,NA,NA,Pacific Decadal Oscillation
01-AUG-2005 00:00,2005,8,-0.198,NA,PDO,NA,NA,Pacific Decadal Oscillation
01-SEP-2005 00:00,2005,9,-0.712,NA,PDO,NA,NA,Pacific Decadal Oscillation
01-OCT-2005 00:00,2005,10,-1.566,NA,PDO,NA,NA,Pacific Decadal Oscillation
01-NOV-2005 00:00,2005,11,-1.544,NA,PDO,NA,NA,Pacific Decadal Oscillation
01-DEC-2005 00:00,2005,12,-0.059,NA,PDO,NA,NA,Pacific Decadal Oscillation
01-JAN-2006 00:00,2006,1,0.554,NA,PDO,NA,NA,Pacific Decadal Oscillation
01-FEB-2006 00:00,2006,2,0.507,NA,PDO,NA,NA,Pacific Decadal Oscillation
01-MAR-2006 00:00,2006,3,-0.351,NA,PDO,NA,NA,Pacific Decadal Oscillation
01-APR-2006 00:00,2006,4,-0.358,NA,PDO,NA,NA,Pacific Decadal Oscillation
01-MAY-2006 00:00,2006,5,-0.284,NA,PDO,NA,NA,Pacific Decadal Oscillation
01-JUN-2006 00:00,2006,6,0.091,NA,PDO,NA,NA,Pacific Decadal Oscillation
01-JUL-2006 00:00,2006,7,0.377,NA,PDO,NA,NA,Pacific Decadal Oscillation
01-AUG-2006 00:00,2006,8,-0.466,NA,PDO,NA,NA,Pacific Decadal Oscillation
01-SEP-2006 00:00,2006,9,-0.997,NA,PDO,NA,NA,Pacific Decadal Oscillation
01-OCT-2006 00:00,2006,10,-0.169,NA,PDO,NA,NA,Pacific Decadal Oscillation
01-NOV-2006 00:00,2006,11,-0.442,NA,PDO,NA,NA,Pacific Decadal Oscillation
01-DEC-2006 00:00,2006,12,-0.296,NA,PDO,NA,NA,Pacific Decadal Oscillation
01-JAN-2007 00:00,2007,1,-0.468,NA,PDO,NA,NA,Pacific Decadal Oscillation
01-FEB-2007 00:00,2007,2,-0.382,NA,PDO,NA,NA,Pacific Decadal Oscillation
01-MAR-2007 00:00,2007,3,-0.734,NA,PDO,NA,NA,Pacific Decadal Oscillation
01-APR-2007 00:00,2007,4,-0.24,NA,PDO,NA,NA,Pacific Decadal Oscillation
01-MAY-2007 00:00,2007,5,-0.116,NA,PDO,NA,NA,Pacific Decadal Oscillation
01-JUN-2007 00:00,2007,6,0.086,NA,PDO,NA,NA,Pacific Decadal Oscillation
01-JUL-2007 00:00,2007,7,0.547,NA,PDO,NA,NA,Pacific Decadal Oscillation
01-AUG-2007 00:00,2007,8,0.185,NA,PDO,NA,NA,Pacific Decadal Oscillation
01-SEP-2007 00:00,2007,9,-0.582,NA,PDO,NA,NA,Pacific Decadal Oscillation
01-OCT-2007 00:00,2007,10,-1.871,NA,PDO,NA,NA,Pacific Decadal Oscillation
01-NOV-2007 00:00,2007,11,-1.23,NA,PDO,NA,NA,Pacific Decadal Oscillation
01-DEC-2007 00:00,2007,12,-0.759,NA,PDO,NA,NA,Pacific Decadal Oscillation
01-JAN-2008 00:00,2008,1,-1.23,NA,PDO,NA,NA,Pacific Decadal Oscillation
01-FEB-2008 00:00,2008,2,-1.188,NA,PDO,NA,NA,Pacific Decadal Oscillation
01-MAR-2008 00:00,2008,3,-0.955,NA,PDO,NA,NA,Pacific Decadal Oscillation
01-APR-2008 00:00,2008,4,-1.498,NA,PDO,NA,NA,Pacific Decadal Oscillation
01-MAY-2008 00:00,2008,5,-1.348,NA,PDO,NA,NA,Pacific Decadal Oscillation
01-JUN-2008 00:00,2008,6,-1.625,NA,PDO,NA,NA,Pacific Decadal Oscillation
01-JUL-2008 00:00,2008,7,-1.373,NA,PDO,NA,NA,Pacific Decadal Oscillation
01-AUG-2008 00:00,2008,8,-1.218,NA,PDO,NA,NA,Pacific Decadal Oscillation
01-SEP-2008 00:00,2008,9,-1.347,NA,PDO,NA,NA,Pacific Decadal Oscillation
01-OCT-2008 00:00,2008,10,-1.538,NA,PDO,NA,NA,Pacific Decadal Oscillation
01-NOV-2008 00:00,2008,11,-1.384,NA,PDO,NA,NA,Pacific Decadal Oscillation
01-DEC-2008 00:00,2008,12,-1.266,NA,PDO,NA,NA,Pacific Decadal Oscillation
01-JAN-2009 00:00,2009,1,-1.619,NA,PDO,NA,NA,Pacific Decadal Oscillation
01-FEB-2009 00:00,2009,2,-1.464,NA,PDO,NA,NA,Pacific Decadal Oscillation
01-MAR-2009 00:00,2009,3,-1.742,NA,PDO,NA,NA,Pacific Decadal Oscillation
01-APR-2009 00:00,2009,4,-1.872,NA,PDO,NA,NA,Pacific Decadal Oscillation
01-MAY-2009 00:00,2009,5,-1.008,NA,PDO,NA,NA,Pacific Decadal Oscillation
01-JUN-2009 00:00,2009,6,-0.665,NA,PDO,NA,NA,Pacific Decadal Oscillation
01-JUL-2009 00:00,2009,7,-0.523,NA,PDO,NA,NA,Pacific Decadal Oscillation
01-AUG-2009 00:00,2009,8,-0.25,NA,PDO,NA,NA,Pacific Decadal Oscillation
01-SEP-2009 00:00,2009,9,0.454,NA,PDO,NA,NA,Pacific Decadal Oscillation
01-OCT-2009 00:00,2009,10,0.078,NA,PDO,NA,NA,Pacific Decadal Oscillation
01-NOV-2009 00:00,2009,11,-0.759,NA,PDO,NA,NA,Pacific Decadal Oscillation
01-DEC-2009 00:00,2009,12,-0.429,NA,PDO,NA,NA,Pacific Decadal Oscillation
01-JAN-2010 00:00,2010,1,0.134,NA,PDO,NA,NA,Pacific Decadal Oscillation
01-FEB-2010 00:00,2010,2,0.361,NA,PDO,NA,NA,Pacific Decadal Oscillation
01-MAR-2010 00:00,2010,3,0.036,NA,PDO,NA,NA,Pacific Decadal Oscillation
01-APR-2010 00:00,2010,4,0.043,NA,PDO,NA,NA,Pacific Decadal Oscillation
01-MAY-2010 00:00,2010,5,-0.132,NA,PDO,NA,NA,Pacific Decadal Oscillation
01-JUN-2010 00:00,2010,6,-0.699,NA,PDO,NA,NA,Pacific Decadal Oscillation
01-JUL-2010 00:00,2010,7,-1.579,NA,PDO,NA,NA,Pacific Decadal Oscillation
01-AUG-2010 00:00,2010,8,-1.499,NA,PDO,NA,NA,Pacific Decadal Oscillation
01-SEP-2010 00:00,2010,9,-1.639,NA,PDO,NA,NA,Pacific Decadal Oscillation
01-OCT-2010 00:00,2010,10,-1.083,NA,PDO,NA,NA,Pacific Decadal Oscillation
01-NOV-2010 00:00,2010,11,-1.183,NA,PDO,NA,NA,Pacific Decadal Oscillation
01-DEC-2010 00:00,2010,12,-1.677,NA,PDO,NA,NA,Pacific Decadal Oscillation
01-JAN-2011 00:00,2011,1,-1.469,NA,PDO,NA,NA,Pacific Decadal Oscillation
01-FEB-2011 00:00,2011,2,-1.069,NA,PDO,NA,NA,Pacific Decadal Oscillation
01-MAR-2011 00:00,2011,3,-0.931,NA,PDO,NA,NA,Pacific Decadal Oscillation
01-APR-2011 00:00,2011,4,-0.823,NA,PDO,NA,NA,Pacific Decadal Oscillation
01-MAY-2011 00:00,2011,5,-0.898,NA,PDO,NA,NA,Pacific Decadal Oscillation
01-JUN-2011 00:00,2011,6,-1.445,NA,PDO,NA,NA,Pacific Decadal Oscillation
01-JUL-2011 00:00,2011,7,-2.137,NA,PDO,NA,NA,Pacific Decadal Oscillation
01-AUG-2011 00:00,2011,8,-1.997,NA,PDO,NA,NA,Pacific Decadal Oscillation
01-SEP-2011 00:00,2011,9,-1.867,NA,PDO,NA,NA,Pacific Decadal Oscillation
01-OCT-2011 00:00,2011,10,-1.553,NA,PDO,NA,NA,Pacific Decadal Oscillation
01-NOV-2011 00:00,2011,11,-2.48,NA,PDO,NA,NA,Pacific Decadal Oscillation
01-DEC-2011 00:00,2011,12,-2.184,NA,PDO,NA,NA,Pacific Decadal Oscillation
01-JAN-2012 00:00,2012,1,-1.669,NA,PDO,NA,NA,Pacific Decadal Oscillation
01-FEB-2012 00:00,2012,2,-1.148,NA,PDO,NA,NA,Pacific Decadal Oscillation
01-MAR-2012 00:00,2012,3,-1.348,NA,PDO,NA,NA,Pacific Decadal Oscillation
01-APR-2012 00:00,2012,4,-0.761,NA,PDO,NA,NA,Pacific Decadal Oscillation
01-MAY-2012 00:00,2012,5,-1.626,NA,PDO,NA,NA,Pacific Decadal Oscillation
01-JUN-2012 00:00,2012,6,-1.426,NA,PDO,NA,NA,Pacific Decadal Oscillation
01-JUL-2012 00:00,2012,7,-1.953,NA,PDO,NA,NA,Pacific Decadal Oscillation
01-AUG-2012 00:00,2012,8,-1.936,NA,PDO,NA,NA,Pacific Decadal Oscillation
01-SEP-2012 00:00,2012,9,-2.309,NA,PDO,NA,NA,Pacific Decadal Oscillation
01-OCT-2012 00:00,2012,10,-0.918,NA,PDO,NA,NA,Pacific Decadal Oscillation
01-NOV-2012 00:00,2012,11,-0.577,NA,PDO,NA,NA,Pacific Decadal Oscillation
01-DEC-2012 00:00,2012,12,-1.301,NA,PDO,NA,NA,Pacific Decadal Oscillation
01-JAN-2013 00:00,2013,1,-1,NA,PDO,NA,NA,Pacific Decadal Oscillation
01-FEB-2013 00:00,2013,2,-1.109,NA,PDO,NA,NA,Pacific Decadal Oscillation
01-MAR-2013 00:00,2013,3,-1.109,NA,PDO,NA,NA,Pacific Decadal Oscillation
01-APR-2013 00:00,2013,4,-0.556,NA,PDO,NA,NA,Pacific Decadal Oscillation
01-MAY-2013 00:00,2013,5,-0.294,NA,PDO,NA,NA,Pacific Decadal Oscillation
01-JUN-2013 00:00,2013,6,-1.069,NA,PDO,NA,NA,Pacific Decadal Oscillation
01-JUL-2013 00:00,2013,7,-1.139,NA,PDO,NA,NA,Pacific Decadal Oscillation
01-AUG-2013 00:00,2013,8,-1.088,NA,PDO,NA,NA,Pacific Decadal Oscillation
01-SEP-2013 00:00,2013,9,-0.658,NA,PDO,NA,NA,Pacific Decadal Oscillation
01-OCT-2013 00:00,2013,10,-1.267,NA,PDO,NA,NA,Pacific Decadal Oscillation
01-NOV-2013 00:00,2013,11,-0.895,NA,PDO,NA,NA,Pacific Decadal Oscillation
01-DEC-2013 00:00,2013,12,-0.928,NA,PDO,NA,NA,Pacific Decadal Oscillation
01-JAN-2014 00:00,2014,1,-0.496,NA,PDO,NA,NA,Pacific Decadal Oscillation
01-FEB-2014 00:00,2014,2,-0.227,NA,PDO,NA,NA,Pacific Decadal Oscillation
01-MAR-2014 00:00,2014,3,0.464,NA,PDO,NA,NA,Pacific Decadal Oscillation
01-APR-2014 00:00,2014,4,0.526,NA,PDO,NA,NA,Pacific Decadal Oscillation
01-MAY-2014 00:00,2014,5,1.153,NA,PDO,NA,NA,Pacific Decadal Oscillation
01-JUN-2014 00:00,2014,6,-0.324,NA,PDO,NA,NA,Pacific Decadal Oscillation
01-JUL-2014 00:00,2014,7,0.4,NA,PDO,NA,NA,Pacific Decadal Oscillation
01-AUG-2014 00:00,2014,8,0.361,NA,PDO,NA,NA,Pacific Decadal Oscillation
01-SEP-2014 00:00,2014,9,0.621,NA,PDO,NA,NA,Pacific Decadal Oscillation
01-OCT-2014 00:00,2014,10,1.202,NA,PDO,NA,NA,Pacific Decadal Oscillation
01-NOV-2014 00:00,2014,11,1.132,NA,PDO,NA,NA,Pacific Decadal Oscillation
01-DEC-2014 00:00,2014,12,1.567,NA,PDO,NA,NA,Pacific Decadal Oscillation
01-JAN-2015 00:00,2015,1,1.336,NA,PDO,NA,NA,Pacific Decadal Oscillation
01-FEB-2015 00:00,2015,2,1.426,NA,PDO,NA,NA,Pacific Decadal Oscillation
01-MAR-2015 00:00,2015,3,1.26,NA,PDO,NA,NA,Pacific Decadal Oscillation
01-APR-2015 00:00,2015,4,0.83,NA,PDO,NA,NA,Pacific Decadal Oscillation
01-MAY-2015 00:00,2015,5,0.389,NA,PDO,NA,NA,Pacific Decadal Oscillation
01-JUN-2015 00:00,2015,6,0.657,NA,PDO,NA,NA,Pacific Decadal Oscillation
01-JUL-2015 00:00,2015,7,1.144,NA,PDO,NA,NA,Pacific Decadal Oscillation
01-AUG-2015 00:00,2015,8,0.889,NA,PDO,NA,NA,Pacific Decadal Oscillation
01-SEP-2015 00:00,2015,9,0.936,NA,PDO,NA,NA,Pacific Decadal Oscillation
01-OCT-2015 00:00,2015,10,0.72,NA,PDO,NA,NA,Pacific Decadal Oscillation
01-NOV-2015 00:00,2015,11,0.067,NA,PDO,NA,NA,Pacific Decadal Oscillation
01-DEC-2015 00:00,2015,12,0.01,NA,PDO,NA,NA,Pacific Decadal Oscillation
01-JAN-2016 00:00,2016,1,0.521,NA,PDO,NA,NA,Pacific Decadal Oscillation
01-FEB-2016 00:00,2016,2,1.113,NA,PDO,NA,NA,Pacific Decadal Oscillation
01-MAR-2016 00:00,2016,3,1.447,NA,PDO,NA,NA,Pacific Decadal Oscillation
01-APR-2016 00:00,2016,4,1.619,NA,PDO,NA,NA,Pacific Decadal Oscillation
01-MAY-2016 00:00,2016,5,1.498,NA,PDO,NA,NA,Pacific Decadal Oscillation
01-JUN-2016 00:00,2016,6,0.676,NA,PDO,NA,NA,Pacific Decadal Oscillation
01-JUL-2016 00:00,2016,7,0.478,NA,PDO,NA,NA,Pacific Decadal Oscillation
01-AUG-2016 00:00,2016,8,-0.124,NA,PDO,NA,NA,Pacific Decadal Oscillation
01-SEP-2016 00:00,2016,9,-0.327,NA,PDO,NA,NA,Pacific Decadal Oscillation
01-OCT-2016 00:00,2016,10,-0.296,NA,PDO,NA,NA,Pacific Decadal Oscillation
01-NOV-2016 00:00,2016,11,0.66,NA,PDO,NA,NA,Pacific Decadal Oscillation
01-DEC-2016 00:00,2016,12,0.315,NA,PDO,NA,NA,Pacific Decadal Oscillation
01-JAN-2017 00:00,2017,1,-0.091,NA,PDO,NA,NA,Pacific Decadal Oscillation
01-FEB-2017 00:00,2017,2,0.108,NA,PDO,NA,NA,Pacific Decadal Oscillation
01-MAR-2017 00:00,2017,3,0.196,NA,PDO,NA,NA,Pacific Decadal Oscillation
01-APR-2017 00:00,2017,4,0.492,NA,PDO,NA,NA,Pacific Decadal Oscillation
01-MAY-2017 00:00,2017,5,0.397,NA,PDO,NA,NA,Pacific Decadal Oscillation
01-JUN-2017 00:00,2017,6,0.122,NA,PDO,NA,NA,Pacific Decadal Oscillation
01-JUL-2017 00:00,2017,7,-0.445,NA,PDO,NA,NA,Pacific Decadal Oscillation
01-AUG-2017 00:00,2017,8,-0.334,NA,PDO,NA,NA,Pacific Decadal Oscillation
01-SEP-2017 00:00,2017,9,0.038,NA,PDO,NA,NA,Pacific Decadal Oscillation
01-OCT-2017 00:00,2017,10,-0.46,NA,PDO,NA,NA,Pacific Decadal Oscillation
01-NOV-2017 00:00,2017,11,-0.547,NA,PDO,NA,NA,Pacific Decadal Oscillation
01-DEC-2017 00:00,2017,12,-0.23,NA,PDO,NA,NA,Pacific Decadal Oscillation
01-JAN-2018 00:00,2018,1,0.174,NA,PDO,NA,NA,Pacific Decadal Oscillation
01-FEB-2018 00:00,2018,2,-0.193,NA,PDO,NA,NA,Pacific Decadal Oscillation
01-MAR-2018 00:00,2018,3,-0.549,NA,PDO,NA,NA,Pacific Decadal Oscillation
01-APR-2018 00:00,2018,4,-0.511,NA,PDO,NA,NA,Pacific Decadal Oscillation
01-MAY-2018 00:00,2018,5,-0.312,NA,PDO,NA,NA,Pacific Decadal Oscillation
01-JUN-2018 00:00,2018,6,-0.713,NA,PDO,NA,NA,Pacific Decadal Oscillation
01-JUL-2018 00:00,2018,7,-0.083,NA,PDO,NA,NA,Pacific Decadal Oscillation
01-AUG-2018 00:00,2018,8,-0.123,NA,PDO,NA,NA,Pacific Decadal Oscillation
01-SEP-2018 00:00,2018,9,-0.138,NA,PDO,NA,NA,Pacific Decadal Oscillation
01-OCT-2018 00:00,2018,10,-0.428,NA,PDO,NA,NA,Pacific Decadal Oscillation
01-NOV-2018 00:00,2018,11,-0.529,NA,PDO,NA,NA,Pacific Decadal Oscillation
01-DEC-2018 00:00,2018,12,-0.23,NA,PDO,NA,NA,Pacific Decadal Oscillation
01-JAN-2019 00:00,2019,1,-0.306,NA,PDO,NA,NA,Pacific Decadal Oscillation
01-FEB-2019 00:00,2019,2,-0.51,NA,PDO,NA,NA,Pacific Decadal Oscillation
01-MAR-2019 00:00,2019,3,-0.216,NA,PDO,NA,NA,Pacific Decadal Oscillation
01-APR-2019 00:00,2019,4,0.202,NA,PDO,NA,NA,Pacific Decadal Oscillation
01-MAY-2019 00:00,2019,5,0.436,NA,PDO,NA,NA,Pacific Decadal Oscillation
01-JUN-2019 00:00,2019,6,0.033,NA,PDO,NA,NA,Pacific Decadal Oscillation
01-JUL-2019 00:00,2019,7,0.53,NA,PDO,NA,NA,Pacific Decadal Oscillation
01-AUG-2019 00:00,2019,8,0.232,NA,PDO,NA,NA,Pacific Decadal Oscillation
01-SEP-2019 00:00,2019,9,0.171,NA,PDO,NA,NA,Pacific Decadal Oscillation
01-OCT-2019 00:00,2019,10,-0.705,NA,PDO,NA,NA,Pacific Decadal Oscillation
01-NOV-2019 00:00,2019,11,-0.353,NA,PDO,NA,NA,Pacific Decadal Oscillation
01-DEC-2019 00:00,2019,12,0.01,NA,PDO,NA,NA,Pacific Decadal Oscillation
01-JAN-2020 00:00,2020,1,-1.21,NA,PDO,NA,NA,Pacific Decadal Oscillation
01-FEB-2020 00:00,2020,2,-1.14,NA,PDO,NA,NA,Pacific Decadal Oscillation
01-MAR-2020 00:00,2020,3,-1.426,NA,PDO,NA,NA,Pacific Decadal Oscillation
01-APR-2020 00:00,2020,4,-1.082,NA,PDO,NA,NA,Pacific Decadal Oscillation
01-MAY-2020 00:00,2020,5,-0.456,NA,PDO,NA,NA,Pacific Decadal Oscillation
01-JUN-2020 00:00,2020,6,-0.813,NA,PDO,NA,NA,Pacific Decadal Oscillation
01-JUL-2020 00:00,2020,7,-0.938,NA,PDO,NA,NA,Pacific Decadal Oscillation
01-AUG-2020 00:00,2020,8,-1.24,NA,PDO,NA,NA,Pacific Decadal Oscillation
01-SEP-2020 00:00,2020,9,-1.053,NA,PDO,NA,NA,Pacific Decadal Oscillation
01-OCT-2020 00:00,2020,10,-0.686,NA,PDO,NA,NA,Pacific Decadal Oscillation
01-NOV-2020 00:00,2020,11,-1.497,NA,PDO,NA,NA,Pacific Decadal Oscillation
01-DEC-2020 00:00,2020,12,-0.955,NA,PDO,NA,NA,Pacific Decadal Oscillation
01-JAN-2021 00:00,2021,1,-0.56,NA,PDO,NA,NA,Pacific Decadal Oscillation
01-FEB-2021 00:00,2021,2,-0.87,NA,PDO,NA,NA,Pacific Decadal Oscillation
01-MAR-2021 00:00,2021,3,-1.331,NA,PDO,NA,NA,Pacific Decadal Oscillation
01-APR-2021 00:00,2021,4,-1.438,NA,PDO,NA,NA,Pacific Decadal Oscillation
01-MAY-2021 00:00,2021,5,-1.616,NA,PDO,NA,NA,Pacific Decadal Oscillation
01-JUN-2021 00:00,2021,6,-1.655,NA,PDO,NA,NA,Pacific Decadal Oscillation
01-JUL-2021 00:00,2021,7,-1.572,NA,PDO,NA,NA,Pacific Decadal Oscillation
01-AUG-2021 00:00,2021,8,-0.776,NA,PDO,NA,NA,Pacific Decadal Oscillation
01-SEP-2021 00:00,2021,9,-1.626,NA,PDO,NA,NA,Pacific Decadal Oscillation
01-OCT-2021 00:00,2021,10,-2.686,NA,PDO,NA,NA,Pacific Decadal Oscillation
01-NOV-2021 00:00,2021,11,-2.468,NA,PDO,NA,NA,Pacific Decadal Oscillation
01-DEC-2021 00:00,2021,12,-2.417,NA,PDO,NA,NA,Pacific Decadal Oscillation
01-JAN-2022 00:00,2022,1,-2.05,NA,PDO,NA,NA,Pacific Decadal Oscillation
01-FEB-2022 00:00,2022,2,-1.583,NA,PDO,NA,NA,Pacific Decadal Oscillation
01-MAR-2022 00:00,2022,3,-1.361,NA,PDO,NA,NA,Pacific Decadal Oscillation
01-APR-2022 00:00,2022,4,-1.805,NA,PDO,NA,NA,Pacific Decadal Oscillation
01-MAY-2022 00:00,2022,5,-2.033,NA,PDO,NA,NA,Pacific Decadal Oscillation
01-JUN-2022 00:00,2022,6,-1.405,NA,PDO,NA,NA,Pacific Decadal Oscillation
01-JUL-2022 00:00,2022,7,-2.262,NA,PDO,NA,NA,Pacific Decadal Oscillation
01-AUG-2022 00:00,2022,8,-1.947,NA,PDO,NA,NA,Pacific Decadal Oscillation
01-SEP-2022 00:00,2022,9,-1.723,NA,PDO,NA,NA,Pacific Decadal Oscillation
01-OCT-2022 00:00,2022,10,-1.364,NA,PDO,NA,NA,Pacific Decadal Oscillation
01-NOV-2022 00:00,2022,11,-1.986,NA,PDO,NA,NA,Pacific Decadal Oscillation
01-DEC-2022 00:00,2022,12,-1.836,NA,PDO,NA,NA,Pacific Decadal Oscillation
01-JAN-2023 00:00,2023,1,-0.947,NA,PDO,NA,NA,Pacific Decadal Oscillation
01-FEB-2023 00:00,2023,2,-1.273,NA,PDO,NA,NA,Pacific Decadal Oscillation
01-MAR-2023 00:00,2023,3,-1.892,NA,PDO,NA,NA,Pacific Decadal Oscillation
01-APR-2023 00:00,2023,4,-2.484,NA,PDO,NA,NA,Pacific Decadal Oscillation
01-MAY-2023 00:00,2023,5,-1.949,NA,PDO,NA,NA,Pacific Decadal Oscillation
01-JUN-2023 00:00,2023,6,-2.16,NA,PDO,NA,NA,Pacific Decadal Oscillation
01-JUL-2023 00:00,2023,7,-2.148,NA,PDO,NA,NA,Pacific Decadal Oscillation
01-AUG-2023 00:00,2023,8,-1.971,NA,PDO,NA,NA,Pacific Decadal Oscillation
01-SEP-2023 00:00,2023,9,-2.39,NA,PDO,NA,NA,Pacific Decadal Oscillation
01-OCT-2023 00:00,2023,10,-2.021,NA,PDO,NA,NA,Pacific Decadal Oscillation
01-NOV-2023 00:00,2023,11,-1.621,NA,PDO,NA,NA,Pacific Decadal Oscillation
01-DEC-2023 00:00,2023,12,-1.68,NA,PDO,NA,NA,Pacific Decadal Oscillation
01-JAN-2024 00:00,2024,1,-1.4,NA,PDO,NA,NA,Pacific Decadal Oscillation
01-FEB-2024 00:00,2024,2,-1.077,NA,PDO,NA,NA,Pacific Decadal Oscillation
01-MAR-2024 00:00,2024,3,-1.274,NA,PDO,NA,NA,Pacific Decadal Oscillation
01-APR-2024 00:00,2024,4,-1.69,NA,PDO,NA,NA,Pacific Decadal Oscillation
01-MAY-2024 00:00,2024,5,-2.607,NA,PDO,NA,NA,Pacific Decadal Oscillation
01-JUN-2024 00:00,2024,6,-2.744,NA,PDO,NA,NA,Pacific Decadal Oscillation
01-JUL-2024 00:00,2024,7,-2.315,NA,PDO,NA,NA,Pacific Decadal Oscillation
01-AUG-2024 00:00,2024,8,-2.079,NA,PDO,NA,NA,Pacific Decadal Oscillation
01-SEP-2024 00:00,2024,9,-2.652,NA,PDO,NA,NA,Pacific Decadal Oscillation
01-OCT-2024 00:00,2024,10,-3.043,NA,PDO,NA,NA,Pacific Decadal Oscillation
01-NOV-2024 00:00,2024,11,-2.628,NA,PDO,NA,NA,Pacific Decadal Oscillation
01-DEC-2024 00:00,2024,12,-1.788,NA,PDO,NA,NA,Pacific Decadal Oscillation
01-JAN-2025 00:00,2025,1,-1.086,NA,PDO,NA,NA,Pacific Decadal Oscillation
01-FEB-2025 00:00,2025,2,-1.11,NA,PDO,NA,NA,Pacific Decadal Oscillation
01-MAR-2025 00:00,2025,3,-0.892,NA,PDO,NA,NA,Pacific Decadal Oscillation
01-APR-2025 00:00,2025,4,-1.017,NA,PDO,NA,NA,Pacific Decadal Oscillation
01-MAY-2025 00:00,2025,5,-1.595,NA,PDO,NA,NA,Pacific Decadal Oscillation
01-JUN-2025 00:00,2025,6,-2.666,NA,PDO,NA,NA,Pacific Decadal Oscillation
01-JUL-2025 00:00,2025,7,-3.59,NA,PDO,NA,NA,Pacific Decadal Oscillation
01-AUG-2025 00:00,2025,8,-2.691,NA,PDO,NA,NA,Pacific Decadal Oscillation
01-SEP-2025 00:00,2025,9,-1.976,NA,PDO,NA,NA,Pacific Decadal Oscillation
01-OCT-2025 00:00,2025,10,-2.125,NA,PDO,NA,NA,Pacific Decadal Oscillation
01-NOV-2025 00:00,2025,11,-1.489,NA,PDO,NA,NA,Pacific Decadal Oscillation
01-DEC-2025 00:00,2025,12,-1.08,NA,PDO,NA,NA,Pacific Decadal Oscillation
01-JAN-1950 00:00,1950,1,-2.19,NA,NPGO,NA,NA,North Pacific Gyre Oscillation
01-FEB-1950 00:00,1950,2,-1.45,NA,NPGO,NA,NA,North Pacific Gyre Oscillation
01-MAR-1950 00:00,1950,3,-0.97,NA,NPGO,NA,NA,North Pacific Gyre Oscillation
01-APR-1950 00:00,1950,4,-0.86,NA,NPGO,NA,NA,North Pacific Gyre Oscillation
01-MAY-1950 00:00,1950,5,-0.63,NA,NPGO,NA,NA,North Pacific Gyre Oscillation
01-JUN-1950 00:00,1950,6,-0.58,NA,NPGO,NA,NA,North Pacific Gyre Oscillation
01-JUL-1950 00:00,1950,7,-0.74,NA,NPGO,NA,NA,North Pacific Gyre Oscillation
01-AUG-1950 00:00,1950,8,-0.55,NA,NPGO,NA,NA,North Pacific Gyre Oscillation
01-SEP-1950 00:00,1950,9,-0.6,NA,NPGO,NA,NA,North Pacific Gyre Oscillation
01-OCT-1950 00:00,1950,10,0.12,NA,NPGO,NA,NA,North Pacific Gyre Oscillation
01-NOV-1950 00:00,1950,11,-0.26,NA,NPGO,NA,NA,North Pacific Gyre Oscillation
01-DEC-1950 00:00,1950,12,-0.49,NA,NPGO,NA,NA,North Pacific Gyre Oscillation
01-JAN-1951 00:00,1951,1,-0.48,NA,NPGO,NA,NA,North Pacific Gyre Oscillation
01-FEB-1951 00:00,1951,2,-0.41,NA,NPGO,NA,NA,North Pacific Gyre Oscillation
01-MAR-1951 00:00,1951,3,-0.57,NA,NPGO,NA,NA,North Pacific Gyre Oscillation
01-APR-1951 00:00,1951,4,-0.56,NA,NPGO,NA,NA,North Pacific Gyre Oscillation
01-MAY-1951 00:00,1951,5,-1.07,NA,NPGO,NA,NA,North Pacific Gyre Oscillation
01-JUN-1951 00:00,1951,6,-1.44,NA,NPGO,NA,NA,North Pacific Gyre Oscillation
01-JUL-1951 00:00,1951,7,-1.1,NA,NPGO,NA,NA,North Pacific Gyre Oscillation
01-AUG-1951 00:00,1951,8,-1.17,NA,NPGO,NA,NA,North Pacific Gyre Oscillation
01-SEP-1951 00:00,1951,9,-1.42,NA,NPGO,NA,NA,North Pacific Gyre Oscillation
01-OCT-1951 00:00,1951,10,-1.07,NA,NPGO,NA,NA,North Pacific Gyre Oscillation
01-NOV-1951 00:00,1951,11,-1.01,NA,NPGO,NA,NA,North Pacific Gyre Oscillation
01-DEC-1951 00:00,1951,12,-1.22,NA,NPGO,NA,NA,North Pacific Gyre Oscillation
01-JAN-1952 00:00,1952,1,-1.34,NA,NPGO,NA,NA,North Pacific Gyre Oscillation
01-FEB-1952 00:00,1952,2,-1.09,NA,NPGO,NA,NA,North Pacific Gyre Oscillation
01-MAR-1952 00:00,1952,3,-0.67,NA,NPGO,NA,NA,North Pacific Gyre Oscillation
01-APR-1952 00:00,1952,4,-0.43,NA,NPGO,NA,NA,North Pacific Gyre Oscillation
01-MAY-1952 00:00,1952,5,-0.63,NA,NPGO,NA,NA,North Pacific Gyre Oscillation
01-JUN-1952 00:00,1952,6,-0.97,NA,NPGO,NA,NA,North Pacific Gyre Oscillation
01-JUL-1952 00:00,1952,7,-1.34,NA,NPGO,NA,NA,North Pacific Gyre Oscillation
01-AUG-1952 00:00,1952,8,-0.9,NA,NPGO,NA,NA,North Pacific Gyre Oscillation
01-SEP-1952 00:00,1952,9,-0.58,NA,NPGO,NA,NA,North Pacific Gyre Oscillation
01-OCT-1952 00:00,1952,10,-0.26,NA,NPGO,NA,NA,North Pacific Gyre Oscillation
01-NOV-1952 00:00,1952,11,-0.32,NA,NPGO,NA,NA,North Pacific Gyre Oscillation
01-DEC-1952 00:00,1952,12,0.85,NA,NPGO,NA,NA,North Pacific Gyre Oscillation
01-JAN-1953 00:00,1953,1,0.94,NA,NPGO,NA,NA,North Pacific Gyre Oscillation
01-FEB-1953 00:00,1953,2,0.75,NA,NPGO,NA,NA,North Pacific Gyre Oscillation
01-MAR-1953 00:00,1953,3,1.22,NA,NPGO,NA,NA,North Pacific Gyre Oscillation
01-APR-1953 00:00,1953,4,1.25,NA,NPGO,NA,NA,North Pacific Gyre Oscillation
01-MAY-1953 00:00,1953,5,1.27,NA,NPGO,NA,NA,North Pacific Gyre Oscillation
01-JUN-1953 00:00,1953,6,1.06,NA,NPGO,NA,NA,North Pacific Gyre Oscillation
01-JUL-1953 00:00,1953,7,1.04,NA,NPGO,NA,NA,North Pacific Gyre Oscillation
01-AUG-1953 00:00,1953,8,0.62,NA,NPGO,NA,NA,North Pacific Gyre Oscillation
01-SEP-1953 00:00,1953,9,0.29,NA,NPGO,NA,NA,North Pacific Gyre Oscillation
01-OCT-1953 00:00,1953,10,1.08,NA,NPGO,NA,NA,North Pacific Gyre Oscillation
01-NOV-1953 00:00,1953,11,2.05,NA,NPGO,NA,NA,North Pacific Gyre Oscillation
01-DEC-1953 00:00,1953,12,1.42,NA,NPGO,NA,NA,North Pacific Gyre Oscillation
01-JAN-1954 00:00,1954,1,1.09,NA,NPGO,NA,NA,North Pacific Gyre Oscillation
01-FEB-1954 00:00,1954,2,1.16,NA,NPGO,NA,NA,North Pacific Gyre Oscillation
01-MAR-1954 00:00,1954,3,0.08,NA,NPGO,NA,NA,North Pacific Gyre Oscillation
01-APR-1954 00:00,1954,4,-0.37,NA,NPGO,NA,NA,North Pacific Gyre Oscillation
01-MAY-1954 00:00,1954,5,-0.16,NA,NPGO,NA,NA,North Pacific Gyre Oscillation
01-JUN-1954 00:00,1954,6,0.18,NA,NPGO,NA,NA,North Pacific Gyre Oscillation
01-JUL-1954 00:00,1954,7,-0.04,NA,NPGO,NA,NA,North Pacific Gyre Oscillation
01-AUG-1954 00:00,1954,8,-0.13,NA,NPGO,NA,NA,North Pacific Gyre Oscillation
01-SEP-1954 00:00,1954,9,-0.26,NA,NPGO,NA,NA,North Pacific Gyre Oscillation
01-OCT-1954 00:00,1954,10,0.18,NA,NPGO,NA,NA,North Pacific Gyre Oscillation
01-NOV-1954 00:00,1954,11,0.35,NA,NPGO,NA,NA,North Pacific Gyre Oscillation
01-DEC-1954 00:00,1954,12,0.4,NA,NPGO,NA,NA,North Pacific Gyre Oscillation
01-JAN-1955 00:00,1955,1,0.33,NA,NPGO,NA,NA,North Pacific Gyre Oscillation
01-FEB-1955 00:00,1955,2,-0.25,NA,NPGO,NA,NA,North Pacific Gyre Oscillation
01-MAR-1955 00:00,1955,3,-0.22,NA,NPGO,NA,NA,North Pacific Gyre Oscillation
01-APR-1955 00:00,1955,4,0.04,NA,NPGO,NA,NA,North Pacific Gyre Oscillation
01-MAY-1955 00:00,1955,5,0.26,NA,NPGO,NA,NA,North Pacific Gyre Oscillation
01-JUN-1955 00:00,1955,6,-0.02,NA,NPGO,NA,NA,North Pacific Gyre Oscillation
01-JUL-1955 00:00,1955,7,-0.09,NA,NPGO,NA,NA,North Pacific Gyre Oscillation
01-AUG-1955 00:00,1955,8,0.27,NA,NPGO,NA,NA,North Pacific Gyre Oscillation
01-SEP-1955 00:00,1955,9,-0.11,NA,NPGO,NA,NA,North Pacific Gyre Oscillation
01-OCT-1955 00:00,1955,10,-0.52,NA,NPGO,NA,NA,North Pacific Gyre Oscillation
01-NOV-1955 00:00,1955,11,-0.08,NA,NPGO,NA,NA,North Pacific Gyre Oscillation
01-DEC-1955 00:00,1955,12,-0.52,NA,NPGO,NA,NA,North Pacific Gyre Oscillation
01-JAN-1956 00:00,1956,1,0.12,NA,NPGO,NA,NA,North Pacific Gyre Oscillation
01-FEB-1956 00:00,1956,2,-0.14,NA,NPGO,NA,NA,North Pacific Gyre Oscillation
01-MAR-1956 00:00,1956,3,0.02,NA,NPGO,NA,NA,North Pacific Gyre Oscillation
01-APR-1956 00:00,1956,4,-0.04,NA,NPGO,NA,NA,North Pacific Gyre Oscillation
01-MAY-1956 00:00,1956,5,0.14,NA,NPGO,NA,NA,North Pacific Gyre Oscillation
01-JUN-1956 00:00,1956,6,0.47,NA,NPGO,NA,NA,North Pacific Gyre Oscillation
01-JUL-1956 00:00,1956,7,0.46,NA,NPGO,NA,NA,North Pacific Gyre Oscillation
01-AUG-1956 00:00,1956,8,0.54,NA,NPGO,NA,NA,North Pacific Gyre Oscillation
01-SEP-1956 00:00,1956,9,0.3,NA,NPGO,NA,NA,North Pacific Gyre Oscillation
01-OCT-1956 00:00,1956,10,-0.05,NA,NPGO,NA,NA,North Pacific Gyre Oscillation
01-NOV-1956 00:00,1956,11,-0.23,NA,NPGO,NA,NA,North Pacific Gyre Oscillation
01-DEC-1956 00:00,1956,12,-0.77,NA,NPGO,NA,NA,North Pacific Gyre Oscillation
01-JAN-1957 00:00,1957,1,-1.27,NA,NPGO,NA,NA,North Pacific Gyre Oscillation
01-FEB-1957 00:00,1957,2,-1.96,NA,NPGO,NA,NA,North Pacific Gyre Oscillation
01-MAR-1957 00:00,1957,3,-1.34,NA,NPGO,NA,NA,North Pacific Gyre Oscillation
01-APR-1957 00:00,1957,4,-1.26,NA,NPGO,NA,NA,North Pacific Gyre Oscillation
01-MAY-1957 00:00,1957,5,-1.04,NA,NPGO,NA,NA,North Pacific Gyre Oscillation
01-JUN-1957 00:00,1957,6,-1.17,NA,NPGO,NA,NA,North Pacific Gyre Oscillation
01-JUL-1957 00:00,1957,7,-0.76,NA,NPGO,NA,NA,North Pacific Gyre Oscillation
01-AUG-1957 00:00,1957,8,-0.91,NA,NPGO,NA,NA,North Pacific Gyre Oscillation
01-SEP-1957 00:00,1957,9,-0.92,NA,NPGO,NA,NA,North Pacific Gyre Oscillation
01-OCT-1957 00:00,1957,10,-1.03,NA,NPGO,NA,NA,North Pacific Gyre Oscillation
01-NOV-1957 00:00,1957,11,-1.41,NA,NPGO,NA,NA,North Pacific Gyre Oscillation
01-DEC-1957 00:00,1957,12,-0.72,NA,NPGO,NA,NA,North Pacific Gyre Oscillation
01-JAN-1958 00:00,1958,1,0.12,NA,NPGO,NA,NA,North Pacific Gyre Oscillation
01-FEB-1958 00:00,1958,2,0.15,NA,NPGO,NA,NA,North Pacific Gyre Oscillation
01-MAR-1958 00:00,1958,3,-1.15,NA,NPGO,NA,NA,North Pacific Gyre Oscillation
01-APR-1958 00:00,1958,4,-0.72,NA,NPGO,NA,NA,North Pacific Gyre Oscillation
01-MAY-1958 00:00,1958,5,-0.85,NA,NPGO,NA,NA,North Pacific Gyre Oscillation
01-JUN-1958 00:00,1958,6,-0.72,NA,NPGO,NA,NA,North Pacific Gyre Oscillation
01-JUL-1958 00:00,1958,7,-0.87,NA,NPGO,NA,NA,North Pacific Gyre Oscillation
01-AUG-1958 00:00,1958,8,-0.63,NA,NPGO,NA,NA,North Pacific Gyre Oscillation
01-SEP-1958 00:00,1958,9,-0.2,NA,NPGO,NA,NA,North Pacific Gyre Oscillation
01-OCT-1958 00:00,1958,10,-0.51,NA,NPGO,NA,NA,North Pacific Gyre Oscillation
01-NOV-1958 00:00,1958,11,-0.77,NA,NPGO,NA,NA,North Pacific Gyre Oscillation
01-DEC-1958 00:00,1958,12,-0.41,NA,NPGO,NA,NA,North Pacific Gyre Oscillation
01-JAN-1959 00:00,1959,1,0.12,NA,NPGO,NA,NA,North Pacific Gyre Oscillation
01-FEB-1959 00:00,1959,2,-0.59,NA,NPGO,NA,NA,North Pacific Gyre Oscillation
01-MAR-1959 00:00,1959,3,-0.39,NA,NPGO,NA,NA,North Pacific Gyre Oscillation
01-APR-1959 00:00,1959,4,-0.45,NA,NPGO,NA,NA,North Pacific Gyre Oscillation
01-MAY-1959 00:00,1959,5,-0.44,NA,NPGO,NA,NA,North Pacific Gyre Oscillation
01-JUN-1959 00:00,1959,6,-0.37,NA,NPGO,NA,NA,North Pacific Gyre Oscillation
01-JUL-1959 00:00,1959,7,-0.4,NA,NPGO,NA,NA,North Pacific Gyre Oscillation
01-AUG-1959 00:00,1959,8,-0.5,NA,NPGO,NA,NA,North Pacific Gyre Oscillation
01-SEP-1959 00:00,1959,9,0.07,NA,NPGO,NA,NA,North Pacific Gyre Oscillation
01-OCT-1959 00:00,1959,10,0.13,NA,NPGO,NA,NA,North Pacific Gyre Oscillation
01-NOV-1959 00:00,1959,11,-0.05,NA,NPGO,NA,NA,North Pacific Gyre Oscillation
01-DEC-1959 00:00,1959,12,0.42,NA,NPGO,NA,NA,North Pacific Gyre Oscillation
01-JAN-1960 00:00,1960,1,1.02,NA,NPGO,NA,NA,North Pacific Gyre Oscillation
01-FEB-1960 00:00,1960,2,0.82,NA,NPGO,NA,NA,North Pacific Gyre Oscillation
01-MAR-1960 00:00,1960,3,0.86,NA,NPGO,NA,NA,North Pacific Gyre Oscillation
01-APR-1960 00:00,1960,4,0.79,NA,NPGO,NA,NA,North Pacific Gyre Oscillation
01-MAY-1960 00:00,1960,5,0.92,NA,NPGO,NA,NA,North Pacific Gyre Oscillation
01-JUN-1960 00:00,1960,6,0.31,NA,NPGO,NA,NA,North Pacific Gyre Oscillation
01-JUL-1960 00:00,1960,7,0.71,NA,NPGO,NA,NA,North Pacific Gyre Oscillation
01-AUG-1960 00:00,1960,8,0.44,NA,NPGO,NA,NA,North Pacific Gyre Oscillation
01-SEP-1960 00:00,1960,9,0.52,NA,NPGO,NA,NA,North Pacific Gyre Oscillation
01-OCT-1960 00:00,1960,10,0.49,NA,NPGO,NA,NA,North Pacific Gyre Oscillation
01-NOV-1960 00:00,1960,11,0.95,NA,NPGO,NA,NA,North Pacific Gyre Oscillation
01-DEC-1960 00:00,1960,12,1.14,NA,NPGO,NA,NA,North Pacific Gyre Oscillation
01-JAN-1961 00:00,1961,1,1.1,NA,NPGO,NA,NA,North Pacific Gyre Oscillation
01-FEB-1961 00:00,1961,2,1.36,NA,NPGO,NA,NA,North Pacific Gyre Oscillation
01-MAR-1961 00:00,1961,3,1.75,NA,NPGO,NA,NA,North Pacific Gyre Oscillation
01-APR-1961 00:00,1961,4,0.96,NA,NPGO,NA,NA,North Pacific Gyre Oscillation
01-MAY-1961 00:00,1961,5,1.4,NA,NPGO,NA,NA,North Pacific Gyre Oscillation
01-JUN-1961 00:00,1961,6,1.2,NA,NPGO,NA,NA,North Pacific Gyre Oscillation
01-JUL-1961 00:00,1961,7,1.06,NA,NPGO,NA,NA,North Pacific Gyre Oscillation
01-AUG-1961 00:00,1961,8,1.07,NA,NPGO,NA,NA,North Pacific Gyre Oscillation
01-SEP-1961 00:00,1961,9,0.77,NA,NPGO,NA,NA,North Pacific Gyre Oscillation
01-OCT-1961 00:00,1961,10,0.35,NA,NPGO,NA,NA,North Pacific Gyre Oscillation
01-NOV-1961 00:00,1961,11,0.22,NA,NPGO,NA,NA,North Pacific Gyre Oscillation
01-DEC-1961 00:00,1961,12,0.4,NA,NPGO,NA,NA,North Pacific Gyre Oscillation
01-JAN-1962 00:00,1962,1,0.17,NA,NPGO,NA,NA,North Pacific Gyre Oscillation
01-FEB-1962 00:00,1962,2,-0.15,NA,NPGO,NA,NA,North Pacific Gyre Oscillation
01-MAR-1962 00:00,1962,3,-0.61,NA,NPGO,NA,NA,North Pacific Gyre Oscillation
01-APR-1962 00:00,1962,4,-0.47,NA,NPGO,NA,NA,North Pacific Gyre Oscillation
01-MAY-1962 00:00,1962,5,-0.74,NA,NPGO,NA,NA,North Pacific Gyre Oscillation
01-JUN-1962 00:00,1962,6,-0.3,NA,NPGO,NA,NA,North Pacific Gyre Oscillation
01-JUL-1962 00:00,1962,7,-0.06,NA,NPGO,NA,NA,North Pacific Gyre Oscillation
01-AUG-1962 00:00,1962,8,-0.37,NA,NPGO,NA,NA,North Pacific Gyre Oscillation
01-SEP-1962 00:00,1962,9,0.33,NA,NPGO,NA,NA,North Pacific Gyre Oscillation
01-OCT-1962 00:00,1962,10,0.16,NA,NPGO,NA,NA,North Pacific Gyre Oscillation
01-NOV-1962 00:00,1962,11,0.45,NA,NPGO,NA,NA,North Pacific Gyre Oscillation
01-DEC-1962 00:00,1962,12,0.47,NA,NPGO,NA,NA,North Pacific Gyre Oscillation
01-JAN-1963 00:00,1963,1,-0.81,NA,NPGO,NA,NA,North Pacific Gyre Oscillation
01-FEB-1963 00:00,1963,2,-0.28,NA,NPGO,NA,NA,North Pacific Gyre Oscillation
01-MAR-1963 00:00,1963,3,-1.1,NA,NPGO,NA,NA,North Pacific Gyre Oscillation
01-APR-1963 00:00,1963,4,-0.81,NA,NPGO,NA,NA,North Pacific Gyre Oscillation
01-MAY-1963 00:00,1963,5,-0.43,NA,NPGO,NA,NA,North Pacific Gyre Oscillation
01-JUN-1963 00:00,1963,6,-0.72,NA,NPGO,NA,NA,North Pacific Gyre Oscillation
01-JUL-1963 00:00,1963,7,-0.37,NA,NPGO,NA,NA,North Pacific Gyre Oscillation
01-AUG-1963 00:00,1963,8,-0.13,NA,NPGO,NA,NA,North Pacific Gyre Oscillation
01-SEP-1963 00:00,1963,9,0.12,NA,NPGO,NA,NA,North Pacific Gyre Oscillation
01-OCT-1963 00:00,1963,10,0.51,NA,NPGO,NA,NA,North Pacific Gyre Oscillation
01-NOV-1963 00:00,1963,11,0.66,NA,NPGO,NA,NA,North Pacific Gyre Oscillation
01-DEC-1963 00:00,1963,12,0.54,NA,NPGO,NA,NA,North Pacific Gyre Oscillation
01-JAN-1964 00:00,1964,1,1.07,NA,NPGO,NA,NA,North Pacific Gyre Oscillation
01-FEB-1964 00:00,1964,2,0.29,NA,NPGO,NA,NA,North Pacific Gyre Oscillation
01-MAR-1964 00:00,1964,3,0.35,NA,NPGO,NA,NA,North Pacific Gyre Oscillation
01-APR-1964 00:00,1964,4,0.25,NA,NPGO,NA,NA,North Pacific Gyre Oscillation
01-MAY-1964 00:00,1964,5,0.27,NA,NPGO,NA,NA,North Pacific Gyre Oscillation
01-JUN-1964 00:00,1964,6,0.88,NA,NPGO,NA,NA,North Pacific Gyre Oscillation
01-JUL-1964 00:00,1964,7,1.6,NA,NPGO,NA,NA,North Pacific Gyre Oscillation
01-AUG-1964 00:00,1964,8,0.78,NA,NPGO,NA,NA,North Pacific Gyre Oscillation
01-SEP-1964 00:00,1964,9,0.91,NA,NPGO,NA,NA,North Pacific Gyre Oscillation
01-OCT-1964 00:00,1964,10,0.71,NA,NPGO,NA,NA,North Pacific Gyre Oscillation
01-NOV-1964 00:00,1964,11,0.07,NA,NPGO,NA,NA,North Pacific Gyre Oscillation
01-DEC-1964 00:00,1964,12,-0.68,NA,NPGO,NA,NA,North Pacific Gyre Oscillation
01-JAN-1965 00:00,1965,1,-0.61,NA,NPGO,NA,NA,North Pacific Gyre Oscillation
01-FEB-1965 00:00,1965,2,-0.84,NA,NPGO,NA,NA,North Pacific Gyre Oscillation
01-MAR-1965 00:00,1965,3,-0.94,NA,NPGO,NA,NA,North Pacific Gyre Oscillation
01-APR-1965 00:00,1965,4,-0.88,NA,NPGO,NA,NA,North Pacific Gyre Oscillation
01-MAY-1965 00:00,1965,5,-1.16,NA,NPGO,NA,NA,North Pacific Gyre Oscillation
01-JUN-1965 00:00,1965,6,-0.83,NA,NPGO,NA,NA,North Pacific Gyre Oscillation
01-JUL-1965 00:00,1965,7,-0.69,NA,NPGO,NA,NA,North Pacific Gyre Oscillation
01-AUG-1965 00:00,1965,8,-0.44,NA,NPGO,NA,NA,North Pacific Gyre Oscillation
01-SEP-1965 00:00,1965,9,-0.86,NA,NPGO,NA,NA,North Pacific Gyre Oscillation
01-OCT-1965 00:00,1965,10,-0.68,NA,NPGO,NA,NA,North Pacific Gyre Oscillation
01-NOV-1965 00:00,1965,11,-0.92,NA,NPGO,NA,NA,North Pacific Gyre Oscillation
01-DEC-1965 00:00,1965,12,-1.19,NA,NPGO,NA,NA,North Pacific Gyre Oscillation
01-JAN-1966 00:00,1966,1,-0.32,NA,NPGO,NA,NA,North Pacific Gyre Oscillation
01-FEB-1966 00:00,1966,2,-1.11,NA,NPGO,NA,NA,North Pacific Gyre Oscillation
01-MAR-1966 00:00,1966,3,-0.6,NA,NPGO,NA,NA,North Pacific Gyre Oscillation
01-APR-1966 00:00,1966,4,-1.37,NA,NPGO,NA,NA,North Pacific Gyre Oscillation
01-MAY-1966 00:00,1966,5,-1.68,NA,NPGO,NA,NA,North Pacific Gyre Oscillation
01-JUN-1966 00:00,1966,6,-1.26,NA,NPGO,NA,NA,North Pacific Gyre Oscillation
01-JUL-1966 00:00,1966,7,-1.11,NA,NPGO,NA,NA,North Pacific Gyre Oscillation
01-AUG-1966 00:00,1966,8,-0.98,NA,NPGO,NA,NA,North Pacific Gyre Oscillation
01-SEP-1966 00:00,1966,9,-0.75,NA,NPGO,NA,NA,North Pacific Gyre Oscillation
01-OCT-1966 00:00,1966,10,-0.8,NA,NPGO,NA,NA,North Pacific Gyre Oscillation
01-NOV-1966 00:00,1966,11,-0.94,NA,NPGO,NA,NA,North Pacific Gyre Oscillation
01-DEC-1966 00:00,1966,12,-0.54,NA,NPGO,NA,NA,North Pacific Gyre Oscillation
01-JAN-1967 00:00,1967,1,-0.74,NA,NPGO,NA,NA,North Pacific Gyre Oscillation
01-FEB-1967 00:00,1967,2,-0.61,NA,NPGO,NA,NA,North Pacific Gyre Oscillation
01-MAR-1967 00:00,1967,3,-1.12,NA,NPGO,NA,NA,North Pacific Gyre Oscillation
01-APR-1967 00:00,1967,4,-0.89,NA,NPGO,NA,NA,North Pacific Gyre Oscillation
01-MAY-1967 00:00,1967,5,-1,NA,NPGO,NA,NA,North Pacific Gyre Oscillation
01-JUN-1967 00:00,1967,6,-1.25,NA,NPGO,NA,NA,North Pacific Gyre Oscillation
01-JUL-1967 00:00,1967,7,-1.17,NA,NPGO,NA,NA,North Pacific Gyre Oscillation
01-AUG-1967 00:00,1967,8,-0.75,NA,NPGO,NA,NA,North Pacific Gyre Oscillation
01-SEP-1967 00:00,1967,9,-0.05,NA,NPGO,NA,NA,North Pacific Gyre Oscillation
01-OCT-1967 00:00,1967,10,0.01,NA,NPGO,NA,NA,North Pacific Gyre Oscillation
01-NOV-1967 00:00,1967,11,-0.59,NA,NPGO,NA,NA,North Pacific Gyre Oscillation
01-DEC-1967 00:00,1967,12,-0.23,NA,NPGO,NA,NA,North Pacific Gyre Oscillation
01-JAN-1968 00:00,1968,1,-0.77,NA,NPGO,NA,NA,North Pacific Gyre Oscillation
01-FEB-1968 00:00,1968,2,-0.63,NA,NPGO,NA,NA,North Pacific Gyre Oscillation
01-MAR-1968 00:00,1968,3,-0.63,NA,NPGO,NA,NA,North Pacific Gyre Oscillation
01-APR-1968 00:00,1968,4,-1.16,NA,NPGO,NA,NA,North Pacific Gyre Oscillation
01-MAY-1968 00:00,1968,5,-1.26,NA,NPGO,NA,NA,North Pacific Gyre Oscillation
01-JUN-1968 00:00,1968,6,-1.04,NA,NPGO,NA,NA,North Pacific Gyre Oscillation
01-JUL-1968 00:00,1968,7,-1.02,NA,NPGO,NA,NA,North Pacific Gyre Oscillation
01-AUG-1968 00:00,1968,8,-0.96,NA,NPGO,NA,NA,North Pacific Gyre Oscillation
01-SEP-1968 00:00,1968,9,-0.91,NA,NPGO,NA,NA,North Pacific Gyre Oscillation
01-OCT-1968 00:00,1968,10,-0.74,NA,NPGO,NA,NA,North Pacific Gyre Oscillation
01-NOV-1968 00:00,1968,11,-0.23,NA,NPGO,NA,NA,North Pacific Gyre Oscillation
01-DEC-1968 00:00,1968,12,-0.87,NA,NPGO,NA,NA,North Pacific Gyre Oscillation
01-JAN-1969 00:00,1969,1,-2.56,NA,NPGO,NA,NA,North Pacific Gyre Oscillation
01-FEB-1969 00:00,1969,2,-0.74,NA,NPGO,NA,NA,North Pacific Gyre Oscillation
01-MAR-1969 00:00,1969,3,-0.73,NA,NPGO,NA,NA,North Pacific Gyre Oscillation
01-APR-1969 00:00,1969,4,-0.18,NA,NPGO,NA,NA,North Pacific Gyre Oscillation
01-MAY-1969 00:00,1969,5,-0.09,NA,NPGO,NA,NA,North Pacific Gyre Oscillation
01-JUN-1969 00:00,1969,6,-0.78,NA,NPGO,NA,NA,North Pacific Gyre Oscillation
01-JUL-1969 00:00,1969,7,-0.73,NA,NPGO,NA,NA,North Pacific Gyre Oscillation
01-AUG-1969 00:00,1969,8,-0.23,NA,NPGO,NA,NA,North Pacific Gyre Oscillation
01-SEP-1969 00:00,1969,9,0.02,NA,NPGO,NA,NA,North Pacific Gyre Oscillation
01-OCT-1969 00:00,1969,10,0.29,NA,NPGO,NA,NA,North Pacific Gyre Oscillation
01-NOV-1969 00:00,1969,11,-0.04,NA,NPGO,NA,NA,North Pacific Gyre Oscillation
01-DEC-1969 00:00,1969,12,1.13,NA,NPGO,NA,NA,North Pacific Gyre Oscillation
01-JAN-1970 00:00,1970,1,-0.19,NA,NPGO,NA,NA,North Pacific Gyre Oscillation
01-FEB-1970 00:00,1970,2,-0.32,NA,NPGO,NA,NA,North Pacific Gyre Oscillation
01-MAR-1970 00:00,1970,3,-0.41,NA,NPGO,NA,NA,North Pacific Gyre Oscillation
01-APR-1970 00:00,1970,4,-0.22,NA,NPGO,NA,NA,North Pacific Gyre Oscillation
01-MAY-1970 00:00,1970,5,0.48,NA,NPGO,NA,NA,North Pacific Gyre Oscillation
01-JUN-1970 00:00,1970,6,0.37,NA,NPGO,NA,NA,North Pacific Gyre Oscillation
01-JUL-1970 00:00,1970,7,0.27,NA,NPGO,NA,NA,North Pacific Gyre Oscillation
01-AUG-1970 00:00,1970,8,0.41,NA,NPGO,NA,NA,North Pacific Gyre Oscillation
01-SEP-1970 00:00,1970,9,0.4,NA,NPGO,NA,NA,North Pacific Gyre Oscillation
01-OCT-1970 00:00,1970,10,0.23,NA,NPGO,NA,NA,North Pacific Gyre Oscillation
01-NOV-1970 00:00,1970,11,-0.21,NA,NPGO,NA,NA,North Pacific Gyre Oscillation
01-DEC-1970 00:00,1970,12,-0.07,NA,NPGO,NA,NA,North Pacific Gyre Oscillation
01-JAN-1971 00:00,1971,1,-0.2,NA,NPGO,NA,NA,North Pacific Gyre Oscillation
01-FEB-1971 00:00,1971,2,0.06,NA,NPGO,NA,NA,North Pacific Gyre Oscillation
01-MAR-1971 00:00,1971,3,0.45,NA,NPGO,NA,NA,North Pacific Gyre Oscillation
01-APR-1971 00:00,1971,4,0.85,NA,NPGO,NA,NA,North Pacific Gyre Oscillation
01-MAY-1971 00:00,1971,5,0.49,NA,NPGO,NA,NA,North Pacific Gyre Oscillation
01-JUN-1971 00:00,1971,6,0.41,NA,NPGO,NA,NA,North Pacific Gyre Oscillation
01-JUL-1971 00:00,1971,7,0.79,NA,NPGO,NA,NA,North Pacific Gyre Oscillation
01-AUG-1971 00:00,1971,8,0.71,NA,NPGO,NA,NA,North Pacific Gyre Oscillation
01-SEP-1971 00:00,1971,9,0.53,NA,NPGO,NA,NA,North Pacific Gyre Oscillation
01-OCT-1971 00:00,1971,10,0.33,NA,NPGO,NA,NA,North Pacific Gyre Oscillation
01-NOV-1971 00:00,1971,11,0.18,NA,NPGO,NA,NA,North Pacific Gyre Oscillation
01-DEC-1971 00:00,1971,12,-0.03,NA,NPGO,NA,NA,North Pacific Gyre Oscillation
01-JAN-1972 00:00,1972,1,-0.53,NA,NPGO,NA,NA,North Pacific Gyre Oscillation
01-FEB-1972 00:00,1972,2,-0.41,NA,NPGO,NA,NA,North Pacific Gyre Oscillation
01-MAR-1972 00:00,1972,3,-0.69,NA,NPGO,NA,NA,North Pacific Gyre Oscillation
01-APR-1972 00:00,1972,4,-0.68,NA,NPGO,NA,NA,North Pacific Gyre Oscillation
01-MAY-1972 00:00,1972,5,-0.75,NA,NPGO,NA,NA,North Pacific Gyre Oscillation
01-JUN-1972 00:00,1972,6,-0.76,NA,NPGO,NA,NA,North Pacific Gyre Oscillation
01-JUL-1972 00:00,1972,7,-0.32,NA,NPGO,NA,NA,North Pacific Gyre Oscillation
01-AUG-1972 00:00,1972,8,-0.43,NA,NPGO,NA,NA,North Pacific Gyre Oscillation
01-SEP-1972 00:00,1972,9,-0.93,NA,NPGO,NA,NA,North Pacific Gyre Oscillation
01-OCT-1972 00:00,1972,10,-1.1,NA,NPGO,NA,NA,North Pacific Gyre Oscillation
01-NOV-1972 00:00,1972,11,-0.56,NA,NPGO,NA,NA,North Pacific Gyre Oscillation
01-DEC-1972 00:00,1972,12,-0.76,NA,NPGO,NA,NA,North Pacific Gyre Oscillation
01-JAN-1973 00:00,1973,1,-0.05,NA,NPGO,NA,NA,North Pacific Gyre Oscillation
01-FEB-1973 00:00,1973,2,-0.5,NA,NPGO,NA,NA,North Pacific Gyre Oscillation
01-MAR-1973 00:00,1973,3,-0.07,NA,NPGO,NA,NA,North Pacific Gyre Oscillation
01-APR-1973 00:00,1973,4,-0.05,NA,NPGO,NA,NA,North Pacific Gyre Oscillation
01-MAY-1973 00:00,1973,5,0.25,NA,NPGO,NA,NA,North Pacific Gyre Oscillation
01-JUN-1973 00:00,1973,6,0.51,NA,NPGO,NA,NA,North Pacific Gyre Oscillation
01-JUL-1973 00:00,1973,7,0.32,NA,NPGO,NA,NA,North Pacific Gyre Oscillation
01-AUG-1973 00:00,1973,8,0.17,NA,NPGO,NA,NA,North Pacific Gyre Oscillation
01-SEP-1973 00:00,1973,9,0.36,NA,NPGO,NA,NA,North Pacific Gyre Oscillation
01-OCT-1973 00:00,1973,10,0.35,NA,NPGO,NA,NA,North Pacific Gyre Oscillation
01-NOV-1973 00:00,1973,11,-0.11,NA,NPGO,NA,NA,North Pacific Gyre Oscillation
01-DEC-1973 00:00,1973,12,0.34,NA,NPGO,NA,NA,North Pacific Gyre Oscillation
01-JAN-1974 00:00,1974,1,-1,NA,NPGO,NA,NA,North Pacific Gyre Oscillation
01-FEB-1974 00:00,1974,2,-0.39,NA,NPGO,NA,NA,North Pacific Gyre Oscillation
01-MAR-1974 00:00,1974,3,-0.03,NA,NPGO,NA,NA,North Pacific Gyre Oscillation
01-APR-1974 00:00,1974,4,0.01,NA,NPGO,NA,NA,North Pacific Gyre Oscillation
01-MAY-1974 00:00,1974,5,-0.17,NA,NPGO,NA,NA,North Pacific Gyre Oscillation
01-JUN-1974 00:00,1974,6,0.22,NA,NPGO,NA,NA,North Pacific Gyre Oscillation
01-JUL-1974 00:00,1974,7,0.38,NA,NPGO,NA,NA,North Pacific Gyre Oscillation
01-AUG-1974 00:00,1974,8,0.26,NA,NPGO,NA,NA,North Pacific Gyre Oscillation
01-SEP-1974 00:00,1974,9,-0.17,NA,NPGO,NA,NA,North Pacific Gyre Oscillation
01-OCT-1974 00:00,1974,10,0.01,NA,NPGO,NA,NA,North Pacific Gyre Oscillation
01-NOV-1974 00:00,1974,11,0.04,NA,NPGO,NA,NA,North Pacific Gyre Oscillation
01-DEC-1974 00:00,1974,12,0.72,NA,NPGO,NA,NA,North Pacific Gyre Oscillation
01-JAN-1975 00:00,1975,1,0.64,NA,NPGO,NA,NA,North Pacific Gyre Oscillation
01-FEB-1975 00:00,1975,2,0.98,NA,NPGO,NA,NA,North Pacific Gyre Oscillation
01-MAR-1975 00:00,1975,3,0.72,NA,NPGO,NA,NA,North Pacific Gyre Oscillation
01-APR-1975 00:00,1975,4,0.65,NA,NPGO,NA,NA,North Pacific Gyre Oscillation
01-MAY-1975 00:00,1975,5,0.72,NA,NPGO,NA,NA,North Pacific Gyre Oscillation
01-JUN-1975 00:00,1975,6,0.46,NA,NPGO,NA,NA,North Pacific Gyre Oscillation
01-JUL-1975 00:00,1975,7,0.51,NA,NPGO,NA,NA,North Pacific Gyre Oscillation
01-AUG-1975 00:00,1975,8,1.03,NA,NPGO,NA,NA,North Pacific Gyre Oscillation
01-SEP-1975 00:00,1975,9,0.57,NA,NPGO,NA,NA,North Pacific Gyre Oscillation
01-OCT-1975 00:00,1975,10,0.96,NA,NPGO,NA,NA,North Pacific Gyre Oscillation
01-NOV-1975 00:00,1975,11,1.27,NA,NPGO,NA,NA,North Pacific Gyre Oscillation
01-DEC-1975 00:00,1975,12,1.08,NA,NPGO,NA,NA,North Pacific Gyre Oscillation
01-JAN-1976 00:00,1976,1,1.08,NA,NPGO,NA,NA,North Pacific Gyre Oscillation
01-FEB-1976 00:00,1976,2,1.18,NA,NPGO,NA,NA,North Pacific Gyre Oscillation
01-MAR-1976 00:00,1976,3,1.68,NA,NPGO,NA,NA,North Pacific Gyre Oscillation
01-APR-1976 00:00,1976,4,2.44,NA,NPGO,NA,NA,North Pacific Gyre Oscillation
01-MAY-1976 00:00,1976,5,2.18,NA,NPGO,NA,NA,North Pacific Gyre Oscillation
01-JUN-1976 00:00,1976,6,2.07,NA,NPGO,NA,NA,North Pacific Gyre Oscillation
01-JUL-1976 00:00,1976,7,2.27,NA,NPGO,NA,NA,North Pacific Gyre Oscillation
01-AUG-1976 00:00,1976,8,2.44,NA,NPGO,NA,NA,North Pacific Gyre Oscillation
01-SEP-1976 00:00,1976,9,2.43,NA,NPGO,NA,NA,North Pacific Gyre Oscillation
01-OCT-1976 00:00,1976,10,1.69,NA,NPGO,NA,NA,North Pacific Gyre Oscillation
01-NOV-1976 00:00,1976,11,1.57,NA,NPGO,NA,NA,North Pacific Gyre Oscillation
01-DEC-1976 00:00,1976,12,1.33,NA,NPGO,NA,NA,North Pacific Gyre Oscillation
01-JAN-1977 00:00,1977,1,1.32,NA,NPGO,NA,NA,North Pacific Gyre Oscillation
01-FEB-1977 00:00,1977,2,1.93,NA,NPGO,NA,NA,North Pacific Gyre Oscillation
01-MAR-1977 00:00,1977,3,1.7,NA,NPGO,NA,NA,North Pacific Gyre Oscillation
01-APR-1977 00:00,1977,4,1.4,NA,NPGO,NA,NA,North Pacific Gyre Oscillation
01-MAY-1977 00:00,1977,5,1.07,NA,NPGO,NA,NA,North Pacific Gyre Oscillation
01-JUN-1977 00:00,1977,6,0.92,NA,NPGO,NA,NA,North Pacific Gyre Oscillation
01-JUL-1977 00:00,1977,7,1.04,NA,NPGO,NA,NA,North Pacific Gyre Oscillation
01-AUG-1977 00:00,1977,8,1.28,NA,NPGO,NA,NA,North Pacific Gyre Oscillation
01-SEP-1977 00:00,1977,9,0.77,NA,NPGO,NA,NA,North Pacific Gyre Oscillation
01-OCT-1977 00:00,1977,10,1.25,NA,NPGO,NA,NA,North Pacific Gyre Oscillation
01-NOV-1977 00:00,1977,11,1.45,NA,NPGO,NA,NA,North Pacific Gyre Oscillation
01-DEC-1977 00:00,1977,12,0.85,NA,NPGO,NA,NA,North Pacific Gyre Oscillation
01-JAN-1978 00:00,1978,1,1.21,NA,NPGO,NA,NA,North Pacific Gyre Oscillation
01-FEB-1978 00:00,1978,2,1.24,NA,NPGO,NA,NA,North Pacific Gyre Oscillation
01-MAR-1978 00:00,1978,3,0.62,NA,NPGO,NA,NA,North Pacific Gyre Oscillation
01-APR-1978 00:00,1978,4,0.45,NA,NPGO,NA,NA,North Pacific Gyre Oscillation
01-MAY-1978 00:00,1978,5,0.59,NA,NPGO,NA,NA,North Pacific Gyre Oscillation
01-JUN-1978 00:00,1978,6,0.38,NA,NPGO,NA,NA,North Pacific Gyre Oscillation
01-JUL-1978 00:00,1978,7,0.43,NA,NPGO,NA,NA,North Pacific Gyre Oscillation
01-AUG-1978 00:00,1978,8,0.86,NA,NPGO,NA,NA,North Pacific Gyre Oscillation
01-SEP-1978 00:00,1978,9,1.29,NA,NPGO,NA,NA,North Pacific Gyre Oscillation
01-OCT-1978 00:00,1978,10,0.35,NA,NPGO,NA,NA,North Pacific Gyre Oscillation
01-NOV-1978 00:00,1978,11,-0.26,NA,NPGO,NA,NA,North Pacific Gyre Oscillation
01-DEC-1978 00:00,1978,12,-1.12,NA,NPGO,NA,NA,North Pacific Gyre Oscillation
01-JAN-1979 00:00,1979,1,-0.51,NA,NPGO,NA,NA,North Pacific Gyre Oscillation
01-FEB-1979 00:00,1979,2,-0.23,NA,NPGO,NA,NA,North Pacific Gyre Oscillation
01-MAR-1979 00:00,1979,3,-0.63,NA,NPGO,NA,NA,North Pacific Gyre Oscillation
01-APR-1979 00:00,1979,4,-1.03,NA,NPGO,NA,NA,North Pacific Gyre Oscillation
01-MAY-1979 00:00,1979,5,-0.78,NA,NPGO,NA,NA,North Pacific Gyre Oscillation
01-JUN-1979 00:00,1979,6,-0.82,NA,NPGO,NA,NA,North Pacific Gyre Oscillation
01-JUL-1979 00:00,1979,7,-1.15,NA,NPGO,NA,NA,North Pacific Gyre Oscillation
01-AUG-1979 00:00,1979,8,-1.25,NA,NPGO,NA,NA,North Pacific Gyre Oscillation
01-SEP-1979 00:00,1979,9,-0.78,NA,NPGO,NA,NA,North Pacific Gyre Oscillation
01-OCT-1979 00:00,1979,10,-0.61,NA,NPGO,NA,NA,North Pacific Gyre Oscillation
01-NOV-1979 00:00,1979,11,-0.49,NA,NPGO,NA,NA,North Pacific Gyre Oscillation
01-DEC-1979 00:00,1979,12,-0.54,NA,NPGO,NA,NA,North Pacific Gyre Oscillation
01-JAN-1980 00:00,1980,1,-1.9,NA,NPGO,NA,NA,North Pacific Gyre Oscillation
01-FEB-1980 00:00,1980,2,-1.72,NA,NPGO,NA,NA,North Pacific Gyre Oscillation
01-MAR-1980 00:00,1980,3,-1.15,NA,NPGO,NA,NA,North Pacific Gyre Oscillation
01-APR-1980 00:00,1980,4,-0.07,NA,NPGO,NA,NA,North Pacific Gyre Oscillation
01-MAY-1980 00:00,1980,5,-0.21,NA,NPGO,NA,NA,North Pacific Gyre Oscillation
01-JUN-1980 00:00,1980,6,-0.68,NA,NPGO,NA,NA,North Pacific Gyre Oscillation
01-JUL-1980 00:00,1980,7,-0.99,NA,NPGO,NA,NA,North Pacific Gyre Oscillation
01-AUG-1980 00:00,1980,8,-1.08,NA,NPGO,NA,NA,North Pacific Gyre Oscillation
01-SEP-1980 00:00,1980,9,-0.7,NA,NPGO,NA,NA,North Pacific Gyre Oscillation
01-OCT-1980 00:00,1980,10,-0.07,NA,NPGO,NA,NA,North Pacific Gyre Oscillation
01-NOV-1980 00:00,1980,11,-0.13,NA,NPGO,NA,NA,North Pacific Gyre Oscillation
01-DEC-1980 00:00,1980,12,-0.28,NA,NPGO,NA,NA,North Pacific Gyre Oscillation
01-JAN-1981 00:00,1981,1,-0.26,NA,NPGO,NA,NA,North Pacific Gyre Oscillation
01-FEB-1981 00:00,1981,2,-1.06,NA,NPGO,NA,NA,North Pacific Gyre Oscillation
01-MAR-1981 00:00,1981,3,-0.69,NA,NPGO,NA,NA,North Pacific Gyre Oscillation
01-APR-1981 00:00,1981,4,-0.63,NA,NPGO,NA,NA,North Pacific Gyre Oscillation
01-MAY-1981 00:00,1981,5,0.2,NA,NPGO,NA,NA,North Pacific Gyre Oscillation
01-JUN-1981 00:00,1981,6,0.01,NA,NPGO,NA,NA,North Pacific Gyre Oscillation
01-JUL-1981 00:00,1981,7,-0.53,NA,NPGO,NA,NA,North Pacific Gyre Oscillation
01-AUG-1981 00:00,1981,8,-0.7,NA,NPGO,NA,NA,North Pacific Gyre Oscillation
01-SEP-1981 00:00,1981,9,0,NA,NPGO,NA,NA,North Pacific Gyre Oscillation
01-OCT-1981 00:00,1981,10,-0.29,NA,NPGO,NA,NA,North Pacific Gyre Oscillation
01-NOV-1981 00:00,1981,11,0.76,NA,NPGO,NA,NA,North Pacific Gyre Oscillation
01-DEC-1981 00:00,1981,12,0.52,NA,NPGO,NA,NA,North Pacific Gyre Oscillation
01-JAN-1982 00:00,1982,1,-0.2,NA,NPGO,NA,NA,North Pacific Gyre Oscillation
01-FEB-1982 00:00,1982,2,-0.87,NA,NPGO,NA,NA,North Pacific Gyre Oscillation
01-MAR-1982 00:00,1982,3,-0.62,NA,NPGO,NA,NA,North Pacific Gyre Oscillation
01-APR-1982 00:00,1982,4,-1.07,NA,NPGO,NA,NA,North Pacific Gyre Oscillation
01-MAY-1982 00:00,1982,5,-0.99,NA,NPGO,NA,NA,North Pacific Gyre Oscillation
01-JUN-1982 00:00,1982,6,-0.85,NA,NPGO,NA,NA,North Pacific Gyre Oscillation
01-JUL-1982 00:00,1982,7,-0.61,NA,NPGO,NA,NA,North Pacific Gyre Oscillation
01-AUG-1982 00:00,1982,8,-0.46,NA,NPGO,NA,NA,North Pacific Gyre Oscillation
01-SEP-1982 00:00,1982,9,-0.46,NA,NPGO,NA,NA,North Pacific Gyre Oscillation
01-OCT-1982 00:00,1982,10,-1.01,NA,NPGO,NA,NA,North Pacific Gyre Oscillation
01-NOV-1982 00:00,1982,11,-0.87,NA,NPGO,NA,NA,North Pacific Gyre Oscillation
01-DEC-1982 00:00,1982,12,-0.23,NA,NPGO,NA,NA,North Pacific Gyre Oscillation
01-JAN-1983 00:00,1983,1,0.6,NA,NPGO,NA,NA,North Pacific Gyre Oscillation
01-FEB-1983 00:00,1983,2,0.47,NA,NPGO,NA,NA,North Pacific Gyre Oscillation
01-MAR-1983 00:00,1983,3,0.43,NA,NPGO,NA,NA,North Pacific Gyre Oscillation
01-APR-1983 00:00,1983,4,-0.72,NA,NPGO,NA,NA,North Pacific Gyre Oscillation
01-MAY-1983 00:00,1983,5,-0.74,NA,NPGO,NA,NA,North Pacific Gyre Oscillation
01-JUN-1983 00:00,1983,6,-0.08,NA,NPGO,NA,NA,North Pacific Gyre Oscillation
01-JUL-1983 00:00,1983,7,-0.05,NA,NPGO,NA,NA,North Pacific Gyre Oscillation
01-AUG-1983 00:00,1983,8,-0.01,NA,NPGO,NA,NA,North Pacific Gyre Oscillation
01-SEP-1983 00:00,1983,9,-0.41,NA,NPGO,NA,NA,North Pacific Gyre Oscillation
01-OCT-1983 00:00,1983,10,-0.49,NA,NPGO,NA,NA,North Pacific Gyre Oscillation
01-NOV-1983 00:00,1983,11,0.56,NA,NPGO,NA,NA,North Pacific Gyre Oscillation
01-DEC-1983 00:00,1983,12,-0.68,NA,NPGO,NA,NA,North Pacific Gyre Oscillation
01-JAN-1984 00:00,1984,1,-0.22,NA,NPGO,NA,NA,North Pacific Gyre Oscillation
01-FEB-1984 00:00,1984,2,0.4,NA,NPGO,NA,NA,North Pacific Gyre Oscillation
01-MAR-1984 00:00,1984,3,0.72,NA,NPGO,NA,NA,North Pacific Gyre Oscillation
01-APR-1984 00:00,1984,4,1.16,NA,NPGO,NA,NA,North Pacific Gyre Oscillation
01-MAY-1984 00:00,1984,5,0.98,NA,NPGO,NA,NA,North Pacific Gyre Oscillation
01-JUN-1984 00:00,1984,6,0.74,NA,NPGO,NA,NA,North Pacific Gyre Oscillation
01-JUL-1984 00:00,1984,7,0.42,NA,NPGO,NA,NA,North Pacific Gyre Oscillation
01-AUG-1984 00:00,1984,8,0.37,NA,NPGO,NA,NA,North Pacific Gyre Oscillation
01-SEP-1984 00:00,1984,9,0.82,NA,NPGO,NA,NA,North Pacific Gyre Oscillation
01-OCT-1984 00:00,1984,10,0.94,NA,NPGO,NA,NA,North Pacific Gyre Oscillation
01-NOV-1984 00:00,1984,11,0.86,NA,NPGO,NA,NA,North Pacific Gyre Oscillation
01-DEC-1984 00:00,1984,12,0.25,NA,NPGO,NA,NA,North Pacific Gyre Oscillation
01-JAN-1985 00:00,1985,1,0.32,NA,NPGO,NA,NA,North Pacific Gyre Oscillation
01-FEB-1985 00:00,1985,2,-0.06,NA,NPGO,NA,NA,North Pacific Gyre Oscillation
01-MAR-1985 00:00,1985,3,0.23,NA,NPGO,NA,NA,North Pacific Gyre Oscillation
01-APR-1985 00:00,1985,4,0.32,NA,NPGO,NA,NA,North Pacific Gyre Oscillation
01-MAY-1985 00:00,1985,5,0.16,NA,NPGO,NA,NA,North Pacific Gyre Oscillation
01-JUN-1985 00:00,1985,6,-0.04,NA,NPGO,NA,NA,North Pacific Gyre Oscillation
01-JUL-1985 00:00,1985,7,0.18,NA,NPGO,NA,NA,North Pacific Gyre Oscillation
01-AUG-1985 00:00,1985,8,-0.23,NA,NPGO,NA,NA,North Pacific Gyre Oscillation
01-SEP-1985 00:00,1985,9,-0.94,NA,NPGO,NA,NA,North Pacific Gyre Oscillation
01-OCT-1985 00:00,1985,10,-1.18,NA,NPGO,NA,NA,North Pacific Gyre Oscillation
01-NOV-1985 00:00,1985,11,-1.79,NA,NPGO,NA,NA,North Pacific Gyre Oscillation
01-DEC-1985 00:00,1985,12,-1.68,NA,NPGO,NA,NA,North Pacific Gyre Oscillation
01-JAN-1986 00:00,1986,1,-0.77,NA,NPGO,NA,NA,North Pacific Gyre Oscillation
01-FEB-1986 00:00,1986,2,-1.45,NA,NPGO,NA,NA,North Pacific Gyre Oscillation
01-MAR-1986 00:00,1986,3,-0.47,NA,NPGO,NA,NA,North Pacific Gyre Oscillation
01-APR-1986 00:00,1986,4,-0.97,NA,NPGO,NA,NA,North Pacific Gyre Oscillation
01-MAY-1986 00:00,1986,5,-0.5,NA,NPGO,NA,NA,North Pacific Gyre Oscillation
01-JUN-1986 00:00,1986,6,-0.67,NA,NPGO,NA,NA,North Pacific Gyre Oscillation
01-JUL-1986 00:00,1986,7,-0.94,NA,NPGO,NA,NA,North Pacific Gyre Oscillation
01-AUG-1986 00:00,1986,8,-1.02,NA,NPGO,NA,NA,North Pacific Gyre Oscillation
01-SEP-1986 00:00,1986,9,-0.77,NA,NPGO,NA,NA,North Pacific Gyre Oscillation
01-OCT-1986 00:00,1986,10,-0.29,NA,NPGO,NA,NA,North Pacific Gyre Oscillation
01-NOV-1986 00:00,1986,11,-0.5,NA,NPGO,NA,NA,North Pacific Gyre Oscillation
01-DEC-1986 00:00,1986,12,-0.46,NA,NPGO,NA,NA,North Pacific Gyre Oscillation
01-JAN-1987 00:00,1987,1,0.69,NA,NPGO,NA,NA,North Pacific Gyre Oscillation
01-FEB-1987 00:00,1987,2,0.77,NA,NPGO,NA,NA,North Pacific Gyre Oscillation
01-MAR-1987 00:00,1987,3,0.29,NA,NPGO,NA,NA,North Pacific Gyre Oscillation
01-APR-1987 00:00,1987,4,0.47,NA,NPGO,NA,NA,North Pacific Gyre Oscillation
01-MAY-1987 00:00,1987,5,0.27,NA,NPGO,NA,NA,North Pacific Gyre Oscillation
01-JUN-1987 00:00,1987,6,0.39,NA,NPGO,NA,NA,North Pacific Gyre Oscillation
01-JUL-1987 00:00,1987,7,0.43,NA,NPGO,NA,NA,North Pacific Gyre Oscillation
01-AUG-1987 00:00,1987,8,0.34,NA,NPGO,NA,NA,North Pacific Gyre Oscillation
01-SEP-1987 00:00,1987,9,0.17,NA,NPGO,NA,NA,North Pacific Gyre Oscillation
01-OCT-1987 00:00,1987,10,0.12,NA,NPGO,NA,NA,North Pacific Gyre Oscillation
01-NOV-1987 00:00,1987,11,0.52,NA,NPGO,NA,NA,North Pacific Gyre Oscillation
01-DEC-1987 00:00,1987,12,0.69,NA,NPGO,NA,NA,North Pacific Gyre Oscillation
01-JAN-1988 00:00,1988,1,1.11,NA,NPGO,NA,NA,North Pacific Gyre Oscillation
01-FEB-1988 00:00,1988,2,0.8,NA,NPGO,NA,NA,North Pacific Gyre Oscillation
01-MAR-1988 00:00,1988,3,0.97,NA,NPGO,NA,NA,North Pacific Gyre Oscillation
01-APR-1988 00:00,1988,4,1.57,NA,NPGO,NA,NA,North Pacific Gyre Oscillation
01-MAY-1988 00:00,1988,5,1.78,NA,NPGO,NA,NA,North Pacific Gyre Oscillation
01-JUN-1988 00:00,1988,6,1.74,NA,NPGO,NA,NA,North Pacific Gyre Oscillation
01-JUL-1988 00:00,1988,7,1.72,NA,NPGO,NA,NA,North Pacific Gyre Oscillation
01-AUG-1988 00:00,1988,8,1.39,NA,NPGO,NA,NA,North Pacific Gyre Oscillation
01-SEP-1988 00:00,1988,9,1.32,NA,NPGO,NA,NA,North Pacific Gyre Oscillation
01-OCT-1988 00:00,1988,10,1.49,NA,NPGO,NA,NA,North Pacific Gyre Oscillation
01-NOV-1988 00:00,1988,11,1.24,NA,NPGO,NA,NA,North Pacific Gyre Oscillation
01-DEC-1988 00:00,1988,12,0.76,NA,NPGO,NA,NA,North Pacific Gyre Oscillation
01-JAN-1989 00:00,1989,1,1.31,NA,NPGO,NA,NA,North Pacific Gyre Oscillation
01-FEB-1989 00:00,1989,2,0.66,NA,NPGO,NA,NA,North Pacific Gyre Oscillation
01-MAR-1989 00:00,1989,3,0.93,NA,NPGO,NA,NA,North Pacific Gyre Oscillation
01-APR-1989 00:00,1989,4,0.78,NA,NPGO,NA,NA,North Pacific Gyre Oscillation
01-MAY-1989 00:00,1989,5,0.58,NA,NPGO,NA,NA,North Pacific Gyre Oscillation
01-JUN-1989 00:00,1989,6,0.52,NA,NPGO,NA,NA,North Pacific Gyre Oscillation
01-JUL-1989 00:00,1989,7,1.26,NA,NPGO,NA,NA,North Pacific Gyre Oscillation
01-AUG-1989 00:00,1989,8,0.67,NA,NPGO,NA,NA,North Pacific Gyre Oscillation
01-SEP-1989 00:00,1989,9,0.65,NA,NPGO,NA,NA,North Pacific Gyre Oscillation
01-OCT-1989 00:00,1989,10,0.44,NA,NPGO,NA,NA,North Pacific Gyre Oscillation
01-NOV-1989 00:00,1989,11,-0.3,NA,NPGO,NA,NA,North Pacific Gyre Oscillation
01-DEC-1989 00:00,1989,12,-0.17,NA,NPGO,NA,NA,North Pacific Gyre Oscillation
01-JAN-1990 00:00,1990,1,0.27,NA,NPGO,NA,NA,North Pacific Gyre Oscillation
01-FEB-1990 00:00,1990,2,-0.28,NA,NPGO,NA,NA,North Pacific Gyre Oscillation
01-MAR-1990 00:00,1990,3,0.65,NA,NPGO,NA,NA,North Pacific Gyre Oscillation
01-APR-1990 00:00,1990,4,0.24,NA,NPGO,NA,NA,North Pacific Gyre Oscillation
01-MAY-1990 00:00,1990,5,-0.1,NA,NPGO,NA,NA,North Pacific Gyre Oscillation
01-JUN-1990 00:00,1990,6,-0.07,NA,NPGO,NA,NA,North Pacific Gyre Oscillation
01-JUL-1990 00:00,1990,7,-0.26,NA,NPGO,NA,NA,North Pacific Gyre Oscillation
01-AUG-1990 00:00,1990,8,-0.33,NA,NPGO,NA,NA,North Pacific Gyre Oscillation
01-SEP-1990 00:00,1990,9,-0.16,NA,NPGO,NA,NA,North Pacific Gyre Oscillation
01-OCT-1990 00:00,1990,10,-0.12,NA,NPGO,NA,NA,North Pacific Gyre Oscillation
01-NOV-1990 00:00,1990,11,-0.74,NA,NPGO,NA,NA,North Pacific Gyre Oscillation
01-DEC-1990 00:00,1990,12,-1.53,NA,NPGO,NA,NA,North Pacific Gyre Oscillation
01-JAN-1991 00:00,1991,1,-0.74,NA,NPGO,NA,NA,North Pacific Gyre Oscillation
01-FEB-1991 00:00,1991,2,-0.3,NA,NPGO,NA,NA,North Pacific Gyre Oscillation
01-MAR-1991 00:00,1991,3,-0.81,NA,NPGO,NA,NA,North Pacific Gyre Oscillation
01-APR-1991 00:00,1991,4,-0.21,NA,NPGO,NA,NA,North Pacific Gyre Oscillation
01-MAY-1991 00:00,1991,5,-0.06,NA,NPGO,NA,NA,North Pacific Gyre Oscillation
01-JUN-1991 00:00,1991,6,-0.39,NA,NPGO,NA,NA,North Pacific Gyre Oscillation
01-JUL-1991 00:00,1991,7,-0.48,NA,NPGO,NA,NA,North Pacific Gyre Oscillation
01-AUG-1991 00:00,1991,8,-0.57,NA,NPGO,NA,NA,North Pacific Gyre Oscillation
01-SEP-1991 00:00,1991,9,-0.95,NA,NPGO,NA,NA,North Pacific Gyre Oscillation
01-OCT-1991 00:00,1991,10,-1.09,NA,NPGO,NA,NA,North Pacific Gyre Oscillation
01-NOV-1991 00:00,1991,11,-0.17,NA,NPGO,NA,NA,North Pacific Gyre Oscillation
01-DEC-1991 00:00,1991,12,-0.21,NA,NPGO,NA,NA,North Pacific Gyre Oscillation
01-JAN-1992 00:00,1992,1,0.49,NA,NPGO,NA,NA,North Pacific Gyre Oscillation
01-FEB-1992 00:00,1992,2,-0.46,NA,NPGO,NA,NA,North Pacific Gyre Oscillation
01-MAR-1992 00:00,1992,3,-0.82,NA,NPGO,NA,NA,North Pacific Gyre Oscillation
01-APR-1992 00:00,1992,4,-1.43,NA,NPGO,NA,NA,North Pacific Gyre Oscillation
01-MAY-1992 00:00,1992,5,-1.8,NA,NPGO,NA,NA,North Pacific Gyre Oscillation
01-JUN-1992 00:00,1992,6,-1.35,NA,NPGO,NA,NA,North Pacific Gyre Oscillation
01-JUL-1992 00:00,1992,7,-1.46,NA,NPGO,NA,NA,North Pacific Gyre Oscillation
01-AUG-1992 00:00,1992,8,-1.25,NA,NPGO,NA,NA,North Pacific Gyre Oscillation
01-SEP-1992 00:00,1992,9,-0.95,NA,NPGO,NA,NA,North Pacific Gyre Oscillation
01-OCT-1992 00:00,1992,10,-0.97,NA,NPGO,NA,NA,North Pacific Gyre Oscillation
01-NOV-1992 00:00,1992,11,-1.28,NA,NPGO,NA,NA,North Pacific Gyre Oscillation
01-DEC-1992 00:00,1992,12,-1.87,NA,NPGO,NA,NA,North Pacific Gyre Oscillation
01-JAN-1993 00:00,1993,1,-2.82,NA,NPGO,NA,NA,North Pacific Gyre Oscillation
01-FEB-1993 00:00,1993,2,-2.14,NA,NPGO,NA,NA,North Pacific Gyre Oscillation
01-MAR-1993 00:00,1993,3,-1.74,NA,NPGO,NA,NA,North Pacific Gyre Oscillation
01-APR-1993 00:00,1993,4,-0.76,NA,NPGO,NA,NA,North Pacific Gyre Oscillation
01-MAY-1993 00:00,1993,5,-1.09,NA,NPGO,NA,NA,North Pacific Gyre Oscillation
01-JUN-1993 00:00,1993,6,-1.68,NA,NPGO,NA,NA,North Pacific Gyre Oscillation
01-JUL-1993 00:00,1993,7,-1.68,NA,NPGO,NA,NA,North Pacific Gyre Oscillation
01-AUG-1993 00:00,1993,8,-1.51,NA,NPGO,NA,NA,North Pacific Gyre Oscillation
01-SEP-1993 00:00,1993,9,-2.05,NA,NPGO,NA,NA,North Pacific Gyre Oscillation
01-OCT-1993 00:00,1993,10,-2.35,NA,NPGO,NA,NA,North Pacific Gyre Oscillation
01-NOV-1993 00:00,1993,11,-3,NA,NPGO,NA,NA,North Pacific Gyre Oscillation
01-DEC-1993 00:00,1993,12,-2,NA,NPGO,NA,NA,North Pacific Gyre Oscillation
01-JAN-1994 00:00,1994,1,-1.85,NA,NPGO,NA,NA,North Pacific Gyre Oscillation
01-FEB-1994 00:00,1994,2,-1.98,NA,NPGO,NA,NA,North Pacific Gyre Oscillation
01-MAR-1994 00:00,1994,3,-1.86,NA,NPGO,NA,NA,North Pacific Gyre Oscillation
01-APR-1994 00:00,1994,4,-1.45,NA,NPGO,NA,NA,North Pacific Gyre Oscillation
01-MAY-1994 00:00,1994,5,-0.3,NA,NPGO,NA,NA,North Pacific Gyre Oscillation
01-JUN-1994 00:00,1994,6,-0.61,NA,NPGO,NA,NA,North Pacific Gyre Oscillation
01-JUL-1994 00:00,1994,7,-0.71,NA,NPGO,NA,NA,North Pacific Gyre Oscillation
01-AUG-1994 00:00,1994,8,-0.86,NA,NPGO,NA,NA,North Pacific Gyre Oscillation
01-SEP-1994 00:00,1994,9,-1.1,NA,NPGO,NA,NA,North Pacific Gyre Oscillation
01-OCT-1994 00:00,1994,10,-1.11,NA,NPGO,NA,NA,North Pacific Gyre Oscillation
01-NOV-1994 00:00,1994,11,-1.69,NA,NPGO,NA,NA,North Pacific Gyre Oscillation
01-DEC-1994 00:00,1994,12,-1.02,NA,NPGO,NA,NA,North Pacific Gyre Oscillation
01-JAN-1995 00:00,1995,1,-0.5,NA,NPGO,NA,NA,North Pacific Gyre Oscillation
01-FEB-1995 00:00,1995,2,-1.56,NA,NPGO,NA,NA,North Pacific Gyre Oscillation
01-MAR-1995 00:00,1995,3,-2.05,NA,NPGO,NA,NA,North Pacific Gyre Oscillation
01-APR-1995 00:00,1995,4,-1.82,NA,NPGO,NA,NA,North Pacific Gyre Oscillation
01-MAY-1995 00:00,1995,5,-1.5,NA,NPGO,NA,NA,North Pacific Gyre Oscillation
01-JUN-1995 00:00,1995,6,-1.05,NA,NPGO,NA,NA,North Pacific Gyre Oscillation
01-JUL-1995 00:00,1995,7,-1.5,NA,NPGO,NA,NA,North Pacific Gyre Oscillation
01-AUG-1995 00:00,1995,8,-1.01,NA,NPGO,NA,NA,North Pacific Gyre Oscillation
01-SEP-1995 00:00,1995,9,-0.89,NA,NPGO,NA,NA,North Pacific Gyre Oscillation
01-OCT-1995 00:00,1995,10,-0.52,NA,NPGO,NA,NA,North Pacific Gyre Oscillation
01-NOV-1995 00:00,1995,11,-0.28,NA,NPGO,NA,NA,North Pacific Gyre Oscillation
01-DEC-1995 00:00,1995,12,0.22,NA,NPGO,NA,NA,North Pacific Gyre Oscillation
01-JAN-1996 00:00,1996,1,-0.64,NA,NPGO,NA,NA,North Pacific Gyre Oscillation
01-FEB-1996 00:00,1996,2,-1.05,NA,NPGO,NA,NA,North Pacific Gyre Oscillation
01-MAR-1996 00:00,1996,3,-1.15,NA,NPGO,NA,NA,North Pacific Gyre Oscillation
01-APR-1996 00:00,1996,4,-0.44,NA,NPGO,NA,NA,North Pacific Gyre Oscillation
01-MAY-1996 00:00,1996,5,-1.27,NA,NPGO,NA,NA,North Pacific Gyre Oscillation
01-JUN-1996 00:00,1996,6,-1.06,NA,NPGO,NA,NA,North Pacific Gyre Oscillation
01-JUL-1996 00:00,1996,7,-0.88,NA,NPGO,NA,NA,North Pacific Gyre Oscillation
01-AUG-1996 00:00,1996,8,-0.75,NA,NPGO,NA,NA,North Pacific Gyre Oscillation
01-SEP-1996 00:00,1996,9,-0.93,NA,NPGO,NA,NA,North Pacific Gyre Oscillation
01-OCT-1996 00:00,1996,10,-1.04,NA,NPGO,NA,NA,North Pacific Gyre Oscillation
01-NOV-1996 00:00,1996,11,-1.1,NA,NPGO,NA,NA,North Pacific Gyre Oscillation
01-DEC-1996 00:00,1996,12,-1.35,NA,NPGO,NA,NA,North Pacific Gyre Oscillation
01-JAN-1997 00:00,1997,1,-1.64,NA,NPGO,NA,NA,North Pacific Gyre Oscillation
01-FEB-1997 00:00,1997,2,-1.11,NA,NPGO,NA,NA,North Pacific Gyre Oscillation
01-MAR-1997 00:00,1997,3,-0.62,NA,NPGO,NA,NA,North Pacific Gyre Oscillation
01-APR-1997 00:00,1997,4,-0.51,NA,NPGO,NA,NA,North Pacific Gyre Oscillation
01-MAY-1997 00:00,1997,5,-0.88,NA,NPGO,NA,NA,North Pacific Gyre Oscillation
01-JUN-1997 00:00,1997,6,-0.94,NA,NPGO,NA,NA,North Pacific Gyre Oscillation
01-JUL-1997 00:00,1997,7,-0.77,NA,NPGO,NA,NA,North Pacific Gyre Oscillation
01-AUG-1997 00:00,1997,8,-0.79,NA,NPGO,NA,NA,North Pacific Gyre Oscillation
01-SEP-1997 00:00,1997,9,-0.48,NA,NPGO,NA,NA,North Pacific Gyre Oscillation
01-OCT-1997 00:00,1997,10,-0.59,NA,NPGO,NA,NA,North Pacific Gyre Oscillation
01-NOV-1997 00:00,1997,11,0.17,NA,NPGO,NA,NA,North Pacific Gyre Oscillation
01-DEC-1997 00:00,1997,12,0.26,NA,NPGO,NA,NA,North Pacific Gyre Oscillation
01-JAN-1998 00:00,1998,1,0.53,NA,NPGO,NA,NA,North Pacific Gyre Oscillation
01-FEB-1998 00:00,1998,2,1.9,NA,NPGO,NA,NA,North Pacific Gyre Oscillation
01-MAR-1998 00:00,1998,3,0.89,NA,NPGO,NA,NA,North Pacific Gyre Oscillation
01-APR-1998 00:00,1998,4,0.52,NA,NPGO,NA,NA,North Pacific Gyre Oscillation
01-MAY-1998 00:00,1998,5,0.28,NA,NPGO,NA,NA,North Pacific Gyre Oscillation
01-JUN-1998 00:00,1998,6,0.12,NA,NPGO,NA,NA,North Pacific Gyre Oscillation
01-JUL-1998 00:00,1998,7,0.39,NA,NPGO,NA,NA,North Pacific Gyre Oscillation
01-AUG-1998 00:00,1998,8,0.27,NA,NPGO,NA,NA,North Pacific Gyre Oscillation
01-SEP-1998 00:00,1998,9,0.04,NA,NPGO,NA,NA,North Pacific Gyre Oscillation
01-OCT-1998 00:00,1998,10,0.1,NA,NPGO,NA,NA,North Pacific Gyre Oscillation
01-NOV-1998 00:00,1998,11,0.72,NA,NPGO,NA,NA,North Pacific Gyre Oscillation
01-DEC-1998 00:00,1998,12,0.77,NA,NPGO,NA,NA,North Pacific Gyre Oscillation
01-JAN-1999 00:00,1999,1,1.08,NA,NPGO,NA,NA,North Pacific Gyre Oscillation
01-FEB-1999 00:00,1999,2,2.3,NA,NPGO,NA,NA,North Pacific Gyre Oscillation
01-MAR-1999 00:00,1999,3,1.97,NA,NPGO,NA,NA,North Pacific Gyre Oscillation
01-APR-1999 00:00,1999,4,1.65,NA,NPGO,NA,NA,North Pacific Gyre Oscillation
01-MAY-1999 00:00,1999,5,1.6,NA,NPGO,NA,NA,North Pacific Gyre Oscillation
01-JUN-1999 00:00,1999,6,1.91,NA,NPGO,NA,NA,North Pacific Gyre Oscillation
01-JUL-1999 00:00,1999,7,1.38,NA,NPGO,NA,NA,North Pacific Gyre Oscillation
01-AUG-1999 00:00,1999,8,1.43,NA,NPGO,NA,NA,North Pacific Gyre Oscillation
01-SEP-1999 00:00,1999,9,1.3,NA,NPGO,NA,NA,North Pacific Gyre Oscillation
01-OCT-1999 00:00,1999,10,1.18,NA,NPGO,NA,NA,North Pacific Gyre Oscillation
01-NOV-1999 00:00,1999,11,1.32,NA,NPGO,NA,NA,North Pacific Gyre Oscillation
01-DEC-1999 00:00,1999,12,1.05,NA,NPGO,NA,NA,North Pacific Gyre Oscillation
01-JAN-2000 00:00,2000,1,1.4,NA,NPGO,NA,NA,North Pacific Gyre Oscillation
01-FEB-2000 00:00,2000,2,2.12,NA,NPGO,NA,NA,North Pacific Gyre Oscillation
01-MAR-2000 00:00,2000,3,2.15,NA,NPGO,NA,NA,North Pacific Gyre Oscillation
01-APR-2000 00:00,2000,4,2.37,NA,NPGO,NA,NA,North Pacific Gyre Oscillation
01-MAY-2000 00:00,2000,5,2.22,NA,NPGO,NA,NA,North Pacific Gyre Oscillation
01-JUN-2000 00:00,2000,6,2.1,NA,NPGO,NA,NA,North Pacific Gyre Oscillation
01-JUL-2000 00:00,2000,7,1.66,NA,NPGO,NA,NA,North Pacific Gyre Oscillation
01-AUG-2000 00:00,2000,8,1.35,NA,NPGO,NA,NA,North Pacific Gyre Oscillation
01-SEP-2000 00:00,2000,9,1.38,NA,NPGO,NA,NA,North Pacific Gyre Oscillation
01-OCT-2000 00:00,2000,10,1.7,NA,NPGO,NA,NA,North Pacific Gyre Oscillation
01-NOV-2000 00:00,2000,11,2.01,NA,NPGO,NA,NA,North Pacific Gyre Oscillation
01-DEC-2000 00:00,2000,12,2.16,NA,NPGO,NA,NA,North Pacific Gyre Oscillation
01-JAN-2001 00:00,2001,1,2.86,NA,NPGO,NA,NA,North Pacific Gyre Oscillation
01-FEB-2001 00:00,2001,2,2.96,NA,NPGO,NA,NA,North Pacific Gyre Oscillation
01-MAR-2001 00:00,2001,3,2.39,NA,NPGO,NA,NA,North Pacific Gyre Oscillation
01-APR-2001 00:00,2001,4,2.2,NA,NPGO,NA,NA,North Pacific Gyre Oscillation
01-MAY-2001 00:00,2001,5,1.95,NA,NPGO,NA,NA,North Pacific Gyre Oscillation
01-JUN-2001 00:00,2001,6,2.35,NA,NPGO,NA,NA,North Pacific Gyre Oscillation
01-JUL-2001 00:00,2001,7,1.5,NA,NPGO,NA,NA,North Pacific Gyre Oscillation
01-AUG-2001 00:00,2001,8,1.92,NA,NPGO,NA,NA,North Pacific Gyre Oscillation
01-SEP-2001 00:00,2001,9,1.89,NA,NPGO,NA,NA,North Pacific Gyre Oscillation
01-OCT-2001 00:00,2001,10,1.16,NA,NPGO,NA,NA,North Pacific Gyre Oscillation
01-NOV-2001 00:00,2001,11,1.76,NA,NPGO,NA,NA,North Pacific Gyre Oscillation
01-DEC-2001 00:00,2001,12,2.02,NA,NPGO,NA,NA,North Pacific Gyre Oscillation
01-JAN-2002 00:00,2002,1,1.86,NA,NPGO,NA,NA,North Pacific Gyre Oscillation
01-FEB-2002 00:00,2002,2,2.18,NA,NPGO,NA,NA,North Pacific Gyre Oscillation
01-MAR-2002 00:00,2002,3,1.9,NA,NPGO,NA,NA,North Pacific Gyre Oscillation
01-APR-2002 00:00,2002,4,0.9,NA,NPGO,NA,NA,North Pacific Gyre Oscillation
01-MAY-2002 00:00,2002,5,1.1,NA,NPGO,NA,NA,North Pacific Gyre Oscillation
01-JUN-2002 00:00,2002,6,1.61,NA,NPGO,NA,NA,North Pacific Gyre Oscillation
01-JUL-2002 00:00,2002,7,1.38,NA,NPGO,NA,NA,North Pacific Gyre Oscillation
01-AUG-2002 00:00,2002,8,0.81,NA,NPGO,NA,NA,North Pacific Gyre Oscillation
01-SEP-2002 00:00,2002,9,0.82,NA,NPGO,NA,NA,North Pacific Gyre Oscillation
01-OCT-2002 00:00,2002,10,0.82,NA,NPGO,NA,NA,North Pacific Gyre Oscillation
01-NOV-2002 00:00,2002,11,1.66,NA,NPGO,NA,NA,North Pacific Gyre Oscillation
01-DEC-2002 00:00,2002,12,2.64,NA,NPGO,NA,NA,North Pacific Gyre Oscillation
01-JAN-2003 00:00,2003,1,1.97,NA,NPGO,NA,NA,North Pacific Gyre Oscillation
01-FEB-2003 00:00,2003,2,0.99,NA,NPGO,NA,NA,North Pacific Gyre Oscillation
01-MAR-2003 00:00,2003,3,1.49,NA,NPGO,NA,NA,North Pacific Gyre Oscillation
01-APR-2003 00:00,2003,4,1.1,NA,NPGO,NA,NA,North Pacific Gyre Oscillation
01-MAY-2003 00:00,2003,5,0.92,NA,NPGO,NA,NA,North Pacific Gyre Oscillation
01-JUN-2003 00:00,2003,6,0.78,NA,NPGO,NA,NA,North Pacific Gyre Oscillation
01-JUL-2003 00:00,2003,7,1.2,NA,NPGO,NA,NA,North Pacific Gyre Oscillation
01-AUG-2003 00:00,2003,8,0.78,NA,NPGO,NA,NA,North Pacific Gyre Oscillation
01-SEP-2003 00:00,2003,9,0.87,NA,NPGO,NA,NA,North Pacific Gyre Oscillation
01-OCT-2003 00:00,2003,10,1.29,NA,NPGO,NA,NA,North Pacific Gyre Oscillation
01-NOV-2003 00:00,2003,11,-0.11,NA,NPGO,NA,NA,North Pacific Gyre Oscillation
01-DEC-2003 00:00,2003,12,0.22,NA,NPGO,NA,NA,North Pacific Gyre Oscillation
01-JAN-2004 00:00,2004,1,0.27,NA,NPGO,NA,NA,North Pacific Gyre Oscillation
01-FEB-2004 00:00,2004,2,0.67,NA,NPGO,NA,NA,North Pacific Gyre Oscillation
01-MAR-2004 00:00,2004,3,0.38,NA,NPGO,NA,NA,North Pacific Gyre Oscillation
01-APR-2004 00:00,2004,4,0.13,NA,NPGO,NA,NA,North Pacific Gyre Oscillation
01-MAY-2004 00:00,2004,5,0.21,NA,NPGO,NA,NA,North Pacific Gyre Oscillation
01-JUN-2004 00:00,2004,6,0.78,NA,NPGO,NA,NA,North Pacific Gyre Oscillation
01-JUL-2004 00:00,2004,7,0.41,NA,NPGO,NA,NA,North Pacific Gyre Oscillation
01-AUG-2004 00:00,2004,8,0.69,NA,NPGO,NA,NA,North Pacific Gyre Oscillation
01-SEP-2004 00:00,2004,9,0.38,NA,NPGO,NA,NA,North Pacific Gyre Oscillation
01-OCT-2004 00:00,2004,10,0.04,NA,NPGO,NA,NA,North Pacific Gyre Oscillation
01-NOV-2004 00:00,2004,11,-0.44,NA,NPGO,NA,NA,North Pacific Gyre Oscillation
01-DEC-2004 00:00,2004,12,-0.99,NA,NPGO,NA,NA,North Pacific Gyre Oscillation
01-JAN-2005 00:00,2005,1,-1.93,NA,NPGO,NA,NA,North Pacific Gyre Oscillation
01-FEB-2005 00:00,2005,2,-1.6,NA,NPGO,NA,NA,North Pacific Gyre Oscillation
01-MAR-2005 00:00,2005,3,-1.43,NA,NPGO,NA,NA,North Pacific Gyre Oscillation
01-APR-2005 00:00,2005,4,-1.72,NA,NPGO,NA,NA,North Pacific Gyre Oscillation
01-MAY-2005 00:00,2005,5,-0.78,NA,NPGO,NA,NA,North Pacific Gyre Oscillation
01-JUN-2005 00:00,2005,6,-1.4,NA,NPGO,NA,NA,North Pacific Gyre Oscillation
01-JUL-2005 00:00,2005,7,-1.56,NA,NPGO,NA,NA,North Pacific Gyre Oscillation
01-AUG-2005 00:00,2005,8,-1.14,NA,NPGO,NA,NA,North Pacific Gyre Oscillation
01-SEP-2005 00:00,2005,9,-1.83,NA,NPGO,NA,NA,North Pacific Gyre Oscillation
01-OCT-2005 00:00,2005,10,-1.04,NA,NPGO,NA,NA,North Pacific Gyre Oscillation
01-NOV-2005 00:00,2005,11,-1.74,NA,NPGO,NA,NA,North Pacific Gyre Oscillation
01-DEC-2005 00:00,2005,12,-1.46,NA,NPGO,NA,NA,North Pacific Gyre Oscillation
01-JAN-2006 00:00,2006,1,-0.71,NA,NPGO,NA,NA,North Pacific Gyre Oscillation
01-FEB-2006 00:00,2006,2,-0.96,NA,NPGO,NA,NA,North Pacific Gyre Oscillation
01-MAR-2006 00:00,2006,3,-0.74,NA,NPGO,NA,NA,North Pacific Gyre Oscillation
01-APR-2006 00:00,2006,4,-0.64,NA,NPGO,NA,NA,North Pacific Gyre Oscillation
01-MAY-2006 00:00,2006,5,-0.11,NA,NPGO,NA,NA,North Pacific Gyre Oscillation
01-JUN-2006 00:00,2006,6,-0.13,NA,NPGO,NA,NA,North Pacific Gyre Oscillation
01-JUL-2006 00:00,2006,7,-0.26,NA,NPGO,NA,NA,North Pacific Gyre Oscillation
01-AUG-2006 00:00,2006,8,-0.27,NA,NPGO,NA,NA,North Pacific Gyre Oscillation
01-SEP-2006 00:00,2006,9,-0.48,NA,NPGO,NA,NA,North Pacific Gyre Oscillation
01-OCT-2006 00:00,2006,10,-0.91,NA,NPGO,NA,NA,North Pacific Gyre Oscillation
01-NOV-2006 00:00,2006,11,-1.16,NA,NPGO,NA,NA,North Pacific Gyre Oscillation
01-DEC-2006 00:00,2006,12,-0.22,NA,NPGO,NA,NA,North Pacific Gyre Oscillation
01-JAN-2007 00:00,2007,1,-0.29,NA,NPGO,NA,NA,North Pacific Gyre Oscillation
01-FEB-2007 00:00,2007,2,-0.02,NA,NPGO,NA,NA,North Pacific Gyre Oscillation
01-MAR-2007 00:00,2007,3,-0.64,NA,NPGO,NA,NA,North Pacific Gyre Oscillation
01-APR-2007 00:00,2007,4,0.21,NA,NPGO,NA,NA,North Pacific Gyre Oscillation
01-MAY-2007 00:00,2007,5,0.51,NA,NPGO,NA,NA,North Pacific Gyre Oscillation
01-JUN-2007 00:00,2007,6,1.27,NA,NPGO,NA,NA,North Pacific Gyre Oscillation
01-JUL-2007 00:00,2007,7,1.34,NA,NPGO,NA,NA,North Pacific Gyre Oscillation
01-AUG-2007 00:00,2007,8,1.24,NA,NPGO,NA,NA,North Pacific Gyre Oscillation
01-SEP-2007 00:00,2007,9,0.72,NA,NPGO,NA,NA,North Pacific Gyre Oscillation
01-OCT-2007 00:00,2007,10,1.39,NA,NPGO,NA,NA,North Pacific Gyre Oscillation
01-NOV-2007 00:00,2007,11,0.72,NA,NPGO,NA,NA,North Pacific Gyre Oscillation
01-DEC-2007 00:00,2007,12,0.51,NA,NPGO,NA,NA,North Pacific Gyre Oscillation
01-JAN-2008 00:00,2008,1,0.79,NA,NPGO,NA,NA,North Pacific Gyre Oscillation
01-FEB-2008 00:00,2008,2,1.26,NA,NPGO,NA,NA,North Pacific Gyre Oscillation
01-MAR-2008 00:00,2008,3,1.33,NA,NPGO,NA,NA,North Pacific Gyre Oscillation
01-APR-2008 00:00,2008,4,1.36,NA,NPGO,NA,NA,North Pacific Gyre Oscillation
01-MAY-2008 00:00,2008,5,1.73,NA,NPGO,NA,NA,North Pacific Gyre Oscillation
01-JUN-2008 00:00,2008,6,1.55,NA,NPGO,NA,NA,North Pacific Gyre Oscillation
01-JUL-2008 00:00,2008,7,1.63,NA,NPGO,NA,NA,North Pacific Gyre Oscillation
01-AUG-2008 00:00,2008,8,2.13,NA,NPGO,NA,NA,North Pacific Gyre Oscillation
01-SEP-2008 00:00,2008,9,2.2,NA,NPGO,NA,NA,North Pacific Gyre Oscillation
01-OCT-2008 00:00,2008,10,1.72,NA,NPGO,NA,NA,North Pacific Gyre Oscillation
01-NOV-2008 00:00,2008,11,1.77,NA,NPGO,NA,NA,North Pacific Gyre Oscillation
01-DEC-2008 00:00,2008,12,0.44,NA,NPGO,NA,NA,North Pacific Gyre Oscillation
01-JAN-2009 00:00,2009,1,0.72,NA,NPGO,NA,NA,North Pacific Gyre Oscillation
01-FEB-2009 00:00,2009,2,0.83,NA,NPGO,NA,NA,North Pacific Gyre Oscillation
01-MAR-2009 00:00,2009,3,0.06,NA,NPGO,NA,NA,North Pacific Gyre Oscillation
01-APR-2009 00:00,2009,4,0.22,NA,NPGO,NA,NA,North Pacific Gyre Oscillation
01-MAY-2009 00:00,2009,5,0.49,NA,NPGO,NA,NA,North Pacific Gyre Oscillation
01-JUN-2009 00:00,2009,6,0.43,NA,NPGO,NA,NA,North Pacific Gyre Oscillation
01-JUL-2009 00:00,2009,7,0.34,NA,NPGO,NA,NA,North Pacific Gyre Oscillation
01-AUG-2009 00:00,2009,8,0.37,NA,NPGO,NA,NA,North Pacific Gyre Oscillation
01-SEP-2009 00:00,2009,9,1.03,NA,NPGO,NA,NA,North Pacific Gyre Oscillation
01-OCT-2009 00:00,2009,10,1.1,NA,NPGO,NA,NA,North Pacific Gyre Oscillation
01-NOV-2009 00:00,2009,11,0.94,NA,NPGO,NA,NA,North Pacific Gyre Oscillation
01-DEC-2009 00:00,2009,12,1.16,NA,NPGO,NA,NA,North Pacific Gyre Oscillation
01-JAN-2010 00:00,2010,1,2.02,NA,NPGO,NA,NA,North Pacific Gyre Oscillation
01-FEB-2010 00:00,2010,2,1.84,NA,NPGO,NA,NA,North Pacific Gyre Oscillation
01-MAR-2010 00:00,2010,3,1.65,NA,NPGO,NA,NA,North Pacific Gyre Oscillation
01-APR-2010 00:00,2010,4,1.13,NA,NPGO,NA,NA,North Pacific Gyre Oscillation
01-MAY-2010 00:00,2010,5,1.98,NA,NPGO,NA,NA,North Pacific Gyre Oscillation
01-JUN-2010 00:00,2010,6,1.31,NA,NPGO,NA,NA,North Pacific Gyre Oscillation
01-JUL-2010 00:00,2010,7,0.82,NA,NPGO,NA,NA,North Pacific Gyre Oscillation
01-AUG-2010 00:00,2010,8,0.83,NA,NPGO,NA,NA,North Pacific Gyre Oscillation
01-SEP-2010 00:00,2010,9,1.01,NA,NPGO,NA,NA,North Pacific Gyre Oscillation
01-OCT-2010 00:00,2010,10,1.43,NA,NPGO,NA,NA,North Pacific Gyre Oscillation
01-NOV-2010 00:00,2010,11,0.74,NA,NPGO,NA,NA,North Pacific Gyre Oscillation
01-DEC-2010 00:00,2010,12,0.7,NA,NPGO,NA,NA,North Pacific Gyre Oscillation
01-JAN-2011 00:00,2011,1,0.21,NA,NPGO,NA,NA,North Pacific Gyre Oscillation
01-FEB-2011 00:00,2011,2,0.29,NA,NPGO,NA,NA,North Pacific Gyre Oscillation
01-MAR-2011 00:00,2011,3,1.14,NA,NPGO,NA,NA,North Pacific Gyre Oscillation
01-APR-2011 00:00,2011,4,0.72,NA,NPGO,NA,NA,North Pacific Gyre Oscillation
01-MAY-2011 00:00,2011,5,1.67,NA,NPGO,NA,NA,North Pacific Gyre Oscillation
01-JUN-2011 00:00,2011,6,1.17,NA,NPGO,NA,NA,North Pacific Gyre Oscillation
01-JUL-2011 00:00,2011,7,0.58,NA,NPGO,NA,NA,North Pacific Gyre Oscillation
01-AUG-2011 00:00,2011,8,0.93,NA,NPGO,NA,NA,North Pacific Gyre Oscillation
01-SEP-2011 00:00,2011,9,1.37,NA,NPGO,NA,NA,North Pacific Gyre Oscillation
01-OCT-2011 00:00,2011,10,1.03,NA,NPGO,NA,NA,North Pacific Gyre Oscillation
01-NOV-2011 00:00,2011,11,0.32,NA,NPGO,NA,NA,North Pacific Gyre Oscillation
01-DEC-2011 00:00,2011,12,0.03,NA,NPGO,NA,NA,North Pacific Gyre Oscillation
01-JAN-2012 00:00,2012,1,0.67,NA,NPGO,NA,NA,North Pacific Gyre Oscillation
01-FEB-2012 00:00,2012,2,0.72,NA,NPGO,NA,NA,North Pacific Gyre Oscillation
01-MAR-2012 00:00,2012,3,1.03,NA,NPGO,NA,NA,North Pacific Gyre Oscillation
01-APR-2012 00:00,2012,4,2.09,NA,NPGO,NA,NA,North Pacific Gyre Oscillation
01-MAY-2012 00:00,2012,5,1.81,NA,NPGO,NA,NA,North Pacific Gyre Oscillation
01-JUN-2012 00:00,2012,6,1.88,NA,NPGO,NA,NA,North Pacific Gyre Oscillation
01-JUL-2012 00:00,2012,7,1.67,NA,NPGO,NA,NA,North Pacific Gyre Oscillation
01-AUG-2012 00:00,2012,8,1.75,NA,NPGO,NA,NA,North Pacific Gyre Oscillation
01-SEP-2012 00:00,2012,9,1.45,NA,NPGO,NA,NA,North Pacific Gyre Oscillation
01-OCT-2012 00:00,2012,10,1.64,NA,NPGO,NA,NA,North Pacific Gyre Oscillation
01-NOV-2012 00:00,2012,11,1.27,NA,NPGO,NA,NA,North Pacific Gyre Oscillation
01-DEC-2012 00:00,2012,12,1.09,NA,NPGO,NA,NA,North Pacific Gyre Oscillation
01-JAN-2013 00:00,2013,1,1.15,NA,NPGO,NA,NA,North Pacific Gyre Oscillation
01-FEB-2013 00:00,2013,2,1.11,NA,NPGO,NA,NA,North Pacific Gyre Oscillation
01-MAR-2013 00:00,2013,3,0.69,NA,NPGO,NA,NA,North Pacific Gyre Oscillation
01-APR-2013 00:00,2013,4,0.59,NA,NPGO,NA,NA,North Pacific Gyre Oscillation
01-MAY-2013 00:00,2013,5,1.01,NA,NPGO,NA,NA,North Pacific Gyre Oscillation
01-JUN-2013 00:00,2013,6,0.69,NA,NPGO,NA,NA,North Pacific Gyre Oscillation
01-JUL-2013 00:00,2013,7,0.34,NA,NPGO,NA,NA,North Pacific Gyre Oscillation
01-AUG-2013 00:00,2013,8,0.76,NA,NPGO,NA,NA,North Pacific Gyre Oscillation
01-SEP-2013 00:00,2013,9,0.35,NA,NPGO,NA,NA,North Pacific Gyre Oscillation
01-OCT-2013 00:00,2013,10,-0.21,NA,NPGO,NA,NA,North Pacific Gyre Oscillation
01-NOV-2013 00:00,2013,11,-0.77,NA,NPGO,NA,NA,North Pacific Gyre Oscillation
01-DEC-2013 00:00,2013,12,-1.36,NA,NPGO,NA,NA,North Pacific Gyre Oscillation
01-JAN-2014 00:00,2014,1,-0.58,NA,NPGO,NA,NA,North Pacific Gyre Oscillation
01-FEB-2014 00:00,2014,2,-0.23,NA,NPGO,NA,NA,North Pacific Gyre Oscillation
01-MAR-2014 00:00,2014,3,-0.38,NA,NPGO,NA,NA,North Pacific Gyre Oscillation
01-APR-2014 00:00,2014,4,-0.25,NA,NPGO,NA,NA,North Pacific Gyre Oscillation
01-MAY-2014 00:00,2014,5,0.31,NA,NPGO,NA,NA,North Pacific Gyre Oscillation
01-JUN-2014 00:00,2014,6,-0.43,NA,NPGO,NA,NA,North Pacific Gyre Oscillation
01-JUL-2014 00:00,2014,7,-0.11,NA,NPGO,NA,NA,North Pacific Gyre Oscillation
01-AUG-2014 00:00,2014,8,-0.52,NA,NPGO,NA,NA,North Pacific Gyre Oscillation
01-SEP-2014 00:00,2014,9,-0.88,NA,NPGO,NA,NA,North Pacific Gyre Oscillation
01-OCT-2014 00:00,2014,10,0.46,NA,NPGO,NA,NA,North Pacific Gyre Oscillation
01-NOV-2014 00:00,2014,11,0.48,NA,NPGO,NA,NA,North Pacific Gyre Oscillation
01-DEC-2014 00:00,2014,12,-0.22,NA,NPGO,NA,NA,North Pacific Gyre Oscillation
01-JAN-2015 00:00,2015,1,-0.78,NA,NPGO,NA,NA,North Pacific Gyre Oscillation
01-FEB-2015 00:00,2015,2,-1.32,NA,NPGO,NA,NA,North Pacific Gyre Oscillation
01-MAR-2015 00:00,2015,3,-1.28,NA,NPGO,NA,NA,North Pacific Gyre Oscillation
01-APR-2015 00:00,2015,4,-1.2,NA,NPGO,NA,NA,North Pacific Gyre Oscillation
01-MAY-2015 00:00,2015,5,-0.74,NA,NPGO,NA,NA,North Pacific Gyre Oscillation
01-JUN-2015 00:00,2015,6,-1.27,NA,NPGO,NA,NA,North Pacific Gyre Oscillation
01-JUL-2015 00:00,2015,7,-1.27,NA,NPGO,NA,NA,North Pacific Gyre Oscillation
01-AUG-2015 00:00,2015,8,-1.93,NA,NPGO,NA,NA,North Pacific Gyre Oscillation
01-SEP-2015 00:00,2015,9,-2.27,NA,NPGO,NA,NA,North Pacific Gyre Oscillation
01-OCT-2015 00:00,2015,10,-1.24,NA,NPGO,NA,NA,North Pacific Gyre Oscillation
01-NOV-2015 00:00,2015,11,-2.14,NA,NPGO,NA,NA,North Pacific Gyre Oscillation
01-DEC-2015 00:00,2015,12,-1.13,NA,NPGO,NA,NA,North Pacific Gyre Oscillation
01-JAN-2016 00:00,2016,1,0.95,NA,NPGO,NA,NA,North Pacific Gyre Oscillation
01-FEB-2016 00:00,2016,2,0.26,NA,NPGO,NA,NA,North Pacific Gyre Oscillation
01-MAR-2016 00:00,2016,3,0.62,NA,NPGO,NA,NA,North Pacific Gyre Oscillation
01-APR-2016 00:00,2016,4,-0.25,NA,NPGO,NA,NA,North Pacific Gyre Oscillation
01-MAY-2016 00:00,2016,5,-0.72,NA,NPGO,NA,NA,North Pacific Gyre Oscillation
01-JUN-2016 00:00,2016,6,-1.02,NA,NPGO,NA,NA,North Pacific Gyre Oscillation
01-JUL-2016 00:00,2016,7,-0.5,NA,NPGO,NA,NA,North Pacific Gyre Oscillation
01-AUG-2016 00:00,2016,8,-0.86,NA,NPGO,NA,NA,North Pacific Gyre Oscillation
01-SEP-2016 00:00,2016,9,-0.73,NA,NPGO,NA,NA,North Pacific Gyre Oscillation
01-OCT-2016 00:00,2016,10,0.68,NA,NPGO,NA,NA,North Pacific Gyre Oscillation
01-NOV-2016 00:00,2016,11,1.29,NA,NPGO,NA,NA,North Pacific Gyre Oscillation
01-DEC-2016 00:00,2016,12,-1.66,NA,NPGO,NA,NA,North Pacific Gyre Oscillation
01-JAN-2017 00:00,2017,1,-0.18,NA,NPGO,NA,NA,North Pacific Gyre Oscillation
01-FEB-2017 00:00,2017,2,-0.6,NA,NPGO,NA,NA,North Pacific Gyre Oscillation
01-MAR-2017 00:00,2017,3,-0.85,NA,NPGO,NA,NA,North Pacific Gyre Oscillation
01-APR-2017 00:00,2017,4,-0.08,NA,NPGO,NA,NA,North Pacific Gyre Oscillation
01-MAY-2017 00:00,2017,5,-0.44,NA,NPGO,NA,NA,North Pacific Gyre Oscillation
01-JUN-2017 00:00,2017,6,-0.34,NA,NPGO,NA,NA,North Pacific Gyre Oscillation
01-JUL-2017 00:00,2017,7,-0.54,NA,NPGO,NA,NA,North Pacific Gyre Oscillation
01-AUG-2017 00:00,2017,8,-0.61,NA,NPGO,NA,NA,North Pacific Gyre Oscillation
01-SEP-2017 00:00,2017,9,-0.49,NA,NPGO,NA,NA,North Pacific Gyre Oscillation
01-OCT-2017 00:00,2017,10,-1.36,NA,NPGO,NA,NA,North Pacific Gyre Oscillation
01-NOV-2017 00:00,2017,11,-2.08,NA,NPGO,NA,NA,North Pacific Gyre Oscillation
01-DEC-2017 00:00,2017,12,-2.74,NA,NPGO,NA,NA,North Pacific Gyre Oscillation
01-JAN-2018 00:00,2018,1,-1.47,NA,NPGO,NA,NA,North Pacific Gyre Oscillation
01-FEB-2018 00:00,2018,2,-2.25,NA,NPGO,NA,NA,North Pacific Gyre Oscillation
01-MAR-2018 00:00,2018,3,-2.09,NA,NPGO,NA,NA,North Pacific Gyre Oscillation
01-APR-2018 00:00,2018,4,-2.02,NA,NPGO,NA,NA,North Pacific Gyre Oscillation
01-MAY-2018 00:00,2018,5,-1.94,NA,NPGO,NA,NA,North Pacific Gyre Oscillation
01-JUN-2018 00:00,2018,6,-2.04,NA,NPGO,NA,NA,North Pacific Gyre Oscillation
01-JUL-2018 00:00,2018,7,-1.83,NA,NPGO,NA,NA,North Pacific Gyre Oscillation
01-AUG-2018 00:00,2018,8,-2.28,NA,NPGO,NA,NA,North Pacific Gyre Oscillation
01-SEP-2018 00:00,2018,9,-2.35,NA,NPGO,NA,NA,North Pacific Gyre Oscillation
01-OCT-2018 00:00,2018,10,-2.36,NA,NPGO,NA,NA,North Pacific Gyre Oscillation
01-NOV-2018 00:00,2018,11,-1.82,NA,NPGO,NA,NA,North Pacific Gyre Oscillation
01-DEC-2018 00:00,2018,12,-1.12,NA,NPGO,NA,NA,North Pacific Gyre Oscillation
01-JAN-2019 00:00,2019,1,-0.89,NA,NPGO,NA,NA,North Pacific Gyre Oscillation
01-FEB-2019 00:00,2019,2,-2.61,NA,NPGO,NA,NA,North Pacific Gyre Oscillation
01-MAR-2019 00:00,2019,3,-1.98,NA,NPGO,NA,NA,North Pacific Gyre Oscillation
01-APR-2019 00:00,2019,4,-2.07,NA,NPGO,NA,NA,North Pacific Gyre Oscillation
01-MAY-2019 00:00,2019,5,-1.8,NA,NPGO,NA,NA,North Pacific Gyre Oscillation
01-JUN-2019 00:00,2019,6,-2.39,NA,NPGO,NA,NA,North Pacific Gyre Oscillation
01-JUL-2019 00:00,2019,7,-2.23,NA,NPGO,NA,NA,North Pacific Gyre Oscillation
01-AUG-2019 00:00,2019,8,-2.18,NA,NPGO,NA,NA,North Pacific Gyre Oscillation
01-SEP-2019 00:00,2019,9,-2.55,NA,NPGO,NA,NA,North Pacific Gyre Oscillation
01-OCT-2019 00:00,2019,10,-2.6,NA,NPGO,NA,NA,North Pacific Gyre Oscillation
01-NOV-2019 00:00,2019,11,-3.42,NA,NPGO,NA,NA,North Pacific Gyre Oscillation
01-DEC-2019 00:00,2019,12,-2.63,NA,NPGO,NA,NA,North Pacific Gyre Oscillation
01-JAN-2020 00:00,2020,1,-1.56,NA,NPGO,NA,NA,North Pacific Gyre Oscillation
01-FEB-2020 00:00,2020,2,-2.37,NA,NPGO,NA,NA,North Pacific Gyre Oscillation
01-MAR-2020 00:00,2020,3,-1.94,NA,NPGO,NA,NA,North Pacific Gyre Oscillation
01-APR-2020 00:00,2020,4,-1.99,NA,NPGO,NA,NA,North Pacific Gyre Oscillation
01-MAY-2020 00:00,2020,5,-1.52,NA,NPGO,NA,NA,North Pacific Gyre Oscillation
01-JUN-2020 00:00,2020,6,-1.94,NA,NPGO,NA,NA,North Pacific Gyre Oscillation
01-JUL-2020 00:00,2020,7,-2.12,NA,NPGO,NA,NA,North Pacific Gyre Oscillation
01-AUG-2020 00:00,2020,8,-1.46,NA,NPGO,NA,NA,North Pacific Gyre Oscillation
01-SEP-2020 00:00,2020,9,-1.28,NA,NPGO,NA,NA,North Pacific Gyre Oscillation
01-OCT-2020 00:00,2020,10,-1.85,NA,NPGO,NA,NA,North Pacific Gyre Oscillation
01-NOV-2020 00:00,2020,11,-2.66,NA,NPGO,NA,NA,North Pacific Gyre Oscillation
01-DEC-2020 00:00,2020,12,-1.42,NA,NPGO,NA,NA,North Pacific Gyre Oscillation
01-JAN-2021 00:00,2021,1,-0.64,NA,NPGO,NA,NA,North Pacific Gyre Oscillation
01-FEB-2021 00:00,2021,2,-1.13,NA,NPGO,NA,NA,North Pacific Gyre Oscillation
01-MAR-2021 00:00,2021,3,-0.85,NA,NPGO,NA,NA,North Pacific Gyre Oscillation
01-APR-2021 00:00,2021,4,-1.85,NA,NPGO,NA,NA,North Pacific Gyre Oscillation
01-MAY-2021 00:00,2021,5,-0.82,NA,NPGO,NA,NA,North Pacific Gyre Oscillation
01-JUN-2021 00:00,2021,6,-0.58,NA,NPGO,NA,NA,North Pacific Gyre Oscillation
01-JUL-2021 00:00,2021,7,-0.77,NA,NPGO,NA,NA,North Pacific Gyre Oscillation
01-AUG-2021 00:00,2021,8,-1.06,NA,NPGO,NA,NA,North Pacific Gyre Oscillation
01-SEP-2021 00:00,2021,9,-0.69,NA,NPGO,NA,NA,North Pacific Gyre Oscillation
01-OCT-2021 00:00,2021,10,-0.09,NA,NPGO,NA,NA,North Pacific Gyre Oscillation
01-NOV-2021 00:00,2021,11,-0.37,NA,NPGO,NA,NA,North Pacific Gyre Oscillation
01-DEC-2021 00:00,2021,12,-2.09,NA,NPGO,NA,NA,North Pacific Gyre Oscillation
01-JAN-2022 00:00,2022,1,-1.41,NA,NPGO,NA,NA,North Pacific Gyre Oscillation
01-FEB-2022 00:00,2022,2,-2.09,NA,NPGO,NA,NA,North Pacific Gyre Oscillation
01-MAR-2022 00:00,2022,3,-1.1,NA,NPGO,NA,NA,North Pacific Gyre Oscillation
01-APR-2022 00:00,2022,4,-0.64,NA,NPGO,NA,NA,North Pacific Gyre Oscillation
01-MAY-2022 00:00,2022,5,-0.41,NA,NPGO,NA,NA,North Pacific Gyre Oscillation
01-JUN-2022 00:00,2022,6,-0.67,NA,NPGO,NA,NA,North Pacific Gyre Oscillation
01-JUL-2022 00:00,2022,7,-0.48,NA,NPGO,NA,NA,North Pacific Gyre Oscillation
01-AUG-2022 00:00,2022,8,-0.65,NA,NPGO,NA,NA,North Pacific Gyre Oscillation
01-SEP-2022 00:00,2022,9,-1.12,NA,NPGO,NA,NA,North Pacific Gyre Oscillation
01-OCT-2022 00:00,2022,10,-1.88,NA,NPGO,NA,NA,North Pacific Gyre Oscillation
01-NOV-2022 00:00,2022,11,-2.12,NA,NPGO,NA,NA,North Pacific Gyre Oscillation
01-DEC-2022 00:00,2022,12,-2.56,NA,NPGO,NA,NA,North Pacific Gyre Oscillation
01-JAN-2023 00:00,2023,1,-1.36,NA,NPGO,NA,NA,North Pacific Gyre Oscillation
01-FEB-2023 00:00,2023,2,-1.99,NA,NPGO,NA,NA,North Pacific Gyre Oscillation
01-MAR-2023 00:00,2023,3,-2.63,NA,NPGO,NA,NA,North Pacific Gyre Oscillation
01-APR-2023 00:00,2023,4,-1.93,NA,NPGO,NA,NA,North Pacific Gyre Oscillation
01-MAY-2023 00:00,2023,5,-1.46,NA,NPGO,NA,NA,North Pacific Gyre Oscillation
01-JUN-2023 00:00,2023,6,-1.53,NA,NPGO,NA,NA,North Pacific Gyre Oscillation
01-JUL-2023 00:00,2023,7,-1.73,NA,NPGO,NA,NA,North Pacific Gyre Oscillation
01-AUG-2023 00:00,2023,8,-1.71,NA,NPGO,NA,NA,North Pacific Gyre Oscillation
01-SEP-2023 00:00,2023,9,-1.67,NA,NPGO,NA,NA,North Pacific Gyre Oscillation
01-OCT-2023 00:00,2023,10,-0.89,NA,NPGO,NA,NA,North Pacific Gyre Oscillation
01-NOV-2023 00:00,2023,11,-1.67,NA,NPGO,NA,NA,North Pacific Gyre Oscillation
01-DEC-2023 00:00,2023,12,-1.58,NA,NPGO,NA,NA,North Pacific Gyre Oscillation
01-JAN-2024 00:00,2024,1,-1.63,NA,NPGO,NA,NA,North Pacific Gyre Oscillation
01-FEB-2024 00:00,2024,2,-1.63,NA,NPGO,NA,NA,North Pacific Gyre Oscillation
01-MAR-2024 00:00,2024,3,-1.95,NA,NPGO,NA,NA,North Pacific Gyre Oscillation
01-APR-2024 00:00,2024,4,-2.51,NA,NPGO,NA,NA,North Pacific Gyre Oscillation
01-MAY-2024 00:00,2024,5,-2.25,NA,NPGO,NA,NA,North Pacific Gyre Oscillation
01-JUN-2024 00:00,2024,6,-1.63,NA,NPGO,NA,NA,North Pacific Gyre Oscillation
01-JUL-2024 00:00,2024,7,-1.71,NA,NPGO,NA,NA,North Pacific Gyre Oscillation
01-AUG-2024 00:00,2024,8,-2.03,NA,NPGO,NA,NA,North Pacific Gyre Oscillation
01-SEP-2024 00:00,2024,9,-2.1,NA,NPGO,NA,NA,North Pacific Gyre Oscillation
01-OCT-2024 00:00,2024,10,-2.1,NA,NPGO,NA,NA,North Pacific Gyre Oscillation
01-NOV-2024 00:00,2024,11,-2.12,NA,NPGO,NA,NA,North Pacific Gyre Oscillation
01-DEC-2024 00:00,2024,12,-1.58,NA,NPGO,NA,NA,North Pacific Gyre Oscillation
01-JAN-2025 00:00,2025,1,-2.57,NA,NPGO,NA,NA,North Pacific Gyre Oscillation
01-FEB-2025 00:00,2025,2,-2.56,NA,NPGO,NA,NA,North Pacific Gyre Oscillation
01-MAR-2025 00:00,2025,3,-1.45,NA,NPGO,NA,NA,North Pacific Gyre Oscillation
01-APR-2025 00:00,2025,4,-1.57,NA,NPGO,NA,NA,North Pacific Gyre Oscillation
01-MAY-2025 00:00,2025,5,-0.91,NA,NPGO,NA,NA,North Pacific Gyre Oscillation
01-JUN-2025 00:00,2025,6,-1.5,NA,NPGO,NA,NA,North Pacific Gyre Oscillation
01-JUL-2025 00:00,2025,7,-0.91,NA,NPGO,NA,NA,North Pacific Gyre Oscillation
01-AUG-2025 00:00,2025,8,-1.1,NA,NPGO,NA,NA,North Pacific Gyre Oscillation
01-SEP-2025 00:00,2025,9,-1.61,NA,NPGO,NA,NA,North Pacific Gyre Oscillation
01-OCT-2025 00:00,2025,10,-1.98,NA,NPGO,NA,NA,North Pacific Gyre Oscillation
01-NOV-2025 00:00,2025,11,-1.73,NA,NPGO,NA,NA,North Pacific Gyre Oscillation
01-DEC-2025 00:00,2025,12,-2.94,NA,NPGO,NA,NA,North Pacific Gyre Oscillation
01-JAN-1980 00:00,1980,1,11.33,NA,TatD,11.2426725109417,NA,Deg C
01-FEB-1980 00:00,1980,2,11.29,NA,TatD,11.2425869272464,NA,Deg C
01-MAR-1980 00:00,1980,3,11.41,NA,TatD,11.2425013435511,NA,Deg C
01-APR-1980 00:00,1980,4,11.44,NA,TatD,11.2424157598559,NA,Deg C
01-MAY-1980 00:00,1980,5,11.44,NA,TatD,11.2423301761606,NA,Deg C
01-JUN-1980 00:00,1980,6,11.45,NA,TatD,11.2422445924654,NA,Deg C
01-JUL-1980 00:00,1980,7,11.44,NA,TatD,11.2421590087701,NA,Deg C
01-AUG-1980 00:00,1980,8,11.39,NA,TatD,11.2420734250748,NA,Deg C
01-SEP-1980 00:00,1980,9,11.34,NA,TatD,11.2419878413796,NA,Deg C
01-OCT-1980 00:00,1980,10,11.36,NA,TatD,11.2419022576843,NA,Deg C
01-NOV-1980 00:00,1980,11,11.42,NA,TatD,11.2418166739891,NA,Deg C
01-DEC-1980 00:00,1980,12,11.4,NA,TatD,11.2417310902938,NA,Deg C
01-JAN-1981 00:00,1981,1,11.35,NA,TatD,11.2416455065986,NA,Deg C
01-FEB-1981 00:00,1981,2,11.37,NA,TatD,11.2415599229033,NA,Deg C
01-MAR-1981 00:00,1981,3,11.43,NA,TatD,11.241474339208,NA,Deg C
01-APR-1981 00:00,1981,4,11.37,NA,TatD,11.2413887555128,NA,Deg C
01-MAY-1981 00:00,1981,5,11.44,NA,TatD,11.2413031718175,NA,Deg C
01-JUN-1981 00:00,1981,6,11.49,NA,TatD,11.2412175881223,NA,Deg C
01-JUL-1981 00:00,1981,7,11.46,NA,TatD,11.241132004427,NA,Deg C
01-AUG-1981 00:00,1981,8,11.41,NA,TatD,11.2410464207318,NA,Deg C
01-SEP-1981 00:00,1981,9,11.38,NA,TatD,11.2409608370365,NA,Deg C
01-OCT-1981 00:00,1981,10,11.33,NA,TatD,11.2408752533413,NA,Deg C
01-NOV-1981 00:00,1981,11,11.29,NA,TatD,11.240789669646,NA,Deg C
01-DEC-1981 00:00,1981,12,11.21,NA,TatD,11.2407040859507,NA,Deg C
01-JAN-1982 00:00,1982,1,11.15,NA,TatD,11.2406185022555,NA,Deg C
01-FEB-1982 00:00,1982,2,11.04,NA,TatD,11.2405329185602,NA,Deg C
01-MAR-1982 00:00,1982,3,10.99,NA,TatD,11.240447334865,NA,Deg C
01-APR-1982 00:00,1982,4,11.05,NA,TatD,11.2403617511697,NA,Deg C
01-MAY-1982 00:00,1982,5,11.1,NA,TatD,11.2402761674745,NA,Deg C
01-JUN-1982 00:00,1982,6,11.09,NA,TatD,11.2401905837792,NA,Deg C
01-JUL-1982 00:00,1982,7,11.05,NA,TatD,11.2401050000839,NA,Deg C
01-AUG-1982 00:00,1982,8,10.95,NA,TatD,11.2400194163887,NA,Deg C
01-SEP-1982 00:00,1982,9,11.01,NA,TatD,11.2399338326934,NA,Deg C
01-OCT-1982 00:00,1982,10,10.99,NA,TatD,11.2398482489982,NA,Deg C
01-NOV-1982 00:00,1982,11,10.98,NA,TatD,11.2397626653029,NA,Deg C
01-DEC-1982 00:00,1982,12,11.04,NA,TatD,11.2396770816077,NA,Deg C
01-JAN-1983 00:00,1983,1,11.04,NA,TatD,11.2395914979124,NA,Deg C
01-FEB-1983 00:00,1983,2,11.08,NA,TatD,11.2395059142172,NA,Deg C
01-MAR-1983 00:00,1983,3,11.14,NA,TatD,11.2394203305219,NA,Deg C
01-APR-1983 00:00,1983,4,11.19,NA,TatD,11.2393347468266,NA,Deg C
01-MAY-1983 00:00,1983,5,11.21,NA,TatD,11.2392491631314,NA,Deg C
01-JUN-1983 00:00,1983,6,11.24,NA,TatD,11.2391635794361,NA,Deg C
01-JUL-1983 00:00,1983,7,11.31,NA,TatD,11.2390779957409,NA,Deg C
01-AUG-1983 00:00,1983,8,11.33,NA,TatD,11.2389924120456,NA,Deg C
01-SEP-1983 00:00,1983,9,11.34,NA,TatD,11.2389068283504,NA,Deg C
01-OCT-1983 00:00,1983,10,11.29,NA,TatD,11.2388212446551,NA,Deg C
01-NOV-1983 00:00,1983,11,11.25,NA,TatD,11.2387356609599,NA,Deg C
01-DEC-1983 00:00,1983,12,11.36,NA,TatD,11.2386500772646,NA,Deg C
01-JAN-1984 00:00,1984,1,11.4,NA,TatD,11.2385644935693,NA,Deg C
01-FEB-1984 00:00,1984,2,11.43,NA,TatD,11.2384789098741,NA,Deg C
01-MAR-1984 00:00,1984,3,11.48,NA,TatD,11.2383933261788,NA,Deg C
01-APR-1984 00:00,1984,4,11.53,NA,TatD,11.2383077424836,NA,Deg C
01-MAY-1984 00:00,1984,5,11.5,NA,TatD,11.2382221587883,NA,Deg C
01-JUN-1984 00:00,1984,6,11.47,NA,TatD,11.2381365750931,NA,Deg C
01-JUL-1984 00:00,1984,7,11.4,NA,TatD,11.2380509913978,NA,Deg C
01-AUG-1984 00:00,1984,8,11.33,NA,TatD,11.2379654077025,NA,Deg C
01-SEP-1984 00:00,1984,9,11.34,NA,TatD,11.2378798240073,NA,Deg C
01-OCT-1984 00:00,1984,10,11.35,NA,TatD,11.237794240312,NA,Deg C
01-NOV-1984 00:00,1984,11,11.3,NA,TatD,11.2377086566168,NA,Deg C
01-DEC-1984 00:00,1984,12,11.31,NA,TatD,11.2376230729215,NA,Deg C
01-JAN-1985 00:00,1985,1,11.31,NA,TatD,11.2375374892263,NA,Deg C
01-FEB-1985 00:00,1985,2,11.34,NA,TatD,11.237451905531,NA,Deg C
01-MAR-1985 00:00,1985,3,11.39,NA,TatD,11.2373663218358,NA,Deg C
01-APR-1985 00:00,1985,4,11.38,NA,TatD,11.2372807381405,NA,Deg C
01-MAY-1985 00:00,1985,5,11.37,NA,TatD,11.2371951544452,NA,Deg C
01-JUN-1985 00:00,1985,6,11.34,NA,TatD,11.23710957075,NA,Deg C
01-JUL-1985 00:00,1985,7,11.2,NA,TatD,11.2370239870547,NA,Deg C
01-AUG-1985 00:00,1985,8,11.2,NA,TatD,11.2369384033595,NA,Deg C
01-SEP-1985 00:00,1985,9,11.16,NA,TatD,11.2368528196642,NA,Deg C
01-OCT-1985 00:00,1985,10,11.16,NA,TatD,11.236767235969,NA,Deg C
01-NOV-1985 00:00,1985,11,11.07,NA,TatD,11.2366816522737,NA,Deg C
01-DEC-1985 00:00,1985,12,11.01,NA,TatD,11.2365960685784,NA,Deg C
01-JAN-1986 00:00,1986,1,11.04,NA,TatD,11.2365104848832,NA,Deg C
01-FEB-1986 00:00,1986,2,10.98,NA,TatD,11.2364249011879,NA,Deg C
01-MAR-1986 00:00,1986,3,11.04,NA,TatD,11.2363393174927,NA,Deg C
01-APR-1986 00:00,1986,4,11.04,NA,TatD,11.2362537337974,NA,Deg C
01-MAY-1986 00:00,1986,5,11.05,NA,TatD,11.2361681501022,NA,Deg C
01-JUN-1986 00:00,1986,6,11.11,NA,TatD,11.2360825664069,NA,Deg C
01-JUL-1986 00:00,1986,7,11.12,NA,TatD,11.2359969827117,NA,Deg C
01-AUG-1986 00:00,1986,8,11.14,NA,TatD,11.2359113990164,NA,Deg C
01-SEP-1986 00:00,1986,9,11.08,NA,TatD,11.2358258153211,NA,Deg C
01-OCT-1986 00:00,1986,10,11.02,NA,TatD,11.2357402316259,NA,Deg C
01-NOV-1986 00:00,1986,11,10.98,NA,TatD,11.2356546479306,NA,Deg C
01-DEC-1986 00:00,1986,12,11.02,NA,TatD,11.2355690642354,NA,Deg C
01-JAN-1987 00:00,1987,1,11.12,NA,TatD,11.2354834805401,NA,Deg C
01-FEB-1987 00:00,1987,2,11.13,NA,TatD,11.2353978968449,NA,Deg C
01-MAR-1987 00:00,1987,3,11.14,NA,TatD,11.2353123131496,NA,Deg C
01-APR-1987 00:00,1987,4,11.19,NA,TatD,11.2352267294543,NA,Deg C
01-MAY-1987 00:00,1987,5,11.14,NA,TatD,11.2351411457591,NA,Deg C
01-JUN-1987 00:00,1987,6,11.07,NA,TatD,11.2350555620638,NA,Deg C
01-JUL-1987 00:00,1987,7,11.06,NA,TatD,11.2349699783686,NA,Deg C
01-AUG-1987 00:00,1987,8,11.15,NA,TatD,11.2348843946733,NA,Deg C
01-SEP-1987 00:00,1987,9,11.1,NA,TatD,11.2347988109781,NA,Deg C
01-OCT-1987 00:00,1987,10,11.06,NA,TatD,11.2347132272828,NA,Deg C
01-NOV-1987 00:00,1987,11,11.05,NA,TatD,11.2346276435876,NA,Deg C
01-DEC-1987 00:00,1987,12,11.13,NA,TatD,11.2345420598923,NA,Deg C
01-JAN-1988 00:00,1988,1,11.23,NA,TatD,11.234456476197,NA,Deg C
01-FEB-1988 00:00,1988,2,11.22,NA,TatD,11.2343708925018,NA,Deg C
01-MAR-1988 00:00,1988,3,11.2,NA,TatD,11.2342853088065,NA,Deg C
01-APR-1988 00:00,1988,4,11.22,NA,TatD,11.2341997251113,NA,Deg C
01-MAY-1988 00:00,1988,5,11.26,NA,TatD,11.234114141416,NA,Deg C
01-JUN-1988 00:00,1988,6,11.25,NA,TatD,11.2340285577208,NA,Deg C
01-JUL-1988 00:00,1988,7,11.22,NA,TatD,11.2339429740255,NA,Deg C
01-AUG-1988 00:00,1988,8,11.17,NA,TatD,11.2338573903302,NA,Deg C
01-SEP-1988 00:00,1988,9,11.09,NA,TatD,11.233771806635,NA,Deg C
01-OCT-1988 00:00,1988,10,11.03,NA,TatD,11.2336862229397,NA,Deg C
01-NOV-1988 00:00,1988,11,11.05,NA,TatD,11.2336006392445,NA,Deg C
01-DEC-1988 00:00,1988,12,11.1,NA,TatD,11.2335150555492,NA,Deg C
01-JAN-1989 00:00,1989,1,11.15,NA,TatD,11.233429471854,NA,Deg C
01-FEB-1989 00:00,1989,2,11.12,NA,TatD,11.2333438881587,NA,Deg C
01-MAR-1989 00:00,1989,3,11.1,NA,TatD,11.2332583044635,NA,Deg C
01-APR-1989 00:00,1989,4,11.06,NA,TatD,11.2331727207682,NA,Deg C
01-MAY-1989 00:00,1989,5,10.99,NA,TatD,11.2330871370729,NA,Deg C
01-JUN-1989 00:00,1989,6,10.99,NA,TatD,11.2330015533777,NA,Deg C
01-JUL-1989 00:00,1989,7,11.09,NA,TatD,11.2329159696824,NA,Deg C
01-AUG-1989 00:00,1989,8,11.08,NA,TatD,11.2328303859872,NA,Deg C
01-SEP-1989 00:00,1989,9,11.03,NA,TatD,11.2327448022919,NA,Deg C
01-OCT-1989 00:00,1989,10,10.96,NA,TatD,11.2326592185967,NA,Deg C
01-NOV-1989 00:00,1989,11,10.91,NA,TatD,11.2325736349014,NA,Deg C
01-DEC-1989 00:00,1989,12,10.96,NA,TatD,11.2324880512061,NA,Deg C
01-JAN-1990 00:00,1990,1,10.95,NA,TatD,11.2324024675109,NA,Deg C
01-FEB-1990 00:00,1990,2,10.98,NA,TatD,11.2323168838156,NA,Deg C
01-MAR-1990 00:00,1990,3,10.96,NA,TatD,11.2322313001204,NA,Deg C
01-APR-1990 00:00,1990,4,11.01,NA,TatD,11.2321457164251,NA,Deg C
01-MAY-1990 00:00,1990,5,11.01,NA,TatD,11.2320601327299,NA,Deg C
01-JUN-1990 00:00,1990,6,11.07,NA,TatD,11.2319745490346,NA,Deg C
01-JUL-1990 00:00,1990,7,11.03,NA,TatD,11.2318889653394,NA,Deg C
01-AUG-1990 00:00,1990,8,11,NA,TatD,11.2318033816441,NA,Deg C
01-SEP-1990 00:00,1990,9,11.01,NA,TatD,11.2317177979488,NA,Deg C
01-OCT-1990 00:00,1990,10,11.04,NA,TatD,11.2316322142536,NA,Deg C
01-NOV-1990 00:00,1990,11,10.97,NA,TatD,11.2315466305583,NA,Deg C
01-DEC-1990 00:00,1990,12,10.96,NA,TatD,11.2314610468631,NA,Deg C
01-JAN-1991 00:00,1991,1,10.95,NA,TatD,11.231375463167801,NA,Deg C
01-FEB-1991 00:00,1991,2,10.95,NA,TatD,11.2312898794726,NA,Deg C
01-MAR-1991 00:00,1991,3,10.98,NA,TatD,11.2312042957773,NA,Deg C
01-APR-1991 00:00,1991,4,10.99,NA,TatD,11.231118712082,NA,Deg C
01-MAY-1991 00:00,1991,5,11.1,NA,TatD,11.2310331283868,NA,Deg C
01-JUN-1991 00:00,1991,6,11.14,NA,TatD,11.2309475446915,NA,Deg C
01-JUL-1991 00:00,1991,7,11.11,NA,TatD,11.2308619609963,NA,Deg C
01-AUG-1991 00:00,1991,8,11.12,NA,TatD,11.230776377301,NA,Deg C
01-SEP-1991 00:00,1991,9,11.17,NA,TatD,11.2306907936058,NA,Deg C
01-OCT-1991 00:00,1991,10,11.13,NA,TatD,11.2306052099105,NA,Deg C
01-NOV-1991 00:00,1991,11,11.18,NA,TatD,11.2305196262153,NA,Deg C
01-DEC-1991 00:00,1991,12,11.18,NA,TatD,11.23043404252,NA,Deg C
01-JAN-1992 00:00,1992,1,11.16,NA,TatD,11.2303484588247,NA,Deg C
01-FEB-1992 00:00,1992,2,11.15,NA,TatD,11.2302628751295,NA,Deg C
01-MAR-1992 00:00,1992,3,11.21,NA,TatD,11.2301772914342,NA,Deg C
01-APR-1992 00:00,1992,4,11.26,NA,TatD,11.230091707739,NA,Deg C
01-MAY-1992 00:00,1992,5,11.24,NA,TatD,11.2300061240437,NA,Deg C
01-JUN-1992 00:00,1992,6,11.25,NA,TatD,11.2299205403485,NA,Deg C
01-JUL-1992 00:00,1992,7,11.25,NA,TatD,11.2298349566532,NA,Deg C
01-AUG-1992 00:00,1992,8,11.27,NA,TatD,11.2297493729579,NA,Deg C
01-SEP-1992 00:00,1992,9,11.23,NA,TatD,11.2296637892627,NA,Deg C
01-OCT-1992 00:00,1992,10,11.2,NA,TatD,11.2295782055674,NA,Deg C
01-NOV-1992 00:00,1992,11,11.12,NA,TatD,11.2294926218722,NA,Deg C
01-DEC-1992 00:00,1992,12,11.09,NA,TatD,11.2294070381769,NA,Deg C
01-JAN-1993 00:00,1993,1,11.13,NA,TatD,11.2293214544817,NA,Deg C
01-FEB-1993 00:00,1993,2,11.18,NA,TatD,11.2292358707864,NA,Deg C
01-MAR-1993 00:00,1993,3,11.24,NA,TatD,11.2291502870912,NA,Deg C
01-APR-1993 00:00,1993,4,11.27,NA,TatD,11.2290647033959,NA,Deg C
01-MAY-1993 00:00,1993,5,11.37,NA,TatD,11.2289791197006,NA,Deg C
01-JUN-1993 00:00,1993,6,11.41,NA,TatD,11.2288935360054,NA,Deg C
01-JUL-1993 00:00,1993,7,11.38,NA,TatD,11.2288079523101,NA,Deg C
01-AUG-1993 00:00,1993,8,11.29,NA,TatD,11.2287223686149,NA,Deg C
01-SEP-1993 00:00,1993,9,11.24,NA,TatD,11.2286367849196,NA,Deg C
01-OCT-1993 00:00,1993,10,11.19,NA,TatD,11.2285512012244,NA,Deg C
01-NOV-1993 00:00,1993,11,11.16,NA,TatD,11.2284656175291,NA,Deg C
01-DEC-1993 00:00,1993,12,11.21,NA,TatD,11.2283800338338,NA,Deg C
01-JAN-1994 00:00,1994,1,11.25,NA,TatD,11.2282944501386,NA,Deg C
01-FEB-1994 00:00,1994,2,11.24,NA,TatD,11.2282088664433,NA,Deg C
01-MAR-1994 00:00,1994,3,11.23,NA,TatD,11.2281232827481,NA,Deg C
01-APR-1994 00:00,1994,4,11.3,NA,TatD,11.2280376990528,NA,Deg C
01-MAY-1994 00:00,1994,5,11.34,NA,TatD,11.2279521153576,NA,Deg C
01-JUN-1994 00:00,1994,6,11.31,NA,TatD,11.2278665316623,NA,Deg C
01-JUL-1994 00:00,1994,7,11.25,NA,TatD,11.2277809479671,NA,Deg C
01-AUG-1994 00:00,1994,8,11.23,NA,TatD,11.2276953642718,NA,Deg C
01-SEP-1994 00:00,1994,9,11.22,NA,TatD,11.2276097805765,NA,Deg C
01-OCT-1994 00:00,1994,10,11.14,NA,TatD,11.2275241968813,NA,Deg C
01-NOV-1994 00:00,1994,11,11.15,NA,TatD,11.227438613186,NA,Deg C
01-DEC-1994 00:00,1994,12,11.23,NA,TatD,11.2273530294908,NA,Deg C
01-JAN-1995 00:00,1995,1,11.32,NA,TatD,11.2272674457955,NA,Deg C
01-FEB-1995 00:00,1995,2,11.37,NA,TatD,11.2271818621003,NA,Deg C
01-MAR-1995 00:00,1995,3,11.32,NA,TatD,11.227096278405,NA,Deg C
01-APR-1995 00:00,1995,4,11.35,NA,TatD,11.2270106947097,NA,Deg C
01-MAY-1995 00:00,1995,5,11.3,NA,TatD,11.2269251110145,NA,Deg C
01-JUN-1995 00:00,1995,6,11.31,NA,TatD,11.2268395273192,NA,Deg C
01-JUL-1995 00:00,1995,7,11.32,NA,TatD,11.226753943624,NA,Deg C
01-AUG-1995 00:00,1995,8,11.23,NA,TatD,11.2266683599287,NA,Deg C
01-SEP-1995 00:00,1995,9,11.18,NA,TatD,11.2265827762335,NA,Deg C
01-OCT-1995 00:00,1995,10,11.22,NA,TatD,11.2264971925382,NA,Deg C
01-NOV-1995 00:00,1995,11,11.24,NA,TatD,11.226411608843,NA,Deg C
01-DEC-1995 00:00,1995,12,11.31,NA,TatD,11.2263260251477,NA,Deg C
01-JAN-1996 00:00,1996,1,11.33,NA,TatD,11.2262404414524,NA,Deg C
01-FEB-1996 00:00,1996,2,11.32,NA,TatD,11.2261548577572,NA,Deg C
01-MAR-1996 00:00,1996,3,11.33,NA,TatD,11.2260692740619,NA,Deg C
01-APR-1996 00:00,1996,4,11.41,NA,TatD,11.2259836903667,NA,Deg C
01-MAY-1996 00:00,1996,5,11.45,NA,TatD,11.2258981066714,NA,Deg C
01-JUN-1996 00:00,1996,6,11.5,NA,TatD,11.2258125229762,NA,Deg C
01-JUL-1996 00:00,1996,7,11.41,NA,TatD,11.2257269392809,NA,Deg C
01-AUG-1996 00:00,1996,8,11.35,NA,TatD,11.2256413555857,NA,Deg C
01-SEP-1996 00:00,1996,9,11.28,NA,TatD,11.2255557718904,NA,Deg C
01-OCT-1996 00:00,1996,10,11.24,NA,TatD,11.2254701881951,NA,Deg C
01-NOV-1996 00:00,1996,11,11.29,NA,TatD,11.2253846044999,NA,Deg C
01-DEC-1996 00:00,1996,12,11.31,NA,TatD,11.2252990208046,NA,Deg C
01-JAN-1997 00:00,1997,1,11.3,NA,TatD,11.2252134371094,NA,Deg C
01-FEB-1997 00:00,1997,2,11.35,NA,TatD,11.2251278534141,NA,Deg C
01-MAR-1997 00:00,1997,3,11.33,NA,TatD,11.2250422697189,NA,Deg C
01-APR-1997 00:00,1997,4,11.24,NA,TatD,11.2249566860236,NA,Deg C
01-MAY-1997 00:00,1997,5,11.21,NA,TatD,11.2248711023283,NA,Deg C
01-JUN-1997 00:00,1997,6,11.22,NA,TatD,11.2247855186331,NA,Deg C
01-JUL-1997 00:00,1997,7,11.29,NA,TatD,11.2246999349378,NA,Deg C
01-AUG-1997 00:00,1997,8,11.31,NA,TatD,11.2246143512426,NA,Deg C
01-SEP-1997 00:00,1997,9,11.27,NA,TatD,11.2245287675473,NA,Deg C
01-OCT-1997 00:00,1997,10,11.2,NA,TatD,11.2244431838521,NA,Deg C
01-NOV-1997 00:00,1997,11,11.19,NA,TatD,11.2243576001568,NA,Deg C
01-DEC-1997 00:00,1997,12,11.24,NA,TatD,11.2242720164616,NA,Deg C
01-JAN-1998 00:00,1998,1,11.29,NA,TatD,11.2241864327663,NA,Deg C
01-FEB-1998 00:00,1998,2,11.34,NA,TatD,11.224100849071,NA,Deg C
01-MAR-1998 00:00,1998,3,11.46,NA,TatD,11.2240152653758,NA,Deg C
01-APR-1998 00:00,1998,4,11.54,NA,TatD,11.2239296816805,NA,Deg C
01-MAY-1998 00:00,1998,5,11.54,NA,TatD,11.2238440979853,NA,Deg C
01-JUN-1998 00:00,1998,6,11.57,NA,TatD,11.22375851429,NA,Deg C
01-JUL-1998 00:00,1998,7,11.52,NA,TatD,11.2236729305948,NA,Deg C
01-AUG-1998 00:00,1998,8,11.48,NA,TatD,11.2235873468995,NA,Deg C
01-SEP-1998 00:00,1998,9,11.42,NA,TatD,11.2235017632042,NA,Deg C
01-OCT-1998 00:00,1998,10,11.46,NA,TatD,11.223416179509,NA,Deg C
01-NOV-1998 00:00,1998,11,11.43,NA,TatD,11.2233305958137,NA,Deg C
01-DEC-1998 00:00,1998,12,11.52,NA,TatD,11.2232450121185,NA,Deg C
01-JAN-1999 00:00,1999,1,11.5,NA,TatD,11.2231594284232,NA,Deg C
01-FEB-1999 00:00,1999,2,11.48,NA,TatD,11.223073844728,NA,Deg C
01-MAR-1999 00:00,1999,3,11.51,NA,TatD,11.2229882610327,NA,Deg C
01-APR-1999 00:00,1999,4,11.59,NA,TatD,11.2229026773375,NA,Deg C
01-MAY-1999 00:00,1999,5,11.57,NA,TatD,11.2228170936422,NA,Deg C
01-JUN-1999 00:00,1999,6,11.57,NA,TatD,11.2227315099469,NA,Deg C
01-JUL-1999 00:00,1999,7,11.45,NA,TatD,11.2226459262517,NA,Deg C
01-AUG-1999 00:00,1999,8,11.56,NA,TatD,11.2225603425564,NA,Deg C
01-SEP-1999 00:00,1999,9,11.49,NA,TatD,11.2224747588612,NA,Deg C
01-OCT-1999 00:00,1999,10,11.48,NA,TatD,11.2223891751659,NA,Deg C
01-NOV-1999 00:00,1999,11,11.44,NA,TatD,11.2223035914707,NA,Deg C
01-DEC-1999 00:00,1999,12,11.5,NA,TatD,11.2222180077754,NA,Deg C
01-JAN-2000 00:00,2000,1,11.39,NA,TatD,11.2221324240801,NA,Deg C
01-FEB-2000 00:00,2000,2,11.33,NA,TatD,11.2220468403849,NA,Deg C
01-MAR-2000 00:00,2000,3,11.35,NA,TatD,11.2219612566896,NA,Deg C
01-APR-2000 00:00,2000,4,11.32,NA,TatD,11.2218756729944,NA,Deg C
01-MAY-2000 00:00,2000,5,11.36,NA,TatD,11.2217900892991,NA,Deg C
01-JUN-2000 00:00,2000,6,11.34,NA,TatD,11.2217045056039,NA,Deg C
01-JUL-2000 00:00,2000,7,11.35,NA,TatD,11.2216189219086,NA,Deg C
01-AUG-2000 00:00,2000,8,11.36,NA,TatD,11.2215333382134,NA,Deg C
01-SEP-2000 00:00,2000,9,11.28,NA,TatD,11.2214477545181,NA,Deg C
01-OCT-2000 00:00,2000,10,11.26,NA,TatD,11.2213621708228,NA,Deg C
01-NOV-2000 00:00,2000,11,11.19,NA,TatD,11.2212765871276,NA,Deg C
01-DEC-2000 00:00,2000,12,11.24,NA,TatD,11.2211910034323,NA,Deg C
01-JAN-2001 00:00,2001,1,11.33,NA,TatD,11.2211054197371,NA,Deg C
01-FEB-2001 00:00,2001,2,11.35,NA,TatD,11.2210198360418,NA,Deg C
01-MAR-2001 00:00,2001,3,11.28,NA,TatD,11.2209342523466,NA,Deg C
01-APR-2001 00:00,2001,4,11.32,NA,TatD,11.2208486686513,NA,Deg C
01-MAY-2001 00:00,2001,5,11.43,NA,TatD,11.220763084956,NA,Deg C
01-JUN-2001 00:00,2001,6,11.38,NA,TatD,11.2206775012608,NA,Deg C
01-JUL-2001 00:00,2001,7,11.29,NA,TatD,11.2205919175655,NA,Deg C
01-AUG-2001 00:00,2001,8,11.27,NA,TatD,11.2205063338703,NA,Deg C
01-SEP-2001 00:00,2001,9,11.26,NA,TatD,11.220420750175,NA,Deg C
01-OCT-2001 00:00,2001,10,11.24,NA,TatD,11.2203351664798,NA,Deg C
01-NOV-2001 00:00,2001,11,11.21,NA,TatD,11.2202495827845,NA,Deg C
01-DEC-2001 00:00,2001,12,11.23,NA,TatD,11.2201639990893,NA,Deg C
01-JAN-2002 00:00,2002,1,11.27,NA,TatD,11.220078415394,NA,Deg C
01-FEB-2002 00:00,2002,2,11.25,NA,TatD,11.2199928316987,NA,Deg C
01-MAR-2002 00:00,2002,3,11.23,NA,TatD,11.2199072480035,NA,Deg C
01-APR-2002 00:00,2002,4,11.24,NA,TatD,11.2198216643082,NA,Deg C
01-MAY-2002 00:00,2002,5,11.21,NA,TatD,11.219736080613,NA,Deg C
01-JUN-2002 00:00,2002,6,11.2,NA,TatD,11.2196504969177,NA,Deg C
01-JUL-2002 00:00,2002,7,11.22,NA,TatD,11.2195649132225,NA,Deg C
01-AUG-2002 00:00,2002,8,11.19,NA,TatD,11.2194793295272,NA,Deg C
01-SEP-2002 00:00,2002,9,11.21,NA,TatD,11.2193937458319,NA,Deg C
01-OCT-2002 00:00,2002,10,11.27,NA,TatD,11.2193081621367,NA,Deg C
01-NOV-2002 00:00,2002,11,11.27,NA,TatD,11.2192225784414,NA,Deg C
01-DEC-2002 00:00,2002,12,11.29,NA,TatD,11.2191369947462,NA,Deg C
01-JAN-2003 00:00,2003,1,11.34,NA,TatD,11.2190514110509,NA,Deg C
01-FEB-2003 00:00,2003,2,11.3,NA,TatD,11.2189658273557,NA,Deg C
01-MAR-2003 00:00,2003,3,11.29,NA,TatD,11.2188802436604,NA,Deg C
01-APR-2003 00:00,2003,4,11.29,NA,TatD,11.2187946599652,NA,Deg C
01-MAY-2003 00:00,2003,5,11.31,NA,TatD,11.2187090762699,NA,Deg C
01-JUN-2003 00:00,2003,6,11.39,NA,TatD,11.2186234925746,NA,Deg C
01-JUL-2003 00:00,2003,7,11.38,NA,TatD,11.2185379088794,NA,Deg C
01-AUG-2003 00:00,2003,8,11.37,NA,TatD,11.2184523251841,NA,Deg C
01-SEP-2003 00:00,2003,9,11.38,NA,TatD,11.2183667414889,NA,Deg C
01-OCT-2003 00:00,2003,10,11.29,NA,TatD,11.2182811577936,NA,Deg C
01-NOV-2003 00:00,2003,11,11.22,NA,TatD,11.2181955740984,NA,Deg C
01-DEC-2003 00:00,2003,12,11.2,NA,TatD,11.2181099904031,NA,Deg C
01-JAN-2004 00:00,2004,1,11.2,NA,TatD,11.2180244067078,NA,Deg C
01-FEB-2004 00:00,2004,2,11.27,NA,TatD,11.2179388230126,NA,Deg C
01-MAR-2004 00:00,2004,3,11.25,NA,TatD,11.2178532393173,NA,Deg C
01-APR-2004 00:00,2004,4,11.23,NA,TatD,11.2177676556221,NA,Deg C
01-MAY-2004 00:00,2004,5,11.27,NA,TatD,11.2176820719268,NA,Deg C
01-JUN-2004 00:00,2004,6,11.28,NA,TatD,11.2175964882316,NA,Deg C
01-JUL-2004 00:00,2004,7,11.28,NA,TatD,11.2175109045363,NA,Deg C
01-AUG-2004 00:00,2004,8,11.22,NA,TatD,11.2174253208411,NA,Deg C
01-SEP-2004 00:00,2004,9,11.17,NA,TatD,11.2173397371458,NA,Deg C
01-OCT-2004 00:00,2004,10,11.13,NA,TatD,11.2172541534505,NA,Deg C
01-NOV-2004 00:00,2004,11,11.12,NA,TatD,11.2171685697553,NA,Deg C
01-DEC-2004 00:00,2004,12,11.17,NA,TatD,11.21708298606,NA,Deg C
01-JAN-2005 00:00,2005,1,11.22,NA,TatD,11.2169974023648,NA,Deg C
01-FEB-2005 00:00,2005,2,11.22,NA,TatD,11.2169118186695,NA,Deg C
01-MAR-2005 00:00,2005,3,11.25,NA,TatD,11.2168262349743,NA,Deg C
01-APR-2005 00:00,2005,4,11.25,NA,TatD,11.216740651279,NA,Deg C
01-MAY-2005 00:00,2005,5,11.22,NA,TatD,11.2166550675837,NA,Deg C
01-JUN-2005 00:00,2005,6,11.25,NA,TatD,11.2165694838885,NA,Deg C
01-JUL-2005 00:00,2005,7,11.22,NA,TatD,11.2164839001932,NA,Deg C
01-AUG-2005 00:00,2005,8,11.17,NA,TatD,11.216398316498,NA,Deg C
01-SEP-2005 00:00,2005,9,11.14,NA,TatD,11.2163127328027,NA,Deg C
01-OCT-2005 00:00,2005,10,11.11,NA,TatD,11.2162271491075,NA,Deg C
01-NOV-2005 00:00,2005,11,11.17,NA,TatD,11.2161415654122,NA,Deg C
01-DEC-2005 00:00,2005,12,11.17,NA,TatD,11.216055981717,NA,Deg C
01-JAN-2006 00:00,2006,1,11.17,NA,TatD,11.2159703980217,NA,Deg C
01-FEB-2006 00:00,2006,2,11.17,NA,TatD,11.2158848143264,NA,Deg C
01-MAR-2006 00:00,2006,3,11.14,NA,TatD,11.2157992306312,NA,Deg C
01-APR-2006 00:00,2006,4,11.17,NA,TatD,11.2157136469359,NA,Deg C
01-MAY-2006 00:00,2006,5,11.22,NA,TatD,11.2156280632407,NA,Deg C
01-JUN-2006 00:00,2006,6,11.17,NA,TatD,11.2155424795454,NA,Deg C
01-JUL-2006 00:00,2006,7,11.13,NA,TatD,11.2154568958502,NA,Deg C
01-AUG-2006 00:00,2006,8,11.22,NA,TatD,11.2153713121549,NA,Deg C
01-SEP-2006 00:00,2006,9,11.16,NA,TatD,11.2152857284596,NA,Deg C
01-OCT-2006 00:00,2006,10,11.11,NA,TatD,11.2152001447644,NA,Deg C
01-NOV-2006 00:00,2006,11,11.07,NA,TatD,11.2151145610691,NA,Deg C
01-DEC-2006 00:00,2006,12,11.12,NA,TatD,11.2150289773739,NA,Deg C
01-JAN-2007 00:00,2007,1,11.16,NA,TatD,11.2149433936786,NA,Deg C
01-FEB-2007 00:00,2007,2,11.17,NA,TatD,11.2148578099834,NA,Deg C
01-MAR-2007 00:00,2007,3,11.2,NA,TatD,11.2147722262881,NA,Deg C
01-APR-2007 00:00,2007,4,11.27,NA,TatD,11.2146866425929,NA,Deg C
01-MAY-2007 00:00,2007,5,11.37,NA,TatD,11.2146010588976,NA,Deg C
01-JUN-2007 00:00,2007,6,11.34,NA,TatD,11.2145154752023,NA,Deg C
01-JUL-2007 00:00,2007,7,11.31,NA,TatD,11.2144298915071,NA,Deg C
01-AUG-2007 00:00,2007,8,11.27,NA,TatD,11.2143443078118,NA,Deg C
01-SEP-2007 00:00,2007,9,11.28,NA,TatD,11.2142587241166,NA,Deg C
01-OCT-2007 00:00,2007,10,11.26,NA,TatD,11.2141731404213,NA,Deg C
01-NOV-2007 00:00,2007,11,11.3,NA,TatD,11.2140875567261,NA,Deg C
01-DEC-2007 00:00,2007,12,11.32,NA,TatD,11.2140019730308,NA,Deg C
01-JAN-2008 00:00,2008,1,11.4,NA,TatD,11.2139163893355,NA,Deg C
01-FEB-2008 00:00,2008,2,11.32,NA,TatD,11.2138308056403,NA,Deg C
01-MAR-2008 00:00,2008,3,11.34,NA,TatD,11.213745221945,NA,Deg C
01-APR-2008 00:00,2008,4,11.31,NA,TatD,11.2136596382498,NA,Deg C
01-MAY-2008 00:00,2008,5,11.38,NA,TatD,11.2135740545545,NA,Deg C
01-JUN-2008 00:00,2008,6,11.4,NA,TatD,11.2134884708593,NA,Deg C
01-JUL-2008 00:00,2008,7,11.38,NA,TatD,11.213402887164,NA,Deg C
01-AUG-2008 00:00,2008,8,11.3,NA,TatD,11.2133173034688,NA,Deg C
01-SEP-2008 00:00,2008,9,11.25,NA,TatD,11.2132317197735,NA,Deg C
01-OCT-2008 00:00,2008,10,11.21,NA,TatD,11.2131461360782,NA,Deg C
01-NOV-2008 00:00,2008,11,11.24,NA,TatD,11.213060552383,NA,Deg C
01-DEC-2008 00:00,2008,12,11.28,NA,TatD,11.2129749686877,NA,Deg C
01-JAN-2009 00:00,2009,1,11.25,NA,TatD,11.2128893849925,NA,Deg C
01-FEB-2009 00:00,2009,2,11.22,NA,TatD,11.2128038012972,NA,Deg C
01-MAR-2009 00:00,2009,3,11.22,NA,TatD,11.212718217602,NA,Deg C
01-APR-2009 00:00,2009,4,11.26,NA,TatD,11.2126326339067,NA,Deg C
01-MAY-2009 00:00,2009,5,11.25,NA,TatD,11.2125470502115,NA,Deg C
01-JUN-2009 00:00,2009,6,11.23,NA,TatD,11.2124614665162,NA,Deg C
01-JUL-2009 00:00,2009,7,11.23,NA,TatD,11.2123758828209,NA,Deg C
01-AUG-2009 00:00,2009,8,11.2,NA,TatD,11.2122902991257,NA,Deg C
01-SEP-2009 00:00,2009,9,11.15,NA,TatD,11.2122047154304,NA,Deg C
01-OCT-2009 00:00,2009,10,11.13,NA,TatD,11.2121191317352,NA,Deg C
01-NOV-2009 00:00,2009,11,11.17,NA,TatD,11.2120335480399,NA,Deg C
01-DEC-2009 00:00,2009,12,11.22,NA,TatD,11.2119479643447,NA,Deg C
01-JAN-2010 00:00,2010,1,11.27,NA,TatD,11.2118623806494,NA,Deg C
01-FEB-2010 00:00,2010,2,11.28,NA,TatD,11.2117767969541,NA,Deg C
01-MAR-2010 00:00,2010,3,11.37,NA,TatD,11.2116912132589,NA,Deg C
01-APR-2010 00:00,2010,4,11.38,NA,TatD,11.2116056295636,NA,Deg C
01-MAY-2010 00:00,2010,5,11.37,NA,TatD,11.2115200458684,NA,Deg C
01-JUN-2010 00:00,2010,6,11.34,NA,TatD,11.2114344621731,NA,Deg C
01-JUL-2010 00:00,2010,7,11.33,NA,TatD,11.2113488784779,NA,Deg C
01-AUG-2010 00:00,2010,8,11.33,NA,TatD,11.2112632947826,NA,Deg C
01-SEP-2010 00:00,2010,9,11.36,NA,TatD,11.2111777110874,NA,Deg C
01-OCT-2010 00:00,2010,10,11.39,NA,TatD,11.2110921273921,NA,Deg C
01-NOV-2010 00:00,2010,11,11.32,NA,TatD,11.2110065436968,NA,Deg C
01-DEC-2010 00:00,2010,12,11.32,NA,TatD,11.2109209600016,NA,Deg C
01-JAN-2011 00:00,2011,1,11.36,NA,TatD,11.2108353763063,NA,Deg C
01-FEB-2011 00:00,2011,2,11.3,NA,TatD,11.2107497926111,NA,Deg C
01-MAR-2011 00:00,2011,3,11.22,NA,TatD,11.2106642089158,NA,Deg C
01-APR-2011 00:00,2011,4,11.23,NA,TatD,11.2105786252206,NA,Deg C
01-MAY-2011 00:00,2011,5,11.24,NA,TatD,11.2104930415253,NA,Deg C
01-JUN-2011 00:00,2011,6,11.21,NA,TatD,11.21040745783,NA,Deg C
01-JUL-2011 00:00,2011,7,11.15,NA,TatD,11.2103218741348,NA,Deg C
01-AUG-2011 00:00,2011,8,11.17,NA,TatD,11.2102362904395,NA,Deg C
01-SEP-2011 00:00,2011,9,11.17,NA,TatD,11.2101507067443,NA,Deg C
01-OCT-2011 00:00,2011,10,11.14,NA,TatD,11.210065123049,NA,Deg C
01-NOV-2011 00:00,2011,11,11.19,NA,TatD,11.2099795393538,NA,Deg C
01-DEC-2011 00:00,2011,12,11.26,NA,TatD,11.209893955658501,NA,Deg C
01-JAN-2012 00:00,2012,1,11.26,NA,TatD,11.2098083719633,NA,Deg C
01-FEB-2012 00:00,2012,2,11.24,NA,TatD,11.209722788268,NA,Deg C
01-MAR-2012 00:00,2012,3,11.23,NA,TatD,11.2096372045727,NA,Deg C
01-APR-2012 00:00,2012,4,11.2,NA,TatD,11.2095516208775,NA,Deg C
01-MAY-2012 00:00,2012,5,11.14,NA,TatD,11.2094660371822,NA,Deg C
01-JUN-2012 00:00,2012,6,11.19,NA,TatD,11.209380453487,NA,Deg C
01-JUL-2012 00:00,2012,7,11.26,NA,TatD,11.2092948697917,NA,Deg C
01-AUG-2012 00:00,2012,8,11.23,NA,TatD,11.2092092860965,NA,Deg C
01-SEP-2012 00:00,2012,9,11.19,NA,TatD,11.2091237024012,NA,Deg C
01-OCT-2012 00:00,2012,10,11.14,NA,TatD,11.2090381187059,NA,Deg C
01-NOV-2012 00:00,2012,11,11.12,NA,TatD,11.2089525350107,NA,Deg C
01-DEC-2012 00:00,2012,12,11.14,NA,TatD,11.2088669513154,NA,Deg C
01-JAN-2013 00:00,2013,1,11.23,NA,TatD,11.2087813676202,NA,Deg C
01-FEB-2013 00:00,2013,2,11.22,NA,TatD,11.2086957839249,NA,Deg C
01-MAR-2013 00:00,2013,3,11.26,NA,TatD,11.2086102002297,NA,Deg C
01-APR-2013 00:00,2013,4,11.26,NA,TatD,11.2085246165344,NA,Deg C
01-MAY-2013 00:00,2013,5,11.19,NA,TatD,11.2084390328392,NA,Deg C
01-JUN-2013 00:00,2013,6,11.2,NA,TatD,11.2083534491439,NA,Deg C
01-JUL-2013 00:00,2013,7,11.23,NA,TatD,11.2082678654486,NA,Deg C
01-AUG-2013 00:00,2013,8,11.18,NA,TatD,11.2081822817534,NA,Deg C
01-SEP-2013 00:00,2013,9,11.22,NA,TatD,11.2080966980581,NA,Deg C
01-OCT-2013 00:00,2013,10,11.26,NA,TatD,11.2080111143629,NA,Deg C
01-NOV-2013 00:00,2013,11,11.23,NA,TatD,11.2079255306676,NA,Deg C
01-DEC-2013 00:00,2013,12,11.21,NA,TatD,11.2078399469724,NA,Deg C
01-JAN-2014 00:00,2014,1,11.17,NA,TatD,11.2077543632771,NA,Deg C
01-FEB-2014 00:00,2014,2,11.17,NA,TatD,11.2076687795818,NA,Deg C
01-MAR-2014 00:00,2014,3,11.13,NA,TatD,11.2075831958866,NA,Deg C
01-APR-2014 00:00,2014,4,11.08,NA,TatD,11.2074976121913,NA,Deg C
01-MAY-2014 00:00,2014,5,11.05,NA,TatD,11.2074120284961,NA,Deg C
01-JUN-2014 00:00,2014,6,11.05,NA,TatD,11.2073264448008,NA,Deg C
01-JUL-2014 00:00,2014,7,11.01,NA,TatD,11.2072408611056,NA,Deg C
01-AUG-2014 00:00,2014,8,11.06,NA,TatD,11.2071552774103,NA,Deg C
01-SEP-2014 00:00,2014,9,11,NA,TatD,11.2070696937151,NA,Deg C
01-OCT-2014 00:00,2014,10,11,NA,TatD,11.2069841100198,NA,Deg C
01-NOV-2014 00:00,2014,11,11,NA,TatD,11.2068985263245,NA,Deg C
01-DEC-2014 00:00,2014,12,11,NA,TatD,11.2068129426293,NA,Deg C
01-JAN-2015 00:00,2015,1,11,NA,TatD,11.206727358934,NA,Deg C
01-FEB-2015 00:00,2015,2,10.99,NA,TatD,11.2066417752388,NA,Deg C
01-MAR-2015 00:00,2015,3,10.98,NA,TatD,11.2065561915435,NA,Deg C
01-APR-2015 00:00,2015,4,11.02,NA,TatD,11.2064706078483,NA,Deg C
01-MAY-2015 00:00,2015,5,11.04,NA,TatD,11.206385024153,NA,Deg C
01-JUN-2015 00:00,2015,6,11,NA,TatD,11.2062994404577,NA,Deg C
01-JUL-2015 00:00,2015,7,11.02,NA,TatD,11.2062138567625,NA,Deg C
01-AUG-2015 00:00,2015,8,11.01,NA,TatD,11.2061282730672,NA,Deg C
01-SEP-2015 00:00,2015,9,10.94,NA,TatD,11.206042689372,NA,Deg C
01-OCT-2015 00:00,2015,10,10.87,NA,TatD,11.2059571056767,NA,Deg C
01-NOV-2015 00:00,2015,11,10.87,NA,TatD,11.2058715219815,NA,Deg C
01-DEC-2015 00:00,2015,12,10.94,NA,TatD,11.2057859382862,NA,Deg C
01-JAN-2016 00:00,2016,1,10.99,NA,TatD,11.205700354591,NA,Deg C
01-FEB-2016 00:00,2016,2,11.09,NA,TatD,11.2056147708957,NA,Deg C
01-MAR-2016 00:00,2016,3,11.13,NA,TatD,11.2055291872004,NA,Deg C
01-APR-2016 00:00,2016,4,11.1,NA,TatD,11.2054436035052,NA,Deg C
01-MAY-2016 00:00,2016,5,11.09,NA,TatD,11.2053580198099,NA,Deg C
01-JUN-2016 00:00,2016,6,11.11,NA,TatD,11.2052724361147,NA,Deg C
01-JUL-2016 00:00,2016,7,11.08,NA,TatD,11.2051868524194,NA,Deg C
01-AUG-2016 00:00,2016,8,11.09,NA,TatD,11.2051012687242,NA,Deg C
01-SEP-2016 00:00,2016,9,11.04,NA,TatD,11.2050156850289,NA,Deg C
01-OCT-2016 00:00,2016,10,10.99,NA,TatD,11.2049301013336,NA,Deg C
01-NOV-2016 00:00,2016,11,11.02,NA,TatD,11.2048445176384,NA,Deg C
01-DEC-2016 00:00,2016,12,11.05,NA,TatD,11.2047589339431,NA,Deg C
01-JAN-2017 00:00,2017,1,11.13,NA,TatD,11.2046733502479,NA,Deg C
01-FEB-2017 00:00,2017,2,11.16,NA,TatD,11.2045877665526,NA,Deg C
01-MAR-2017 00:00,2017,3,11.13,NA,TatD,11.2045021828574,NA,Deg C
01-APR-2017 00:00,2017,4,11.16,NA,TatD,11.2044165991621,NA,Deg C
01-MAY-2017 00:00,2017,5,11.24,NA,TatD,11.2043310154669,NA,Deg C
01-JUN-2017 00:00,2017,6,11.27,NA,TatD,11.2042454317716,NA,Deg C
01-JUL-2017 00:00,2017,7,11.28,NA,TatD,11.2041598480763,NA,Deg C
01-AUG-2017 00:00,2017,8,11.21,NA,TatD,11.2040742643811,NA,Deg C
01-SEP-2017 00:00,2017,9,11.16,NA,TatD,11.2039886806858,NA,Deg C
01-OCT-2017 00:00,2017,10,11.15,NA,TatD,11.2039030969906,NA,Deg C
01-NOV-2017 00:00,2017,11,11.13,NA,TatD,11.2038175132953,NA,Deg C
01-DEC-2017 00:00,2017,12,11.16,NA,TatD,11.2037319296001,NA,Deg C
01-JAN-2018 00:00,2018,1,11.18,NA,TatD,11.2036463459048,NA,Deg C
01-FEB-2018 00:00,2018,2,11.14,NA,TatD,11.2035607622096,NA,Deg C
01-MAR-2018 00:00,2018,3,11.07,NA,TatD,11.2034751785143,NA,Deg C
01-APR-2018 00:00,2018,4,11.03,NA,TatD,11.203389594819,NA,Deg C
01-MAY-2018 00:00,2018,5,11.06,NA,TatD,11.2033040111238,NA,Deg C
01-JUN-2018 00:00,2018,6,11.04,NA,TatD,11.2032184274285,NA,Deg C
01-JUL-2018 00:00,2018,7,11.03,NA,TatD,11.2031328437333,NA,Deg C
01-AUG-2018 00:00,2018,8,11.04,NA,TatD,11.203047260038,NA,Deg C
01-SEP-2018 00:00,2018,9,11.06,NA,TatD,11.2029616763428,NA,Deg C
01-OCT-2018 00:00,2018,10,10.98,NA,TatD,11.2028760926475,NA,Deg C
01-NOV-2018 00:00,2018,11,11.01,NA,TatD,11.2027905089522,NA,Deg C
01-DEC-2018 00:00,2018,12,11.05,NA,TatD,11.202704925257,NA,Deg C
01-JAN-2019 00:00,2019,1,11.16,NA,TatD,11.2026193415617,NA,Deg C
01-FEB-2019 00:00,2019,2,11.14,NA,TatD,11.2025337578665,NA,Deg C
01-MAR-2019 00:00,2019,3,11.14,NA,TatD,11.2024481741712,NA,Deg C
01-APR-2019 00:00,2019,4,11.22,NA,TatD,11.202362590476,NA,Deg C
01-MAY-2019 00:00,2019,5,11.07,NA,TatD,11.2022770067807,NA,Deg C
01-JUN-2019 00:00,2019,6,11.13,NA,TatD,11.2021914230855,NA,Deg C
01-JUL-2019 00:00,2019,7,11.12,NA,TatD,11.2021058393902,NA,Deg C
01-AUG-2019 00:00,2019,8,11.08,NA,TatD,11.2020202556949,NA,Deg C
01-SEP-2019 00:00,2019,9,11.04,NA,TatD,11.2019346719997,NA,Deg C
01-OCT-2019 00:00,2019,10,11.02,NA,TatD,11.2018490883044,NA,Deg C
01-NOV-2019 00:00,2019,11,10.96,NA,TatD,11.2017635046092,NA,Deg C
01-DEC-2019 00:00,2019,12,10.99,NA,TatD,11.2016779209139,NA,Deg C
01-JAN-2020 00:00,2020,1,11.09,NA,TatD,11.2015923372187,NA,Deg C
01-FEB-2020 00:00,2020,2,11.12,NA,TatD,11.2015067535234,NA,Deg C
01-MAR-2020 00:00,2020,3,11.13,NA,TatD,11.2014211698281,NA,Deg C
01-APR-2020 00:00,2020,4,11.18,NA,TatD,11.2013355861329,NA,Deg C
01-MAY-2020 00:00,2020,5,11.22,NA,TatD,11.2012500024376,NA,Deg C
01-JUN-2020 00:00,2020,6,11.18,NA,TatD,11.2011644187424,NA,Deg C
01-JUL-2020 00:00,2020,7,11.18,NA,TatD,11.2010788350471,NA,Deg C
01-AUG-2020 00:00,2020,8,11.2,NA,TatD,11.2009932513519,NA,Deg C
01-SEP-2020 00:00,2020,9,11.2,NA,TatD,11.2009076676566,NA,Deg C
01-OCT-2020 00:00,2020,10,11.16,NA,TatD,11.2008220839614,NA,Deg C
01-NOV-2020 00:00,2020,11,11.12,NA,TatD,11.2007365002661,NA,Deg C
01-DEC-2020 00:00,2020,12,11.17,NA,TatD,11.2006509165708,NA,Deg C
01-JAN-2021 00:00,2021,1,11.17,NA,TatD,11.2005653328756,NA,Deg C
01-FEB-2021 00:00,2021,2,11.21,NA,TatD,11.2004797491803,NA,Deg C
01-MAR-2021 00:00,2021,3,11.23,NA,TatD,11.2003941654851,NA,Deg C
01-APR-2021 00:00,2021,4,11.23,NA,TatD,11.2003085817898,NA,Deg C
01-MAY-2021 00:00,2021,5,11.16,NA,TatD,11.2002229980946,NA,Deg C
01-JUN-2021 00:00,2021,6,11.14,NA,TatD,11.2001374143993,NA,Deg C
01-JUL-2021 00:00,2021,7,11.12,NA,TatD,11.200051830704,NA,Deg C
01-AUG-2021 00:00,2021,8,11.18,NA,TatD,11.1999662470088,NA,Deg C
01-SEP-2021 00:00,2021,9,11.13,NA,TatD,11.1998806633135,NA,Deg C
01-OCT-2021 00:00,2021,10,11.13,NA,TatD,11.1997950796183,NA,Deg C
01-NOV-2021 00:00,2021,11,11.11,NA,TatD,11.199709495923,NA,Deg C
01-DEC-2021 00:00,2021,12,11.08,NA,TatD,11.1996239122278,NA,Deg C
01-JAN-2022 00:00,2022,1,11.11,NA,TatD,11.1995383285325,NA,Deg C
01-FEB-2022 00:00,2022,2,11.15,NA,TatD,11.1994527448373,NA,Deg C
01-MAR-2022 00:00,2022,3,11.19,NA,TatD,11.199367161142,NA,Deg C
01-APR-2022 00:00,2022,4,11.22,NA,TatD,11.1992815774467,NA,Deg C
01-MAY-2022 00:00,2022,5,11.25,NA,TatD,11.1991959937515,NA,Deg C
01-JUN-2022 00:00,2022,6,11.24,NA,TatD,11.1991104100562,NA,Deg C
01-JUL-2022 00:00,2022,7,11.25,NA,TatD,11.199024826361,NA,Deg C
01-AUG-2022 00:00,2022,8,11.22,NA,TatD,11.1989392426657,NA,Deg C
01-SEP-2022 00:00,2022,9,11.22,NA,TatD,11.1988536589705,NA,Deg C
01-OCT-2022 00:00,2022,10,11.17,NA,TatD,11.1987680752752,NA,Deg C
01-NOV-2022 00:00,2022,11,11.15,NA,TatD,11.1986824915799,NA,Deg C
01-DEC-2022 00:00,2022,12,11.14,NA,TatD,11.1985969078847,NA,Deg C
01-JAN-2023 00:00,2023,1,11.16,NA,TatD,11.1985113241894,NA,Deg C
01-FEB-2023 00:00,2023,2,11.16,NA,TatD,11.1984257404942,NA,Deg C
01-MAR-2023 00:00,2023,3,11.15,NA,TatD,11.1983401567989,NA,Deg C
01-APR-2023 00:00,2023,4,11.12,NA,TatD,11.1982545731037,NA,Deg C
01-MAY-2023 00:00,2023,5,11.1,NA,TatD,11.1981689894084,NA,Deg C
01-JUN-2023 00:00,2023,6,11.1,NA,TatD,11.1980834057132,NA,Deg C
01-JUL-2023 00:00,2023,7,11.14,NA,TatD,11.1979978220179,NA,Deg C
01-AUG-2023 00:00,2023,8,11.14,NA,TatD,11.1979122383226,NA,Deg C
01-SEP-2023 00:00,2023,9,11.2,NA,TatD,11.1978266546274,NA,Deg C
01-OCT-2023 00:00,2023,10,11.22,NA,TatD,11.1977410709321,NA,Deg C
01-NOV-2023 00:00,2023,11,11.21,NA,TatD,11.1976554872369,NA,Deg C
01-DEC-2023 00:00,2023,12,11.23,NA,TatD,11.1975699035416,NA,Deg C
01-JAN-2024 00:00,2024,1,11.26,NA,TatD,11.1974843198464,NA,Deg C
01-FEB-2024 00:00,2024,2,11.3,NA,TatD,11.1973987361511,NA,Deg C
01-MAR-2024 00:00,2024,3,11.33,NA,TatD,11.1973131524558,NA,Deg C
01-APR-2024 00:00,2024,4,11.32,NA,TatD,11.1972275687606,NA,Deg C
01-MAY-2024 00:00,2024,5,11.32,NA,TatD,11.1971419850653,NA,Deg C
01-JUN-2024 00:00,2024,6,11.33,NA,TatD,11.1970564013701,NA,Deg C
01-JUL-2024 00:00,2024,7,11.33,NA,TatD,11.1969708176748,NA,Deg C
01-AUG-2024 00:00,2024,8,11.38,NA,TatD,11.1968852339796,NA,Deg C
01-SEP-2024 00:00,2024,9,11.4,NA,TatD,11.1967996502843,NA,Deg C
01-OCT-2024 00:00,2024,10,11.37,NA,TatD,11.1967140665891,NA,Deg C
01-NOV-2024 00:00,2024,11,11.35,NA,TatD,11.1966284828938,NA,Deg C
01-DEC-2024 00:00,2024,12,11.37,NA,TatD,11.1965428991985,NA,Deg C
01-JAN-2025 00:00,2025,1,11.48,NA,TatD,11.1964573155033,NA,Deg C
01-FEB-2025 00:00,2025,2,11.48,NA,TatD,11.196371731808,NA,Deg C
01-MAR-2025 00:00,2025,3,11.46,NA,TatD,11.1962861481128,NA,Deg C
01-APR-2025 00:00,2025,4,11.45,NA,TatD,11.1962005644175,NA,Deg C
01-MAY-2025 00:00,2025,5,11.48,NA,TatD,11.1961149807223,NA,Deg C
01-JUN-2025 00:00,2025,6,11.4,NA,TatD,11.196029397027,NA,Deg C
01-JUL-2025 00:00,2025,7,11.36,NA,TatD,11.1959438133317,NA,Deg C
01-AUG-2025 00:00,2025,8,11.38,NA,TatD,11.1958582296365,NA,Deg C
01-SEP-2025 00:00,2025,9,11.4,NA,TatD,11.1957726459412,NA,Deg C
01-OCT-2025 00:00,2025,10,11.41,NA,TatD,11.195687062246,NA,Deg C
01-NOV-2025 00:00,2025,11,11.34,NA,TatD,11.1956014785507,NA,Deg C
01-DEC-2025 00:00,2025,12,11.32,NA,TatD,11.1955158948555,NA,Deg C
31-JAN-1985 12:00,1985,1,18.36,-0.446341463414633,SST,20.0267290852424,-0.477824172562216,Deg C
28-FEB-1985 12:00,1985,2,17.89,-0.346341463414635,SST,20.0289077258964,-0.475877841920411,Deg C
31-MAR-1985 12:00,1985,3,17.79,-0.317073170731707,SST,20.0310863665506,-0.47393151127861,Deg C
30-APR-1985 12:00,1985,4,17.95,-0.451707317073172,SST,20.0332650072048,-0.471985180636809,Deg C
31-MAY-1985 12:00,1985,5,18.85,-0.411951219512193,SST,20.0354436478591,-0.470038849995007,Deg C
30-JUN-1985 12:00,1985,6,20.23,-0.396829268292681,SST,20.0376222885133,-0.468092519353206,Deg C
31-JUL-1985 12:00,1985,7,21.85,-0.377804878048778,SST,20.0398009291675,-0.466146188711405,Deg C
31-AUG-1985 12:00,1985,8,22.95,-0.518048780487806,SST,20.0419795698217,-0.464199858069604,Deg C
30-SEP-1985 12:00,1985,9,23.24,-0.425853658536589,SST,20.0441582104759,-0.462253527427802,Deg C
31-OCT-1985 12:00,1985,10,22.57,-0.184146341463414,SST,20.0463368511302,-0.460307196786001,Deg C
30-NOV-1985 12:00,1985,11,21.21,-0.098780487804877,SST,20.0485154917844,-0.4583608661442,Deg C
31-DEC-1985 12:00,1985,12,19.65,-0.224146341463417,SST,20.0506941324386,-0.456414535502398,Deg C
31-JAN-1986 12:00,1986,1,18.69,-0.116341463414631,SST,20.0528727730928,-0.454468204860597,Deg C
28-FEB-1986 12:00,1986,2,18.16,-0.0763414634146358,SST,20.0550514137471,-0.452521874218796,Deg C
31-MAR-1986 12:00,1986,3,18.06,-0.0470731707317071,SST,20.0572300544013,-0.450575543576995,Deg C
30-APR-1986 12:00,1986,4,18.43,0.0282926829268284,SST,20.0594086950555,-0.448629212935193,Deg C
31-MAY-1986 12:00,1986,5,19.18,-0.0819512195121952,SST,20.0615873357097,-0.446682882293392,Deg C
30-JUN-1986 12:00,1986,6,20.39,-0.236829268292681,SST,20.0637659763639,-0.444736551651591,Deg C
31-JUL-1986 12:00,1986,7,21.8,-0.427804878048779,SST,20.0659446170182,-0.442790221009789,Deg C
31-AUG-1986 12:00,1986,8,23.17,-0.298048780487804,SST,20.0681232576724,-0.440843890367988,Deg C
30-SEP-1986 12:00,1986,9,23.44,-0.225853658536586,SST,20.0703018983266,-0.438897559726187,Deg C
31-OCT-1986 12:00,1986,10,22.63,-0.124146341463415,SST,20.0724805389808,-0.436951229084386,Deg C
30-NOV-1986 12:00,1986,11,21.1,-0.208780487804876,SST,20.0746591796351,-0.435004898442584,Deg C
31-DEC-1986 12:00,1986,12,19.72,-0.154146341463417,SST,20.0768378202893,-0.433058567800783,Deg C
31-JAN-1987 12:00,1987,1,18.53,-0.276341463414632,SST,20.0790164609435,-0.431112237158982,Deg C
28-FEB-1987 12:00,1987,2,17.78,-0.456341463414635,SST,20.0811951015977,-0.429165906517181,Deg C
31-MAR-1987 12:00,1987,3,17.61,-0.497073170731706,SST,20.0833737422519,-0.427219575875379,Deg C
30-APR-1987 12:00,1987,4,17.89,-0.511707317073171,SST,20.0855523829062,-0.425273245233578,Deg C
31-MAY-1987 12:00,1987,5,18.61,-0.651951219512195,SST,20.0877310235604,-0.423326914591777,Deg C
30-JUN-1987 12:00,1987,6,19.71,-0.91682926829268,SST,20.0899096642146,-0.421380583949976,Deg C
31-JUL-1987 12:00,1987,7,21.29,-0.93780487804878,SST,20.0920883048688,-0.419434253308174,Deg C
31-AUG-1987 12:00,1987,8,22.72,-0.748048780487807,SST,20.094266945523,-0.417487922666373,Deg C
30-SEP-1987 12:00,1987,9,23.01,-0.655853658536586,SST,20.0964455861773,-0.415541592024572,Deg C
31-OCT-1987 12:00,1987,10,22.02,-0.734146341463415,SST,20.0986242268315,-0.41359526138277,Deg C
30-NOV-1987 12:00,1987,11,20.89,-0.418780487804877,SST,20.1008028674857,-0.411648930740969,Deg C
31-DEC-1987 12:00,1987,12,19.17,-0.704146341463414,SST,20.1029815081399,-0.409702600099168,Deg C
31-JAN-1988 12:00,1988,1,18.22,-0.586341463414634,SST,20.1051601487942,-0.407756269457366,Deg C
29-FEB-1988 12:00,1988,2,17.87,-0.366341463414635,SST,20.1073387894484,-0.405809938815565,Deg C
31-MAR-1988 12:00,1988,3,17.74,-0.367073170731707,SST,20.1095174301026,-0.403863608173764,Deg C
30-APR-1988 12:00,1988,4,18.13,-0.27170731707317203,SST,20.1116960707568,-0.401917277531963,Deg C
31-MAY-1988 12:00,1988,5,18.95,-0.311951219512196,SST,20.113874711411,-0.399970946890161,Deg C
30-JUN-1988 12:00,1988,6,20.41,-0.216829268292681,SST,20.1160533520653,-0.39802461624836,Deg C
31-JUL-1988 12:00,1988,7,21.98,-0.247804878048779,SST,20.1182319927195,-0.396078285606559,Deg C
31-AUG-1988 12:00,1988,8,23.22,-0.248048780487807,SST,20.1204106333737,-0.394131954964758,Deg C
30-SEP-1988 12:00,1988,9,23.34,-0.325853658536587,SST,20.1225892740279,-0.392185624322956,Deg C
31-OCT-1988 12:00,1988,10,22.51,-0.244146341463413,SST,20.1247679146822,-0.390239293681155,Deg C
30-NOV-1988 12:00,1988,11,21.23,-0.0787804878048775,SST,20.1269465553364,-0.388292963039354,Deg C
31-DEC-1988 12:00,1988,12,19.95,0.0758536585365839,SST,20.1291251959906,-0.386346632397553,Deg C
31-JAN-1989 12:00,1989,1,18.9,0.0936585365853659,SST,20.1313038366448,-0.384400301755751,Deg C
28-FEB-1989 12:00,1989,2,18.23,-0.00634146341463548,SST,20.133482477299,-0.38245397111395,Deg C
31-MAR-1989 12:00,1989,3,18.22,0.112926829268293,SST,20.1356611179533,-0.380507640472149,Deg C
30-APR-1989 12:00,1989,4,18.65,0.248292682926827,SST,20.1378397586075,-0.378561309830348,Deg C
31-MAY-1989 12:00,1989,5,19.46,0.198048780487806,SST,20.1400183992617,-0.376614979188546,Deg C
30-JUN-1989 12:00,1989,6,20.49,-0.136829268292683,SST,20.1421970399159,-0.374668648546745,Deg C
31-JUL-1989 12:00,1989,7,21.85,-0.377804878048778,SST,20.1443756805702,-0.372722317904944,Deg C
31-AUG-1989 12:00,1989,8,22.96,-0.508048780487805,SST,20.1465543212244,-0.370775987263142,Deg C
30-SEP-1989 12:00,1989,9,23.21,-0.455853658536586,SST,20.1487329618786,-0.368829656621341,Deg C
31-OCT-1989 12:00,1989,10,22.39,-0.364146341463414,SST,20.1509116025328,-0.36688332597954,Deg C
30-NOV-1989 12:00,1989,11,21.19,-0.118780487804877,SST,20.153090243187,-0.364936995337738,Deg C
31-DEC-1989 12:00,1989,12,19.89,0.0158536585365852,SST,20.1552688838413,-0.362990664695937,Deg C
31-JAN-1990 12:00,1990,1,18.86,0.0536585365853668,SST,20.1574475244955,-0.361044334054136,Deg C
28-FEB-1990 12:00,1990,2,18.07,-0.166341463414636,SST,20.1596261651497,-0.359098003412335,Deg C
31-MAR-1990 12:00,1990,3,17.98,-0.127073170731705,SST,20.1618048058039,-0.357151672770533,Deg C
30-APR-1990 12:00,1990,4,18.4,-0.00170731707317273,SST,20.1639834464582,-0.355205342128732,Deg C
31-MAY-1990 12:00,1990,5,19.18,-0.0819512195121952,SST,20.1661620871124,-0.353259011486931,Deg C
30-JUN-1990 12:00,1990,6,20.42,-0.20682926829268,SST,20.1683407277666,-0.35131268084513,Deg C
31-JUL-1990 12:00,1990,7,22.09,-0.13780487804878,SST,20.1705193684208,-0.349366350203328,Deg C
31-AUG-1990 12:00,1990,8,23.38,-0.0880487804878065,SST,20.172698009075,-0.347420019561527,Deg C
30-SEP-1990 12:00,1990,9,23.6,-0.0658536585365859,SST,20.1748766497293,-0.345473688919726,Deg C
31-OCT-1990 12:00,1990,10,22.96,0.205853658536586,SST,20.1770552903835,-0.343527358277924,Deg C
30-NOV-1990 12:00,1990,11,21.45,0.141219512195121,SST,20.1792339310377,-0.341581027636123,Deg C
31-DEC-1990 12:00,1990,12,19.96,0.0858536585365854,SST,20.1814125716919,-0.339634696994322,Deg C
31-JAN-1991 12:00,1991,1,19,0.193658536585367,SST,20.1835912123462,-0.337688366352521,Deg C
28-FEB-1991 12:00,1991,2,18.41,0.173658536585364,SST,20.1857698530004,-0.33574203571072,Deg C
31-MAR-1991 12:00,1991,3,18.16,0.0529268292682943,SST,20.1879484936546,-0.333795705068918,Deg C
30-APR-1991 12:00,1991,4,18.43,0.0282926829268284,SST,20.1901271343088,-0.331849374427117,Deg C
31-MAY-1991 12:00,1991,5,19.31,0.0480487804878038,SST,20.192305774963,-0.329903043785316,Deg C
30-JUN-1991 12:00,1991,6,20.53,-0.0968292682926801,SST,20.1944844156173,-0.327956713143514,Deg C
31-JUL-1991 12:00,1991,7,22.27,0.0421951219512202,SST,20.1966630562715,-0.326010382501713,Deg C
31-AUG-1991 12:00,1991,8,23.34,-0.128048780487806,SST,20.1988416969257,-0.324064051859912,Deg C
30-SEP-1991 12:00,1991,9,23.4,-0.265853658536589,SST,20.2010203375799,-0.322117721218111,Deg C
31-OCT-1991 12:00,1991,10,22.62,-0.134146341463413,SST,20.2031989782341,-0.320171390576309,Deg C
30-NOV-1991 12:00,1991,11,21.21,-0.098780487804877,SST,20.2053776188884,-0.318225059934508,Deg C
31-DEC-1991 12:00,1991,12,19.66,-0.214146341463415,SST,20.2075562595426,-0.316278729292707,Deg C
31-JAN-1992 12:00,1992,1,18.34,-0.466341463414633,SST,20.2097349001968,-0.314332398650905,Deg C
29-FEB-1992 12:00,1992,2,17.76,-0.476341463414634,SST,20.211913540851,-0.312386068009104,Deg C
31-MAR-1992 12:00,1992,3,17.9,-0.207073170731707,SST,20.2140921815053,-0.310439737367303,Deg C
30-APR-1992 12:00,1992,4,18.18,-0.221707317073172,SST,20.2162708221595,-0.308493406725502,Deg C
31-MAY-1992 12:00,1992,5,19.14,-0.121951219512194,SST,20.2184494628137,-0.3065470760837,Deg C
30-JUN-1992 12:00,1992,6,20.61,-0.0168292682926818,SST,20.2206281034679,-0.304600745441899,Deg C
31-JUL-1992 12:00,1992,7,22.14,-0.0878048780487788,SST,20.2228067441221,-0.302654414800098,Deg C
31-AUG-1992 12:00,1992,8,23.36,-0.108048780487806,SST,20.2249853847764,-0.300708084158297,Deg C
30-SEP-1992 12:00,1992,9,23.65,-0.0158536585365887,SST,20.2271640254306,-0.298761753516495,Deg C
31-OCT-1992 12:00,1992,10,22.64,-0.114146341463414,SST,20.2293426660848,-0.296815422874694,Deg C
30-NOV-1992 12:00,1992,11,21.14,-0.168780487804877,SST,20.231521306739,-0.294869092232893,Deg C
31-DEC-1992 12:00,1992,12,19.74,-0.134146341463417,SST,20.2336999473933,-0.292922761591091,Deg C
31-JAN-1993 12:00,1993,1,18.76,-0.0463414634146311,SST,20.2358785880475,-0.29097643094929,Deg C
28-FEB-1993 12:00,1993,2,18.13,-0.106341463414637,SST,20.2380572287017,-0.289030100307489,Deg C
31-MAR-1993 12:00,1993,3,17.97,-0.137073170731707,SST,20.2402358693559,-0.287083769665688,Deg C
30-APR-1993 12:00,1993,4,18.35,-0.0517073170731699,SST,20.2424145100101,-0.285137439023886,Deg C
31-MAY-1993 12:00,1993,5,18.99,-0.271951219512196,SST,20.2445931506644,-0.283191108382085,Deg C
30-JUN-1993 12:00,1993,6,20.31,-0.316829268292683,SST,20.2467717913186,-0.281244777740284,Deg C
31-JUL-1993 12:00,1993,7,21.89,-0.337804878048779,SST,20.2489504319728,-0.279298447098483,Deg C
31-AUG-1993 12:00,1993,8,22.77,-0.698048780487806,SST,20.251129072627,-0.277352116456681,Deg C
30-SEP-1993 12:00,1993,9,23.05,-0.615853658536587,SST,20.2533077132813,-0.27540578581488,Deg C
31-OCT-1993 12:00,1993,10,22.44,-0.314146341463413,SST,20.2554863539355,-0.273459455173079,Deg C
30-NOV-1993 12:00,1993,11,20.97,-0.338780487804879,SST,20.2576649945897,-0.271513124531277,Deg C
31-DEC-1993 12:00,1993,12,19.53,-0.344146341463414,SST,20.2598436352439,-0.269566793889476,Deg C
31-JAN-1994 12:00,1994,1,18.56,-0.246341463414634,SST,20.2620222758981,-0.267620463247675,Deg C
28-FEB-1994 12:00,1994,2,18.06,-0.176341463414637,SST,20.2642009165524,-0.265674132605874,Deg C
31-MAR-1994 12:00,1994,3,18.1,-0.00707317073170444,SST,20.2663795572066,-0.263727801964072,Deg C
30-APR-1994 12:00,1994,4,18.3,-0.101707317073171,SST,20.2685581978608,-0.261781471322271,Deg C
31-MAY-1994 12:00,1994,5,19.05,-0.211951219512194,SST,20.270736838515,-0.25983514068047,Deg C
30-JUN-1994 12:00,1994,6,20.33,-0.296829268292683,SST,20.2729154791692,-0.257888810038669,Deg C
31-JUL-1994 12:00,1994,7,22.01,-0.217804878048778,SST,20.2750941198235,-0.255942479396867,Deg C
31-AUG-1994 12:00,1994,8,23.38,-0.0880487804878065,SST,20.2772727604777,-0.253996148755066,Deg C
30-SEP-1994 12:00,1994,9,23.62,-0.0458536585365863,SST,20.2794514011319,-0.252049818113265,Deg C
31-OCT-1994 12:00,1994,10,22.86,0.105853658536585,SST,20.2816300417861,-0.250103487471463,Deg C
30-NOV-1994 12:00,1994,11,21.22,-0.088780487804879,SST,20.2838086824404,-0.248157156829662,Deg C
31-DEC-1994 12:00,1994,12,19.87,-0.00414634146341442,SST,20.2859873230946,-0.246210826187861,Deg C
31-JAN-1995 12:00,1995,1,18.64,-0.166341463414632,SST,20.2881659637488,-0.24426449554606,Deg C
28-FEB-1995 12:00,1995,2,18.07,-0.166341463414636,SST,20.290344604403,-0.242318164904258,Deg C
31-MAR-1995 12:00,1995,3,18.1,-0.00707317073170444,SST,20.2925232450572,-0.240371834262457,Deg C
30-APR-1995 12:00,1995,4,18.16,-0.241707317073171,SST,20.2947018857115,-0.238425503620656,Deg C
31-MAY-1995 12:00,1995,5,18.79,-0.471951219512196,SST,20.2968805263657,-0.236479172978855,Deg C
30-JUN-1995 12:00,1995,6,20.02,-0.606829268292682,SST,20.2990591670199,-0.234532842337053,Deg C
31-JUL-1995 12:00,1995,7,21.86,-0.36780487804878,SST,20.3012378076741,-0.232586511695252,Deg C
31-AUG-1995 12:00,1995,8,23.02,-0.448048780487806,SST,20.3034164483284,-0.230640181053451,Deg C
30-SEP-1995 12:00,1995,9,23.14,-0.525853658536587,SST,20.3055950889826,-0.228693850411649,Deg C
31-OCT-1995 12:00,1995,10,22.39,-0.364146341463414,SST,20.3077737296368,-0.226747519769848,Deg C
30-NOV-1995 12:00,1995,11,21.12,-0.188780487804877,SST,20.309952370291,-0.224801189128047,Deg C
31-DEC-1995 12:00,1995,12,20.02,0.145853658536584,SST,20.3121310109452,-0.222854858486246,Deg C
31-JAN-1996 12:00,1996,1,18.94,0.133658536585369,SST,20.3143096515995,-0.220908527844444,Deg C
29-FEB-1996 12:00,1996,2,18.27,0.0336585365853637,SST,20.3164882922537,-0.218962197202643,Deg C
31-MAR-1996 12:00,1996,3,18.09,-0.017073170731706,SST,20.3186669329079,-0.217015866560842,Deg C
30-APR-1996 12:00,1996,4,18.54,0.138292682926828,SST,20.3208455735621,-0.215069535919041,Deg C
31-MAY-1996 12:00,1996,5,19.4,0.138048780487804,SST,20.3230242142164,-0.213123205277239,Deg C
30-JUN-1996 12:00,1996,6,20.77,0.143170731707318,SST,20.3252028548706,-0.211176874635438,Deg C
31-JUL-1996 12:00,1996,7,22.28,0.0521951219512218,SST,20.3273814955248,-0.209230543993637,Deg C
31-AUG-1996 12:00,1996,8,23.4,-0.0680487804878069,SST,20.329560136179,-0.207284213351835,Deg C
30-SEP-1996 12:00,1996,9,23.48,-0.185853658536587,SST,20.3317387768332,-0.205337882710034,Deg C
31-OCT-1996 12:00,1996,10,22.56,-0.194146341463416,SST,20.3339174174875,-0.203391552068233,Deg C
30-NOV-1996 12:00,1996,11,20.87,-0.438780487804877,SST,20.3360960581417,-0.201445221426432,Deg C
31-DEC-1996 12:00,1996,12,19.46,-0.414146341463415,SST,20.3382746987959,-0.19949889078463,Deg C
31-JAN-1997 12:00,1997,1,18.4,-0.406341463414634,SST,20.3404533394501,-0.197552560142829,Deg C
28-FEB-1997 12:00,1997,2,18.08,-0.156341463414638,SST,20.3426319801044,-0.195606229501028,Deg C
31-MAR-1997 12:00,1997,3,18.01,-0.0970731707317043,SST,20.3448106207586,-0.193659898859226,Deg C
30-APR-1997 12:00,1997,4,18.24,-0.161707317073173,SST,20.3469892614128,-0.191713568217425,Deg C
31-MAY-1997 12:00,1997,5,19.14,-0.121951219512194,SST,20.349167902067,-0.189767237575624,Deg C
30-JUN-1997 12:00,1997,6,20.56,-0.0668292682926825,SST,20.3513465427212,-0.187820906933823,Deg C
31-JUL-1997 12:00,1997,7,22.17,-0.0578048780487777,SST,20.3535251833755,-0.185874576292021,Deg C
31-AUG-1997 12:00,1997,8,23.44,-0.0280487804878042,SST,20.3557038240297,-0.18392824565022,Deg C
30-SEP-1997 12:00,1997,9,23.67,0.00414634146341442,SST,20.3578824646839,-0.181981915008419,Deg C
31-OCT-1997 12:00,1997,10,22.42,-0.334146341463413,SST,20.3600611053381,-0.180035584366618,Deg C
30-NOV-1997 12:00,1997,11,20.96,-0.348780487804877,SST,20.3622397459924,-0.178089253724816,Deg C
31-DEC-1997 12:00,1997,12,19.28,-0.594146341463414,SST,20.3644183866466,-0.176142923083015,Deg C
31-JAN-1998 12:00,1998,1,18.3,-0.506341463414632,SST,20.3665970273008,-0.174196592441214,Deg C
28-FEB-1998 12:00,1998,2,17.57,-0.666341463414636,SST,20.368775667955,-0.172250261799413,Deg C
31-MAR-1998 12:00,1998,3,17.68,-0.427073170731706,SST,20.3709543086092,-0.170303931157611,Deg C
30-APR-1998 12:00,1998,4,17.83,-0.571707317073173,SST,20.3731329492635,-0.16835760051581,Deg C
31-MAY-1998 12:00,1998,5,18.61,-0.651951219512195,SST,20.3753115899177,-0.166411269874009,Deg C
30-JUN-1998 12:00,1998,6,20.07,-0.556829268292681,SST,20.3774902305719,-0.164464939232207,Deg C
31-JUL-1998 12:00,1998,7,21.57,-0.657804878048779,SST,20.3796688712261,-0.162518608590406,Deg C
31-AUG-1998 12:00,1998,8,22.76,-0.708048780487804,SST,20.3818475118803,-0.160572277948605,Deg C
30-SEP-1998 12:00,1998,9,22.99,-0.675853658536589,SST,20.3840261525346,-0.158625947306804,Deg C
31-OCT-1998 12:00,1998,10,22.29,-0.464146341463415,SST,20.3862047931888,-0.156679616665002,Deg C
30-NOV-1998 12:00,1998,11,20.82,-0.488780487804878,SST,20.388383433843,-0.154733286023201,Deg C
31-DEC-1998 12:00,1998,12,19.18,-0.694146341463416,SST,20.3905620744972,-0.1527869553814,Deg C
31-JAN-1999 12:00,1999,1,18.44,-0.366341463414631,SST,20.3927407151515,-0.150840624739598,Deg C
28-FEB-1999 12:00,1999,2,17.84,-0.396341463414636,SST,20.3949193558057,-0.148894294097797,Deg C
31-MAR-1999 12:00,1999,3,17.59,-0.517073170731706,SST,20.3970979964599,-0.146947963455996,Deg C
30-APR-1999 12:00,1999,4,17.84,-0.561707317073171,SST,20.3992766371141,-0.145001632814195,Deg C
31-MAY-1999 12:00,1999,5,18.79,-0.471951219512196,SST,20.4014552777683,-0.143055302172393,Deg C
30-JUN-1999 12:00,1999,6,20.03,-0.59682926829268,SST,20.4036339184226,-0.141108971530592,Deg C
31-JUL-1999 12:00,1999,7,21.37,-0.857804878048778,SST,20.4058125590768,-0.139162640888791,Deg C
31-AUG-1999 12:00,1999,8,22.78,-0.688048780487804,SST,20.407991199731,-0.13721631024699,Deg C
30-SEP-1999 12:00,1999,9,22.82,-0.845853658536587,SST,20.4101698403852,-0.135269979605188,Deg C
31-OCT-1999 12:00,1999,10,22.16,-0.594146341463414,SST,20.4123484810395,-0.133323648963387,Deg C
30-NOV-1999 12:00,1999,11,20.8,-0.508780487804877,SST,20.4145271216937,-0.131377318321586,Deg C
31-DEC-1999 12:00,1999,12,19.48,-0.394146341463415,SST,20.4167057623479,-0.129430987679785,Deg C
31-JAN-2000 12:00,2000,1,18.59,-0.216341463414633,SST,20.4188844030021,-0.127484657037983,Deg C
29-FEB-2000 12:00,2000,2,18.1,-0.136341463414634,SST,20.4210630436563,-0.125538326396182,Deg C
31-MAR-2000 12:00,2000,3,17.93,-0.177073170731706,SST,20.4232416843106,-0.123591995754381,Deg C
30-APR-2000 12:00,2000,4,18.14,-0.261707317073171,SST,20.4254203249648,-0.121645665112579,Deg C
31-MAY-2000 12:00,2000,5,19.06,-0.201951219512196,SST,20.427598965619,-0.119699334470778,Deg C
30-JUN-2000 12:00,2000,6,20.4,-0.226829268292683,SST,20.4297776062732,-0.117753003828977,Deg C
31-JUL-2000 12:00,2000,7,21.99,-0.237804878048781,SST,20.4319562469275,-0.115806673187176,Deg C
31-AUG-2000 12:00,2000,8,23.22,-0.248048780487807,SST,20.4341348875817,-0.113860342545374,Deg C
30-SEP-2000 12:00,2000,9,23.36,-0.305853658536588,SST,20.4363135282359,-0.111914011903573,Deg C
31-OCT-2000 12:00,2000,10,22.44,-0.314146341463413,SST,20.4384921688901,-0.109967681261772,Deg C
30-NOV-2000 12:00,2000,11,20.97,-0.338780487804879,SST,20.4406708095443,-0.10802135061997,Deg C
31-DEC-2000 12:00,2000,12,19.57,-0.304146341463415,SST,20.4428494501986,-0.106075019978169,Deg C
31-JAN-2001 12:00,2001,1,18.6,-0.206341463414631,SST,20.4450280908528,-0.104128689336368,Deg C
28-FEB-2001 12:00,2001,2,17.83,-0.406341463414638,SST,20.447206731507,-0.102182358694567,Deg C
31-MAR-2001 12:00,2001,3,17.71,-0.397073170731705,SST,20.4493853721612,-0.100236028052765,Deg C
30-APR-2001 12:00,2001,4,17.93,-0.471707317073172,SST,20.4515640128154,-0.0982896974109642,Deg C
31-MAY-2001 12:00,2001,5,18.92,-0.341951219512193,SST,20.4537426534697,-0.0963433667691629,Deg C
30-JUN-2001 12:00,2001,6,20.52,-0.106829268292682,SST,20.4559212941239,-0.0943970361273616,Deg C
31-JUL-2001 12:00,2001,7,22.11,-0.11780487804878,SST,20.4580999347781,-0.0924507054855603,Deg C
31-AUG-2001 12:00,2001,8,23.26,-0.208048780487804,SST,20.4602785754323,-0.0905043748437591,Deg C
30-SEP-2001 12:00,2001,9,23.53,-0.13585365853658601,SST,20.4624572160866,-0.0885580442019578,Deg C
31-OCT-2001 12:00,2001,10,22.55,-0.204146341463414,SST,20.4646358567408,-0.0866117135601565,Deg C
30-NOV-2001 12:00,2001,11,21.13,-0.178780487804879,SST,20.466814497395,-0.0846653829183553,Deg C
31-DEC-2001 12:00,2001,12,19.6,-0.274146341463414,SST,20.4689931380492,-0.082719052276554,Deg C
31-JAN-2002 12:00,2002,1,18.39,-0.416341463414632,SST,20.4711717787034,-0.0807727216347527,Deg C
28-FEB-2002 12:00,2002,2,17.85,-0.386341463414634,SST,20.4733504193577,-0.0788263909929514,Deg C
31-MAR-2002 12:00,2002,3,17.66,-0.447073170731706,SST,20.4755290600119,-0.0768800603511501,Deg C
30-APR-2002 12:00,2002,4,18.03,-0.37170731707317,SST,20.4777077006661,-0.0749337297093489,Deg C
31-MAY-2002 12:00,2002,5,19.03,-0.231951219512194,SST,20.4798863413203,-0.0729873990675476,Deg C
30-JUN-2002 12:00,2002,6,20.46,-0.16682926829268,SST,20.4820649819746,-0.0710410684257463,Deg C
31-JUL-2002 12:00,2002,7,21.91,-0.317804878048779,SST,20.4842436226288,-0.0690947377839451,Deg C
31-AUG-2002 12:00,2002,8,23.34,-0.128048780487806,SST,20.486422263283,-0.0671484071421438,Deg C
30-SEP-2002 12:00,2002,9,23.39,-0.275853658536587,SST,20.4886009039372,-0.0652020765003425,Deg C
31-OCT-2002 12:00,2002,10,22.39,-0.364146341463414,SST,20.4907795445914,-0.0632557458585413,Deg C
30-NOV-2002 12:00,2002,11,20.86,-0.448780487804878,SST,20.4929581852457,-0.06130941521674,Deg C
31-DEC-2002 12:00,2002,12,19.37,-0.504146341463414,SST,20.4951368258999,-0.0593630845749387,Deg C
31-JAN-2003 12:00,2003,1,18.23,-0.576341463414632,SST,20.4973154665541,-0.0574167539331375,Deg C
28-FEB-2003 12:00,2003,2,17.85,-0.386341463414634,SST,20.4994941072083,-0.0554704232913362,Deg C
31-MAR-2003 12:00,2003,3,17.93,-0.177073170731706,SST,20.5016727478626,-0.0535240926495349,Deg C
30-APR-2003 12:00,2003,4,18.25,-0.151707317073171,SST,20.5038513885168,-0.0515777620077336,Deg C
31-MAY-2003 12:00,2003,5,19.06,-0.201951219512196,SST,20.506030029171,-0.0496314313659323,Deg C
30-JUN-2003 12:00,2003,6,20.62,-0.00682926829268027,SST,20.5082086698252,-0.047685100724131,Deg C
31-JUL-2003 12:00,2003,7,22.1,-0.127804878048778,SST,20.5103873104794,-0.0457387700823298,Deg C
31-AUG-2003 12:00,2003,8,23.33,-0.138048780487807,SST,20.5125659511337,-0.0437924394405285,Deg C
30-SEP-2003 12:00,2003,9,23.71,0.0441463414634136,SST,20.5147445917879,-0.0418461087987272,Deg C
31-OCT-2003 12:00,2003,10,22.64,-0.114146341463414,SST,20.5169232324421,-0.039899778156926,Deg C
30-NOV-2003 12:00,2003,11,21.09,-0.218780487804878,SST,20.5191018730963,-0.0379534475151247,Deg C
31-DEC-2003 12:00,2003,12,19.64,-0.234146341463415,SST,20.5212805137506,-0.0360071168733234,Deg C
31-JAN-2004 12:00,2004,1,18.75,-0.0563414634146326,SST,20.5234591544048,-0.0340607862315221,Deg C
29-FEB-2004 12:00,2004,2,18.3,0.0636585365853648,SST,20.525637795059,-0.0321144555897209,Deg C
31-MAR-2004 12:00,2004,3,18.04,-0.0670731707317067,SST,20.5278164357132,-0.0301681249479196,Deg C
30-APR-2004 12:00,2004,4,18.36,-0.0417073170731719,SST,20.5299950763674,-0.0282217943061183,Deg C
31-MAY-2004 12:00,2004,5,19.32,0.0580487804878054,SST,20.5321737170217,-0.026275463664317,Deg C
30-JUN-2004 12:00,2004,6,20.57,-0.056829268292681,SST,20.5343523576759,-0.0243291330225158,Deg C
31-JUL-2004 12:00,2004,7,22.45,0.22219512195122,SST,20.5365309983301,-0.0223828023807145,Deg C
31-AUG-2004 12:00,2004,8,23.87,0.401951219512195,SST,20.5387096389843,-0.0204364717389132,Deg C
30-SEP-2004 12:00,2004,9,24.19,0.524146341463414,SST,20.5408882796386,-0.018490141097112,Deg C
31-OCT-2004 12:00,2004,10,23.07,0.315853658536586,SST,20.5430669202928,-0.0165438104553107,Deg C
30-NOV-2004 12:00,2004,11,21.43,0.121219512195122,SST,20.545245560947,-0.0145974798135094,Deg C
31-DEC-2004 12:00,2004,12,19.89,0.0158536585365852,SST,20.5474242016012,-0.0126511491717081,Deg C
31-JAN-2005 12:00,2005,1,18.82,0.0136585365853676,SST,20.5496028422554,-0.0107048185299069,Deg C
28-FEB-2005 12:00,2005,2,18.32,0.0836585365853644,SST,20.5517814829097,-0.00875848788810558,Deg C
31-MAR-2005 12:00,2005,3,18.06,-0.0470731707317071,SST,20.5539601235639,-0.00681215724630432,Deg C
30-APR-2005 12:00,2005,4,18.34,-0.0617073170731715,SST,20.5561387642181,-0.00486582660450305,Deg C
31-MAY-2005 12:00,2005,5,19.52,0.258048780487805,SST,20.5583174048723,-0.0029194959627018,Deg C
30-JUN-2005 12:00,2005,6,20.83,0.203170731707317,SST,20.5604960455265,-9.7316532090049e-4,Deg C
31-JUL-2005 12:00,2005,7,22.38,0.15219512195122,SST,20.5626746861808,9.7316532090074e-4,Deg C
31-AUG-2005 12:00,2005,8,23.5,0.0319512195121945,SST,20.564853326835,0.00291949596270204,Deg C
30-SEP-2005 12:00,2005,9,23.71,0.0441463414634136,SST,20.5670319674892,0.00486582660450333,Deg C
31-OCT-2005 12:00,2005,10,22.75,-0.00414634146341442,SST,20.5692106081434,0.00681215724630459,Deg C
30-NOV-2005 12:00,2005,11,21.32,0.0112195121951224,SST,20.5713892487977,0.00875848788810586,Deg C
31-DEC-2005 12:00,2005,12,19.99,0.115853658536583,SST,20.5735678894519,0.0107048185299071,Deg C
31-JAN-2006 12:00,2006,1,18.84,0.0336585365853672,SST,20.575746530106102,0.0126511491717084,Deg C
28-FEB-2006 12:00,2006,2,18.26,0.0236585365853657,SST,20.5779251707603,0.0145974798135097,Deg C
31-MAR-2006 12:00,2006,3,18.08,-0.0270731707317076,SST,20.5801038114145,0.0165438104553109,Deg C
30-APR-2006 12:00,2006,4,18.48,0.0782926829268291,SST,20.5822824520688,0.0184901410971122,Deg C
31-MAY-2006 12:00,2006,5,19.16,-0.101951219512195,SST,20.584461092723,0.0204364717389135,Deg C
30-JUN-2006 12:00,2006,6,20.46,-0.16682926829268,SST,20.5866397333772,0.0223828023807148,Deg C
31-JUL-2006 12:00,2006,7,21.99,-0.237804878048781,SST,20.5888183740314,0.024329133022516,Deg C
31-AUG-2006 12:00,2006,8,23.28,-0.188048780487804,SST,20.5909970146857,0.0262754636643173,Deg C
30-SEP-2006 12:00,2006,9,23.39,-0.275853658536587,SST,20.5931756553399,0.0282217943061185,Deg C
31-OCT-2006 12:00,2006,10,22.54,-0.214146341463415,SST,20.5953542959941,0.0301681249479199,Deg C
30-NOV-2006 12:00,2006,11,21.17,-0.138780487804876,SST,20.5975329366483,0.0321144555897211,Deg C
31-DEC-2006 12:00,2006,12,19.63,-0.244146341463416,SST,20.5997115773025,0.0340607862315224,Deg C
31-JAN-2007 12:00,2007,1,18.47,-0.336341463414634,SST,20.6018902179568,0.0360071168733236,Deg C
28-FEB-2007 12:00,2007,2,17.9,-0.336341463414637,SST,20.604068858611,0.0379534475151249,Deg C
31-MAR-2007 12:00,2007,3,17.99,-0.117073170731707,SST,20.6062474992652,0.0398997781569262,Deg C
30-APR-2007 12:00,2007,4,18.24,-0.161707317073173,SST,20.6084261399194,0.0418461087987275,Deg C
31-MAY-2007 12:00,2007,5,18.99,-0.271951219512196,SST,20.6106047805737,0.0437924394405287,Deg C
30-JUN-2007 12:00,2007,6,20.36,-0.266829268292682,SST,20.6127834212279,0.04573877008233,Deg C
31-JUL-2007 12:00,2007,7,21.89,-0.337804878048779,SST,20.6149620618821,0.0476851007241313,Deg C
31-AUG-2007 12:00,2007,8,23.21,-0.258048780487805,SST,20.6171407025363,0.0496314313659326,Deg C
30-SEP-2007 12:00,2007,9,23.5,-0.165853658536587,SST,20.6193193431905,0.0515777620077338,Deg C
31-OCT-2007 12:00,2007,10,22.63,-0.124146341463415,SST,20.6214979838448,0.0535240926495352,Deg C
30-NOV-2007 12:00,2007,11,21.16,-0.148780487804878,SST,20.623676624499,0.0554704232913364,Deg C
31-DEC-2007 12:00,2007,12,19.69,-0.184146341463414,SST,20.6258552651532,0.0574167539331377,Deg C
31-JAN-2008 12:00,2008,1,18.67,-0.136341463414631,SST,20.6280339058074,0.059363084574939,Deg C
29-FEB-2008 12:00,2008,2,18.21,-0.0263414634146351,SST,20.6302125464616,0.0613094152167402,Deg C
31-MAR-2008 12:00,2008,3,18.1,-0.00707317073170444,SST,20.6323911871159,0.0632557458585415,Deg C
30-APR-2008 12:00,2008,4,18.35,-0.0517073170731699,SST,20.6345698277701,0.0652020765003428,Deg C
31-MAY-2008 12:00,2008,5,19.16,-0.101951219512195,SST,20.6367484684243,0.0671484071421441,Deg C
30-JUN-2008 12:00,2008,6,20.51,-0.11682926829268,SST,20.6389271090785,0.0690947377839453,Deg C
31-JUL-2008 12:00,2008,7,22.15,-0.0778048780487808,SST,20.6411057497328,0.0710410684257466,Deg C
31-AUG-2008 12:00,2008,8,23.22,-0.248048780487807,SST,20.643284390387,0.0729873990675478,Deg C
30-SEP-2008 12:00,2008,9,23.22,-0.445853658536588,SST,20.6454630310412,0.0749337297093492,Deg C
31-OCT-2008 12:00,2008,10,22.36,-0.394146341463415,SST,20.6476416716954,0.0768800603511504,Deg C
30-NOV-2008 12:00,2008,11,21.09,-0.218780487804878,SST,20.6498203123496,0.0788263909929516,Deg C
31-DEC-2008 12:00,2008,12,19.8,-0.0741463414634147,SST,20.6519989530039,0.0807727216347529,Deg C
31-JAN-2009 12:00,2009,1,18.89,0.0836585365853679,SST,20.6541775936581,0.0827190522765542,Deg C
28-FEB-2009 12:00,2009,2,18.25,0.0136585365853641,SST,20.6563562343123,0.0846653829183555,Deg C
31-MAR-2009 12:00,2009,3,18.06,-0.0470731707317071,SST,20.6585348749665,0.0866117135601568,Deg C
30-APR-2009 12:00,2009,4,18.44,0.03829268292683,SST,20.6607135156208,0.088558044201958,Deg C
31-MAY-2009 12:00,2009,5,19.39,0.128048780487806,SST,20.662892156275,0.0905043748437593,Deg C
30-JUN-2009 12:00,2009,6,21.08,0.453170731707317,SST,20.6650707969292,0.0924507054855606,Deg C
31-JUL-2009 12:00,2009,7,22.53,0.302195121951222,SST,20.6672494375834,0.0943970361273619,Deg C
31-AUG-2009 12:00,2009,8,23.64,0.171951219512195,SST,20.6694280782376,0.0963433667691631,Deg C
30-SEP-2009 12:00,2009,9,23.55,-0.115853658536587,SST,20.6716067188919,0.0982896974109644,Deg C
31-OCT-2009 12:00,2009,10,22.55,-0.204146341463414,SST,20.6737853595461,0.100236028052766,Deg C
30-NOV-2009 12:00,2009,11,21.02,-0.28878048780487803,SST,20.6759640002003,0.102182358694567,Deg C
31-DEC-2009 12:00,2009,12,19.61,-0.264146341463416,SST,20.6781426408545,0.104128689336368,Deg C
31-JAN-2010 12:00,2010,1,18.68,-0.126341463414633,SST,20.6803212815088,0.10607501997817,Deg C
28-FEB-2010 12:00,2010,2,18.01,-0.226341463414634,SST,20.682499922163,0.108021350619971,Deg C
31-MAR-2010 12:00,2010,3,17.73,-0.377073170731705,SST,20.6846785628172,0.109967681261772,Deg C
30-APR-2010 12:00,2010,4,17.98,-0.421707317073171,SST,20.6868572034714,0.111914011903573,Deg C
31-MAY-2010 12:00,2010,5,18.94,-0.321951219512194,SST,20.6890358441256,0.113860342545375,Deg C
30-JUN-2010 12:00,2010,6,20.24,-0.386829268292683,SST,20.6912144847799,0.115806673187176,Deg C
31-JUL-2010 12:00,2010,7,21.92,-0.307804878048778,SST,20.6933931254341,0.117753003828977,Deg C
31-AUG-2010 12:00,2010,8,23.09,-0.378048780487806,SST,20.6955717660883,0.119699334470778,Deg C
30-SEP-2010 12:00,2010,9,23.3,-0.365853658536587,SST,20.6977504067425,0.12164566511258,Deg C
31-OCT-2010 12:00,2010,10,22.22,-0.534146341463416,SST,20.6999290473968,0.123591995754381,Deg C
30-NOV-2010 12:00,2010,11,20.87,-0.438780487804877,SST,20.702107688051,0.125538326396182,Deg C
31-DEC-2010 12:00,2010,12,19.67,-0.204146341463414,SST,20.7042863287052,0.127484657037984,Deg C
31-JAN-2011 12:00,2011,1,18.79,-0.0163414634146335,SST,20.7064649693594,0.129430987679785,Deg C
28-FEB-2011 12:00,2011,2,18.24,0.00365853658536253,SST,20.7086436100136,0.131377318321586,Deg C
31-MAR-2011 12:00,2011,3,18.19,0.0829268292682954,SST,20.7108222506679,0.133323648963387,Deg C
30-APR-2011 12:00,2011,4,18.49,0.0882926829268271,SST,20.7130008913221,0.135269979605189,Deg C
31-MAY-2011 12:00,2011,5,19.43,0.168048780487805,SST,20.7151795319763,0.13721631024699,Deg C
30-JUN-2011 12:00,2011,6,20.59,-0.0368292682926814,SST,20.7173581726305,0.139162640888791,Deg C
31-JUL-2011 12:00,2011,7,22.23,0.00219512195122107,SST,20.7195368132848,0.141108971530592,Deg C
31-AUG-2011 12:00,2011,8,23.35,-0.118048780487804,SST,20.721715453939,0.143055302172394,Deg C
30-SEP-2011 12:00,2011,9,23.35,-0.315853658536586,SST,20.7238940945932,0.145001632814195,Deg C
31-OCT-2011 12:00,2011,10,22.43,-0.324146341463415,SST,20.7260727352474,0.146947963455996,Deg C
30-NOV-2011 12:00,2011,11,21.23,-0.0787804878048775,SST,20.7282513759016,0.148894294097798,Deg C
31-DEC-2011 12:00,2011,12,19.82,-0.0541463414634151,SST,20.7304300165559,0.150840624739599,Deg C
31-JAN-2012 12:00,2012,1,18.92,0.113658536585369,SST,20.7326086572101,0.1527869553814,Deg C
29-FEB-2012 12:00,2012,2,18.38,0.143658536585363,SST,20.7347872978643,0.154733286023201,Deg C
31-MAR-2012 12:00,2012,3,18.13,0.0229268292682931,SST,20.7369659385185,0.156679616665003,Deg C
30-APR-2012 12:00,2012,4,18.28,-0.12170731707317,SST,20.7391445791727,0.158625947306804,Deg C
31-MAY-2012 12:00,2012,5,19.23,-0.0319512195121945,SST,20.741323219827,0.160572277948605,Deg C
30-JUN-2012 12:00,2012,6,20.45,-0.176829268292682,SST,20.7435018604812,0.162518608590406,Deg C
31-JUL-2012 12:00,2012,7,21.87,-0.357804878048778,SST,20.7456805011354,0.164464939232208,Deg C
31-AUG-2012 12:00,2012,8,22.91,-0.558048780487805,SST,20.7478591417896,0.166411269874009,Deg C
30-SEP-2012 12:00,2012,9,23.08,-0.585853658536589,SST,20.7500377824439,0.16835760051581,Deg C
31-OCT-2012 12:00,2012,10,22.34,-0.414146341463415,SST,20.7522164230981,0.170303931157612,Deg C
30-NOV-2012 12:00,2012,11,21.13,-0.178780487804879,SST,20.7543950637523,0.172250261799413,Deg C
31-DEC-2012 12:00,2012,12,19.96,0.0858536585365854,SST,20.7565737044065,0.174196592441214,Deg C
31-JAN-2013 12:00,2013,1,18.73,-0.0763414634146322,SST,20.7587523450607,0.176142923083015,Deg C
28-FEB-2013 12:00,2013,2,18.16,-0.0763414634146358,SST,20.760930985715,0.178089253724817,Deg C
31-MAR-2013 12:00,2013,3,17.99,-0.117073170731707,SST,20.7631096263692,0.180035584366618,Deg C
30-APR-2013 12:00,2013,4,18.48,0.0782926829268291,SST,20.7652882670234,0.181981915008419,Deg C
31-MAY-2013 12:00,2013,5,19.59,0.328048780487805,SST,20.7674669076776,0.18392824565022,Deg C
30-JUN-2013 12:00,2013,6,20.85,0.22317073170732,SST,20.7696455483319,0.185874576292022,Deg C
31-JUL-2013 12:00,2013,7,22.52,0.29219512195122,SST,20.7718241889861,0.187820906933823,Deg C
31-AUG-2013 12:00,2013,8,23.71,0.241951219512195,SST,20.7740028296403,0.189767237575624,Deg C
30-SEP-2013 12:00,2013,9,23.98,0.314146341463413,SST,20.7761814702945,0.191713568217426,Deg C
31-OCT-2013 12:00,2013,10,22.82,0.0658536585365859,SST,20.7783601109487,0.193659898859227,Deg C
30-NOV-2013 12:00,2013,11,21.4,0.0912195121951207,SST,20.780538751603,0.195606229501028,Deg C
31-DEC-2013 12:00,2013,12,20.06,0.185853658536583,SST,20.7827173922572,0.197552560142829,Deg C
31-JAN-2014 12:00,2014,1,19.21,0.403658536585368,SST,20.7848960329114,0.199498890784631,Deg C
28-FEB-2014 12:00,2014,2,18.59,0.353658536585364,SST,20.7870746735656,0.201445221426432,Deg C
31-MAR-2014 12:00,2014,3,18.44,0.332926829268295,SST,20.7892533142199,0.203391552068233,Deg C
30-APR-2014 12:00,2014,4,18.68,0.278292682926828,SST,20.7914319548741,0.205337882710034,Deg C
31-MAY-2014 12:00,2014,5,19.59,0.328048780487805,SST,20.7936105955283,0.207284213351836,Deg C
30-JUN-2014 12:00,2014,6,21.07,0.443170731707319,SST,20.7957892361825,0.209230543993637,Deg C
31-JUL-2014 12:00,2014,7,22.73,0.502195121951221,SST,20.7979678768367,0.211176874635438,Deg C
31-AUG-2014 12:00,2014,8,24.09,0.621951219512194,SST,20.800146517491,0.21312320527724,Deg C
30-SEP-2014 12:00,2014,9,24.45,0.784146341463412,SST,20.8023251581452,0.215069535919041,Deg C
31-OCT-2014 12:00,2014,10,23.38,0.625853658536585,SST,20.8045037987994,0.217015866560842,Deg C
30-NOV-2014 12:00,2014,11,21.6,0.291219512195124,SST,20.8066824394536,0.218962197202643,Deg C
31-DEC-2014 12:00,2014,12,20.11,0.235853658536584,SST,20.8088610801078,0.220908527844445,Deg C
31-JAN-2015 12:00,2015,1,19.15,0.343658536585366,SST,20.8110397207621,0.222854858486246,Deg C
28-FEB-2015 12:00,2015,2,18.67,0.433658536585366,SST,20.8132183614163,0.224801189128047,Deg C
31-MAR-2015 12:00,2015,3,18.49,0.382926829268293,SST,20.8153970020705,0.226747519769848,Deg C
30-APR-2015 12:00,2015,4,18.79,0.388292682926828,SST,20.8175756427247,0.22869385041165,Deg C
31-MAY-2015 12:00,2015,5,19.62,0.358048780487806,SST,20.819754283379,0.230640181053451,Deg C
30-JUN-2015 12:00,2015,6,21.21,0.58317073170732,SST,20.8219329240332,0.232586511695252,Deg C
31-JUL-2015 12:00,2015,7,23.12,0.892195121951222,SST,20.8241115646874,0.234532842337054,Deg C
31-AUG-2015 12:00,2015,8,24.53,1.0619512195122,SST,20.8262902053416,0.236479172978855,Deg C
30-SEP-2015 12:00,2015,9,24.57,0.904146341463413,SST,20.8284688459958,0.238425503620656,Deg C
31-OCT-2015 12:00,2015,10,23.51,0.755853658536587,SST,20.8306474866501,0.240371834262457,Deg C
30-NOV-2015 12:00,2015,11,21.92,0.611219512195124,SST,20.8328261273043,0.242318164904259,Deg C
31-DEC-2015 12:00,2015,12,20.35,0.475853658536586,SST,20.8350047679585,0.24426449554606,Deg C
31-JAN-2016 12:00,2016,1,19.07,0.263658536585368,SST,20.8371834086127,0.246210826187861,Deg C
29-FEB-2016 12:00,2016,2,18.46,0.223658536585365,SST,20.839362049267,0.248157156829662,Deg C
31-MAR-2016 12:00,2016,3,18.21,0.102926829268295,SST,20.8415406899212,0.250103487471464,Deg C
30-APR-2016 12:00,2016,4,18.54,0.138292682926828,SST,20.8437193305754,0.252049818113265,Deg C
31-MAY-2016 12:00,2016,5,19.38,0.118048780487804,SST,20.8458979712296,0.253996148755066,Deg C
30-JUN-2016 12:00,2016,6,20.94,0.31317073170732,SST,20.8480766118838,0.255942479396868,Deg C
31-JUL-2016 12:00,2016,7,22.63,0.40219512195122,SST,20.8502552525381,0.257888810038669,Deg C
31-AUG-2016 12:00,2016,8,23.7,0.231951219512194,SST,20.8524338931923,0.25983514068047,Deg C
30-SEP-2016 12:00,2016,9,23.89,0.224146341463413,SST,20.8546125338465,0.261781471322271,Deg C
31-OCT-2016 12:00,2016,10,22.91,0.155853658536586,SST,20.8567911745007,0.263727801964073,Deg C
30-NOV-2016 12:00,2016,11,21.21,-0.098780487804877,SST,20.858969815155,0.265674132605874,Deg C
31-DEC-2016 12:00,2016,12,19.92,0.0458536585365863,SST,20.8611484558092,0.267620463247675,Deg C
31-JAN-2017 12:00,2017,1,19.04,0.233658536585367,SST,20.8633270964634,0.269566793889476,Deg C
28-FEB-2017 12:00,2017,2,18.44,0.203658536585365,SST,20.8655057371176,0.271513124531278,Deg C
31-MAR-2017 12:00,2017,3,18.47,0.362926829268293,SST,20.8676843777718,0.273459455173079,Deg C
30-APR-2017 12:00,2017,4,18.88,0.47829268292682797,SST,20.8698630184261,0.27540578581488,Deg C
31-MAY-2017 12:00,2017,5,19.42,0.158048780487807,SST,20.8720416590803,0.277352116456682,Deg C
30-JUN-2017 12:00,2017,6,20.77,0.143170731707318,SST,20.8742202997345,0.279298447098483,Deg C
31-JUL-2017 12:00,2017,7,22.51,0.282195121951222,SST,20.8763989403887,0.281244777740284,Deg C
31-AUG-2017 12:00,2017,8,23.72,0.251951219512193,SST,20.878577581043,0.283191108382085,Deg C
30-SEP-2017 12:00,2017,9,23.99,0.324146341463411,SST,20.8807562216972,0.285137439023887,Deg C
31-OCT-2017 12:00,2017,10,22.91,0.155853658536586,SST,20.8829348623514,0.287083769665688,Deg C
30-NOV-2017 12:00,2017,11,21.71,0.401219512195123,SST,20.8851135030056,0.289030100307489,Deg C
31-DEC-2017 12:00,2017,12,20.09,0.215853658536584,SST,20.8872921436598,0.29097643094929,Deg C
31-JAN-2018 12:00,2018,1,19.11,0.303658536585367,SST,20.8894707843141,0.292922761591092,Deg C
28-FEB-2018 12:00,2018,2,18.63,0.393658536585363,SST,20.8916494249683,0.294869092232893,Deg C
31-MAR-2018 12:00,2018,3,18.49,0.382926829268293,SST,20.8938280656225,0.296815422874694,Deg C
30-APR-2018 12:00,2018,4,18.75,0.348292682926829,SST,20.8960067062767,0.298761753516496,Deg C
31-MAY-2018 12:00,2018,5,19.34,0.078048780487805,SST,20.898185346931,0.300708084158297,Deg C
30-JUN-2018 12:00,2018,6,20.74,0.113170731707317,SST,20.9003639875852,0.302654414800098,Deg C
31-JUL-2018 12:00,2018,7,22.31,0.0821951219512194,SST,20.9025426282394,0.304600745441899,Deg C
31-AUG-2018 12:00,2018,8,23.45,-0.0180487804878062,SST,20.9047212688936,0.306547076083701,Deg C
30-SEP-2018 12:00,2018,9,23.72,0.0541463414634116,SST,20.9068999095478,0.308493406725502,Deg C
31-OCT-2018 12:00,2018,10,22.9,0.145853658536584,SST,20.9090785502021,0.310439737367303,Deg C
30-NOV-2018 12:00,2018,11,21.6,0.291219512195124,SST,20.9112571908563,0.312386068009104,Deg C
31-DEC-2018 12:00,2018,12,20.09,0.215853658536584,SST,20.9134358315105,0.314332398650906,Deg C
31-JAN-2019 12:00,2019,1,19.07,0.263658536585368,SST,20.9156144721647,0.316278729292707,Deg C
28-FEB-2019 12:00,2019,2,18.45,0.213658536585363,SST,20.917793112818998,0.318225059934508,Deg C
31-MAR-2019 12:00,2019,3,18.2,0.0929268292682934,SST,20.9199717534732,0.32017139057631,Deg C
30-APR-2019 12:00,2019,4,18.68,0.278292682926828,SST,20.9221503941274,0.322117721218111,Deg C
31-MAY-2019 12:00,2019,5,19.63,0.368048780487804,SST,20.9243290347816,0.324064051859912,Deg C
30-JUN-2019 12:00,2019,6,20.98,0.353170731707319,SST,20.9265076754358,0.326010382501713,Deg C
31-JUL-2019 12:00,2019,7,22.94,0.712195121951222,SST,20.9286863160901,0.327956713143515,Deg C
31-AUG-2019 12:00,2019,8,24.46,0.991951219512195,SST,20.9308649567443,0.329903043785316,Deg C
30-SEP-2019 12:00,2019,9,24.7,1.03414634146341,SST,20.9330435973985,0.331849374427117,Deg C
31-OCT-2019 12:00,2019,10,23.61,0.855853658536585,SST,20.9352222380527,0.333795705068918,Deg C
30-NOV-2019 12:00,2019,11,22,0.691219512195122,SST,20.9374008787069,0.33574203571072,Deg C
31-DEC-2019 12:00,2019,12,20.28,0.405853658536586,SST,20.9395795193612,0.337688366352521,Deg C
31-JAN-2020 12:00,2020,1,19.11,0.303658536585367,SST,20.9417581600154,0.339634696994322,Deg C
29-FEB-2020 12:00,2020,2,18.5,0.263658536585364,SST,20.9439368006696,0.341581027636124,Deg C
31-MAR-2020 12:00,2020,3,18.36,0.252926829268294,SST,20.9461154413238,0.343527358277925,Deg C
30-APR-2020 12:00,2020,4,18.76,0.35829268292683,SST,20.9482940819781,0.345473688919726,Deg C
31-MAY-2020 12:00,2020,5,19.77,0.508048780487805,SST,20.9504727226323,0.347420019561527,Deg C
30-JUN-2020 12:00,2020,6,21.32,0.693170731707319,SST,20.9526513632865,0.349366350203329,Deg C
31-JUL-2020 12:00,2020,7,22.86,0.63219512195122,SST,20.9548300039407,0.35131268084513,Deg C
31-AUG-2020 12:00,2020,8,24.17,0.701951219512196,SST,20.9570086445949,0.353259011486931,Deg C
30-SEP-2020 12:00,2020,9,24.44,0.774146341463414,SST,20.9591872852492,0.355205342128732,Deg C
31-OCT-2020 12:00,2020,10,23.48,0.725853658536586,SST,20.9613659259034,0.357151672770534,Deg C
30-NOV-2020 12:00,2020,11,22.07,0.761219512195122,SST,20.9635445665576,0.359098003412335,Deg C
31-DEC-2020 12:00,2020,12,20.54,0.665853658536584,SST,20.9657232072118,0.361044334054136,Deg C
31-JAN-2021 12:00,2021,1,19.33,0.523658536585366,SST,20.9679018478661,0.362990664695938,Deg C
28-FEB-2021 12:00,2021,2,18.68,0.443658536585364,SST,20.9700804885203,0.364936995337739,Deg C
31-MAR-2021 12:00,2021,3,18.37,0.262926829268295,SST,20.9722591291745,0.36688332597954,Deg C
30-APR-2021 12:00,2021,4,18.66,0.258292682926829,SST,20.9744377698287,0.368829656621341,Deg C
31-MAY-2021 12:00,2021,5,19.68,0.418048780487805,SST,20.9766164104829,0.370775987263143,Deg C
30-JUN-2021 12:00,2021,6,21.05,0.423170731707319,SST,20.9787950511372,0.372722317904944,Deg C
31-JUL-2021 12:00,2021,7,22.52,0.29219512195122,SST,20.9809736917914,0.374668648546745,Deg C
31-AUG-2021 12:00,2021,8,23.76,0.291951219512196,SST,20.9831523324456,0.376614979188546,Deg C
30-SEP-2021 12:00,2021,9,24.01,0.344146341463414,SST,20.9853309730998,0.378561309830348,Deg C
31-OCT-2021 12:00,2021,10,23.05,0.295853658536586,SST,20.987509613754,0.380507640472149,Deg C
30-NOV-2021 12:00,2021,11,21.59,0.281219512195122,SST,20.9896882544083,0.38245397111395,Deg C
31-DEC-2021 12:00,2021,12,20.35,0.475853658536586,SST,20.9918668950625,0.384400301755752,Deg C
31-JAN-2022 12:00,2022,1,19.42,0.613658536585369,SST,20.9940455357167,0.386346632397553,Deg C
28-FEB-2022 12:00,2022,2,19.03,0.793658536585365,SST,20.9962241763709,0.388292963039354,Deg C
31-MAR-2022 12:00,2022,3,18.91,0.802926829268294,SST,20.9984028170252,0.390239293681155,Deg C
30-APR-2022 12:00,2022,4,19.03,0.62829268292683,SST,21.0005814576794,0.392185624322957,Deg C
31-MAY-2022 12:00,2022,5,19.82,0.558048780487805,SST,21.0027600983336,0.394131954964758,Deg C
30-JUN-2022 12:00,2022,6,21.31,0.683170731707317,SST,21.0049387389878,0.396078285606559,Deg C
31-JUL-2022 12:00,2022,7,22.91,0.682195121951221,SST,21.007117379642,0.39802461624836,Deg C
31-AUG-2022 12:00,2022,8,24.13,0.661951219512193,SST,21.0092960202963,0.399970946890162,Deg C
30-SEP-2022 12:00,2022,9,24.34,0.674146341463413,SST,21.0114746609505,0.401917277531963,Deg C
31-OCT-2022 12:00,2022,10,23.4,0.645853658536584,SST,21.0136533016047,0.403863608173764,Deg C
30-NOV-2022 12:00,2022,11,21.98,0.671219512195123,SST,21.0158319422589,0.405809938815566,Deg C
31-DEC-2022 12:00,2022,12,20.52,0.645853658536584,SST,21.0180105829132,0.407756269457367,Deg C
31-JAN-2023 12:00,2023,1,19.39,0.583658536585368,SST,21.0201892235674,0.409702600099168,Deg C
28-FEB-2023 12:00,2023,2,18.67,0.433658536585366,SST,21.0223678642216,0.411648930740969,Deg C
31-MAR-2023 12:00,2023,3,18.48,0.372926829268295,SST,21.0245465048758,0.413595261382771,Deg C
30-APR-2023 12:00,2023,4,18.83,0.428292682926827,SST,21.02672514553,0.415541592024572,Deg C
31-MAY-2023 12:00,2023,5,19.66,0.398048780487805,SST,21.0289037861843,0.417487922666373,Deg C
30-JUN-2023 12:00,2023,6,21.07,0.443170731707319,SST,21.0310824268385,0.419434253308174,Deg C
31-JUL-2023 12:00,2023,7,22.6,0.372195121951222,SST,21.0332610674927,0.421380583949976,Deg C
31-AUG-2023 12:00,2023,8,24.09,0.621951219512194,SST,21.0354397081469,0.423326914591777,Deg C
30-SEP-2023 12:00,2023,9,24.28,0.614146341463414,SST,21.0376183488012,0.425273245233578,Deg C
31-OCT-2023 12:00,2023,10,23.37,0.615853658536587,SST,21.0397969894554,0.42721957587538,Deg C
30-NOV-2023 12:00,2023,11,21.89,0.581219512195123,SST,21.0419756301096,0.429165906517181,Deg C
31-DEC-2023 12:00,2023,12,20.42,0.545853658536586,SST,21.0441542707638,0.431112237158982,Deg C
31-JAN-2024 12:00,2024,1,19.26,0.453658536585369,SST,21.046332911418,0.433058567800783,Deg C
29-FEB-2024 12:00,2024,2,18.66,0.423658536585364,SST,21.0485115520723,0.435004898442585,Deg C
31-MAR-2024 12:00,2024,3,18.52,0.412926829268294,SST,21.0506901927265,0.436951229084386,Deg C
30-APR-2024 12:00,2024,4,18.71,0.30829268292683,SST,21.0528688333807,0.438897559726187,Deg C
31-MAY-2024 12:00,2024,5,19.79,0.528048780487804,SST,21.0550474740349,0.440843890367988,Deg C
30-JUN-2024 12:00,2024,6,21.26,0.63317073170732,SST,21.0572261146892,0.44279022100979,Deg C
31-JUL-2024 12:00,2024,7,22.82,0.592195121951221,SST,21.0594047553434,0.444736551651591,Deg C
31-AUG-2024 12:00,2024,8,24.13,0.661951219512193,SST,21.0615833959976,0.446682882293392,Deg C
30-SEP-2024 12:00,2024,9,24.36,0.694146341463412,SST,21.0637620366518,0.448629212935194,Deg C
31-OCT-2024 12:00,2024,10,23.58,0.825853658536584,SST,21.065940677306,0.450575543576995,Deg C
30-NOV-2024 12:00,2024,11,22.1,0.791219512195124,SST,21.0681193179603,0.452521874218796,Deg C
31-DEC-2024 12:00,2024,12,20.71,0.835853658536585,SST,21.0702979586145,0.454468204860597,Deg C
31-JAN-2025 12:00,2025,1,19.59,0.783658536585367,SST,21.0724765992687,0.456414535502399,Deg C
28-FEB-2025 12:00,2025,2,19.06,0.823658536585363,SST,21.0746552399229,0.4583608661442,Deg C
31-MAR-2025 12:00,2025,3,18.85,0.742926829268296,SST,21.0768338805771,0.460307196786001,Deg C
30-APR-2025 12:00,2025,4,19.05,0.648292682926829,SST,21.0790125212314,0.462253527427802,Deg C
31-MAY-2025 12:00,2025,5,19.79,0.528048780487804,SST,21.0811911618856,0.464199858069604,Deg C
30-JUN-2025 12:00,2025,6,21.16,0.533170731707319,SST,21.0833698025398,0.466146188711405,Deg C
31-JUL-2025 12:00,2025,7,22.93,0.70219512195122,SST,21.085548443194,0.468092519353206,Deg C
31-AUG-2025 12:00,2025,8,24.38,0.911951219512193,SST,21.0877270838483,0.470038849995008,Deg C
30-SEP-2025 12:00,2025,9,24.63,0.964146341463412,SST,21.0899057245025,0.471985180636809,Deg C
31-OCT-2025 12:00,2025,10,23.63,0.875853658536585,SST,21.0920843651567,0.47393151127861,Deg C
30-NOV-2025 12:00,2025,11,21.94,0.631219512195123,SST,21.0942630058109,0.475877841920411,Deg C
31-DEC-2025 12:00,2025,12,20.6,0.725853658536586,SST,21.0964416464651,0.477824172562213,Deg C
01-JAN-1998 00:00,1998,1,0.1558,-0.00939642857142858,Chl,0.14048027730677,0.00484425286138194,mg chl per m3
01-FEB-1998 00:00,1998,2,0.1691,0.00272500000000001,Chl,0.140447642211262,0.00481533194877664,mg chl per m3
01-MAR-1998 00:00,1998,3,0.1631,0.00389285714285714,Chl,0.140415007115757,0.00478641103617141,mg chl per m3
01-APR-1998 00:00,1998,4,0.146,0.00763214285714284,Chl,0.140382372020251,0.00475749012356615,mg chl per m3
01-MAY-1998 00:00,1998,5,0.1227,-0.0102321428571429,Chl,0.140349736924745,0.00472856921096088,mg chl per m3
01-JUN-1998 00:00,1998,6,0.1343,0.00728928571428572,Chl,0.140317101829239,0.00469964829835562,mg chl per m3
01-JUL-1998 00:00,1998,7,0.1113,0.00272321428571429,Chl,0.140284466733733,0.00467072738575035,mg chl per m3
01-AUG-1998 00:00,1998,8,0.09761,-8.2714285714286e-4,Chl,0.140251831638227,0.00464180647314509,mg chl per m3
01-SEP-1998 00:00,1998,9,0.0893,-0.0103989285714286,Chl,0.140219196542721,0.00461288556053982,mg chl per m3
01-OCT-1998 00:00,1998,10,0.09651,-0.0224546428571429,Chl,0.140186561447215,0.00458396464793455,mg chl per m3
01-NOV-1998 00:00,1998,11,0.128,-0.0152642857142857,Chl,0.140153926351709,0.00455504373532929,mg chl per m3
01-DEC-1998 00:00,1998,12,0.1807,0.0185642857142857,Chl,0.140121291256203,0.00452612282272402,mg chl per m3
01-JAN-1999 00:00,1999,1,0.1462,-0.0189964285714286,Chl,0.140088656160697,0.00449720191011876,mg chl per m3
01-FEB-1999 00:00,1999,2,0.1502,-0.016175,Chl,0.140056021065191,0.00446828099751349,mg chl per m3
01-MAR-1999 00:00,1999,3,0.1482,-0.0110071428571429,Chl,0.140023385969685,0.00443936008490823,mg chl per m3
01-APR-1999 00:00,1999,4,0.1344,-0.00396785714285716,Chl,0.139990750874179,0.00441043917230296,mg chl per m3
01-MAY-1999 00:00,1999,5,0.1571,0.0241678571428571,Chl,0.139958115778673,0.0043815182596977,mg chl per m3
01-JUN-1999 00:00,1999,6,0.131,0.00398928571428572,Chl,0.139925480683167,0.00435259734709243,mg chl per m3
01-JUL-1999 00:00,1999,7,0.1241,0.0155232142857143,Chl,0.139892845587662,0.00432367643448717,mg chl per m3
01-AUG-1999 00:00,1999,8,0.1024,0.00396285714285714,Chl,0.139860210492156,0.0042947555218819,mg chl per m3
01-SEP-1999 00:00,1999,9,0.1069,0.00720107142857142,Chl,0.13982757539665,0.00426583460927664,mg chl per m3
01-OCT-1999 00:00,1999,10,0.1153,-0.00366464285714285,Chl,0.139794940301144,0.00423691369667137,mg chl per m3
01-NOV-1999 00:00,1999,11,0.1285,-0.0147642857142857,Chl,0.139762305205638,0.0042079927840661,mg chl per m3
01-DEC-1999 00:00,1999,12,0.1578,-0.00433571428571428,Chl,0.139729670110132,0.00417907187146084,mg chl per m3
01-JAN-2000 00:00,2000,1,0.1506,-0.0145964285714286,Chl,0.139697035014626,0.00415015095885557,mg chl per m3
01-FEB-2000 00:00,2000,2,0.1465,-0.019875,Chl,0.13966439991912,0.00412123004625031,mg chl per m3
01-MAR-2000 00:00,2000,3,0.1494,-0.00980714285714285,Chl,0.139631764823614,0.00409230913364505,mg chl per m3
01-APR-2000 00:00,2000,4,0.1292,-0.00916785714285714,Chl,0.139599129728108,0.00406338822103978,mg chl per m3
01-MAY-2000 00:00,2000,5,0.1282,-0.00473214285714285,Chl,0.139566494632602,0.00403446730843451,mg chl per m3
01-JUN-2000 00:00,2000,6,0.121,-0.00601071428571429,Chl,0.139533859537096,0.00400554639582925,mg chl per m3
01-JUL-2000 00:00,2000,7,0.1134,0.00482321428571429,Chl,0.13950122444159,0.00397662548322398,mg chl per m3
01-AUG-2000 00:00,2000,8,0.1015,0.00306285714285714,Chl,0.139468589346084,0.00394770457061872,mg chl per m3
01-SEP-2000 00:00,2000,9,0.09532,-0.00437892857142858,Chl,0.139435954250578,0.00391878365801345,mg chl per m3
01-OCT-2000 00:00,2000,10,0.1115,-0.00746464285714285,Chl,0.139403319155072,0.00388986274540819,mg chl per m3
01-NOV-2000 00:00,2000,11,0.1433,3.57142857143056e-5,Chl,0.139370684059567,0.00386094183280292,mg chl per m3
01-DEC-2000 00:00,2000,12,0.1509,-0.0112357142857143,Chl,0.139338048964061,0.00383202092019766,mg chl per m3
01-JAN-2001 00:00,2001,1,0.1533,-0.0118964285714286,Chl,0.139305413868555,0.00380310000759239,mg chl per m3
01-FEB-2001 00:00,2001,2,0.1654,-9.75e-4,Chl,0.139272778773049,0.00377417909498713,mg chl per m3
01-MAR-2001 00:00,2001,3,0.1611,0.00189285714285714,Chl,0.139240143677543,0.00374525818238186,mg chl per m3
01-APR-2001 00:00,2001,4,0.169,0.0306321428571429,Chl,0.139207508582037,0.0037163372697766,mg chl per m3
01-MAY-2001 00:00,2001,5,0.1416,0.00866785714285714,Chl,0.139174873486531,0.00368741635717133,mg chl per m3
01-JUN-2001 00:00,2001,6,0.126,-0.00101071428571428,Chl,0.139142238391025,0.00365849544456606,mg chl per m3
01-JUL-2001 00:00,2001,7,0.109,4.2321428571429e-4,Chl,0.139109603295519,0.0036295745319608,mg chl per m3
01-AUG-2001 00:00,2001,8,0.1031,0.00466285714285714,Chl,0.139076968200013,0.00360065361935553,mg chl per m3
01-SEP-2001 00:00,2001,9,0.09934,-3.5892857142858e-4,Chl,0.139044333104507,0.00357173270675027,mg chl per m3
01-OCT-2001 00:00,2001,10,0.1212,0.00223535714285715,Chl,0.139011698009001,0.003542811794145,mg chl per m3
01-NOV-2001 00:00,2001,11,0.1418,-0.0014642857142857,Chl,0.138979062913495,0.00351389088153974,mg chl per m3
01-DEC-2001 00:00,2001,12,0.1602,-0.00193571428571426,Chl,0.138946427817989,0.00348496996893447,mg chl per m3
01-JAN-2002 00:00,2002,1,0.1677,0.00250357142857141,Chl,0.138913792722483,0.00345604905632921,mg chl per m3
01-FEB-2002 00:00,2002,2,0.1705,0.00412500000000002,Chl,0.138881157626977,0.00342712814372394,mg chl per m3
01-MAR-2002 00:00,2002,3,0.1633,0.00409285714285715,Chl,0.138848522531472,0.00339820723111868,mg chl per m3
01-APR-2002 00:00,2002,4,0.1352,-0.00316785714285717,Chl,0.138815887435966,0.00336928631851341,mg chl per m3
01-MAY-2002 00:00,2002,5,0.1362,0.00326785714285713,Chl,0.13878325234046,0.00334036540590815,mg chl per m3
01-JUN-2002 00:00,2002,6,0.1292,0.00218928571428573,Chl,0.138750617244954,0.00331144449330288,mg chl per m3
01-JUL-2002 00:00,2002,7,0.1196,0.0110232142857143,Chl,0.138717982149448,0.00328252358069761,mg chl per m3
01-AUG-2002 00:00,2002,8,0.1054,0.00696285714285713,Chl,0.138685347053942,0.00325360266809235,mg chl per m3
01-SEP-2002 00:00,2002,9,0.1096,0.00990107142857143,Chl,0.138652711958436,0.00322468175548708,mg chl per m3
01-OCT-2002 00:00,2002,10,0.1382,0.0192353571428571,Chl,0.13862007686293,0.00319576084288182,mg chl per m3
01-NOV-2002 00:00,2002,11,0.1541,0.0108357142857143,Chl,0.138587441767424,0.00316683993027655,mg chl per m3
01-DEC-2002 00:00,2002,12,0.1578,-0.00433571428571428,Chl,0.138554806671918,0.00313791901767129,mg chl per m3
01-JAN-2003 00:00,2003,1,0.1665,0.00130357142857143,Chl,0.138522171576412,0.00310899810506602,mg chl per m3
01-FEB-2003 00:00,2003,2,0.1674,0.001025,Chl,0.138489536480906,0.00308007719246076,mg chl per m3
01-MAR-2003 00:00,2003,3,0.1618,0.00259285714285715,Chl,0.1384569013854,0.00305115627985549,mg chl per m3
01-APR-2003 00:00,2003,4,0.1495,0.0111321428571428,Chl,0.138424266289894,0.00302223536725023,mg chl per m3
01-MAY-2003 00:00,2003,5,0.1555,0.0225678571428571,Chl,0.138391631194388,0.00299331445464496,mg chl per m3
01-JUN-2003 00:00,2003,6,0.1415,0.0144892857142857,Chl,0.138358996098882,0.0029643935420397,mg chl per m3
01-JUL-2003 00:00,2003,7,0.1201,0.0115232142857143,Chl,0.138326361003377,0.00293547262943443,mg chl per m3
01-AUG-2003 00:00,2003,8,0.1099,0.0114628571428571,Chl,0.138293725907871,0.00290655171682917,mg chl per m3
01-SEP-2003 00:00,2003,9,0.1098,0.0101010714285714,Chl,0.138261090812365,0.0028776308042239,mg chl per m3
01-OCT-2003 00:00,2003,10,0.1306,0.0116353571428571,Chl,0.138228455716859,0.00284870989161864,mg chl per m3
01-NOV-2003 00:00,2003,11,0.15310000000000001,0.00983571428571431,Chl,0.138195820621353,0.00281978897901337,mg chl per m3
01-DEC-2003 00:00,2003,12,0.1616,-5.3571428571427e-4,Chl,0.138163185525847,0.0027908680664081,mg chl per m3
01-JAN-2004 00:00,2004,1,0.1628,-0.00239642857142858,Chl,0.138130550430341,0.00276194715380284,mg chl per m3
01-FEB-2004 00:00,2004,2,0.1599,-0.00647500000000001,Chl,0.138097915334835,0.00273302624119758,mg chl per m3
01-MAR-2004 00:00,2004,3,0.1698,0.0105928571428572,Chl,0.138065280239329,0.00270410532859231,mg chl per m3
01-APR-2004 00:00,2004,4,0.1547,0.0163321428571429,Chl,0.138032645143823,0.00267518441598704,mg chl per m3
01-MAY-2004 00:00,2004,5,0.1366,0.00366785714285714,Chl,0.138000010048317,0.00264626350338178,mg chl per m3
01-JUN-2004 00:00,2004,6,0.1269,-1.1071428571427e-4,Chl,0.137967374952811,0.00261734259077651,mg chl per m3
01-JUL-2004 00:00,2004,7,0.1199,0.0113232142857143,Chl,0.137934739857305,0.00258842167817125,mg chl per m3
01-AUG-2004 00:00,2004,8,0.1046,0.00616285714285714,Chl,0.137902104761799,0.00255950076556598,mg chl per m3
01-SEP-2004 00:00,2004,9,0.1055,0.00580107142857142,Chl,0.137869469666293,0.00253057985296072,mg chl per m3
01-OCT-2004 00:00,2004,10,0.1162,-0.00276464285714285,Chl,0.137836834570787,0.00250165894035545,mg chl per m3
01-NOV-2004 00:00,2004,11,0.1425,-7.6428571428571e-4,Chl,0.137804199475281,0.00247273802775019,mg chl per m3
01-DEC-2004 00:00,2004,12,0.1598,-0.00233571428571427,Chl,0.137771564379776,0.00244381711514492,mg chl per m3
01-JAN-2005 00:00,2005,1,0.1699,0.00470357142857142,Chl,0.13773892928427,0.00241489620253966,mg chl per m3
01-FEB-2005 00:00,2005,2,0.1712,0.004825,Chl,0.137706294188764,0.00238597528993439,mg chl per m3
01-MAR-2005 00:00,2005,3,0.156,-0.00320714285714285,Chl,0.137673659093258,0.00235705437732912,mg chl per m3
01-APR-2005 00:00,2005,4,0.1419,0.00353214285714284,Chl,0.137641023997752,0.00232813346472386,mg chl per m3
01-MAY-2005 00:00,2005,5,0.1371,0.00416785714285714,Chl,0.137608388902246,0.00229921255211859,mg chl per m3
01-JUN-2005 00:00,2005,6,0.121,-0.00601071428571429,Chl,0.13757575380674,0.00227029163951333,mg chl per m3
01-JUL-2005 00:00,2005,7,0.1144,0.00582321428571429,Chl,0.137543118711234,0.00224137072690806,mg chl per m3
01-AUG-2005 00:00,2005,8,0.1037,0.00526285714285714,Chl,0.137510483615728,0.0022124498143028,mg chl per m3
01-SEP-2005 00:00,2005,9,0.103,0.00330107142857142,Chl,0.137477848520222,0.00218352890169753,mg chl per m3
01-OCT-2005 00:00,2005,10,0.1192,2.3535714285714e-4,Chl,0.137445213424716,0.00215460798909227,mg chl per m3
01-NOV-2005 00:00,2005,11,0.1415,-0.00176428571428572,Chl,0.13741257832921,0.002125687076487,mg chl per m3
01-DEC-2005 00:00,2005,12,0.1529,-0.00923571428571426,Chl,0.137379943233704,0.00209676616388174,mg chl per m3
01-JAN-2006 00:00,2006,1,0.1764,0.0112035714285714,Chl,0.137347308138198,0.00206784525127647,mg chl per m3
01-FEB-2006 00:00,2006,2,0.18,0.013625,Chl,0.137314673042692,0.00203892433867121,mg chl per m3
01-MAR-2006 00:00,2006,3,0.1714,0.0121928571428571,Chl,0.137282037947186,0.00201000342606594,mg chl per m3
01-APR-2006 00:00,2006,4,0.1522,0.0138321428571428,Chl,0.137249402851681,0.00198108251346068,mg chl per m3
01-MAY-2006 00:00,2006,5,0.1491,0.0161678571428572,Chl,0.137216767756175,0.00195216160085541,mg chl per m3
01-JUN-2006 00:00,2006,6,0.1434,0.0163892857142857,Chl,0.137184132660669,0.00192324068825015,mg chl per m3
01-JUL-2006 00:00,2006,7,0.1253,0.0167232142857143,Chl,0.137151497565163,0.00189431977564488,mg chl per m3
01-AUG-2006 00:00,2006,8,0.1088,0.0103628571428571,Chl,0.137118862469657,0.00186539886303962,mg chl per m3
01-SEP-2006 00:00,2006,9,0.1065,0.00680107142857142,Chl,0.137086227374151,0.00183647795043435,mg chl per m3
01-OCT-2006 00:00,2006,10,0.1247,0.00573535714285715,Chl,0.137053592278645,0.00180755703782908,mg chl per m3
01-NOV-2006 00:00,2006,11,0.1446,0.0013357142857143,Chl,0.137020957183139,0.00177863612522382,mg chl per m3
01-DEC-2006 00:00,2006,12,0.1622,6.42857142857389e-5,Chl,0.136988322087633,0.00174971521261855,mg chl per m3
01-JAN-2007 00:00,2007,1,0.1755,0.0103035714285714,Chl,0.136955686992127,0.00172079430001329,mg chl per m3
01-FEB-2007 00:00,2007,2,0.1747,0.008325,Chl,0.136923051896621,0.00169187338740802,mg chl per m3
01-MAR-2007 00:00,2007,3,0.1716,0.0123928571428571,Chl,0.136890416801115,0.00166295247480276,mg chl per m3
01-APR-2007 00:00,2007,4,0.1469,0.00853214285714285,Chl,0.136857781705609,0.00163403156219749,mg chl per m3
01-MAY-2007 00:00,2007,5,0.1516,0.0186678571428572,Chl,0.136825146610103,0.00160511064959222,mg chl per m3
01-JUN-2007 00:00,2007,6,0.146,0.0189892857142857,Chl,0.136792511514597,0.00157618973698696,mg chl per m3
01-JUL-2007 00:00,2007,7,0.1131,0.0045232142857143,Chl,0.136759876419091,0.0015472688243817,mg chl per m3
01-AUG-2007 00:00,2007,8,0.1072,0.00876285714285714,Chl,0.136727241323586,0.00151834791177643,mg chl per m3
01-SEP-2007 00:00,2007,9,0.109,0.00930107142857142,Chl,0.13669460622808,0.00148942699917117,mg chl per m3
01-OCT-2007 00:00,2007,10,0.1259,0.00693535714285716,Chl,0.136661971132574,0.0014605060865659,mg chl per m3
01-NOV-2007 00:00,2007,11,0.1503,0.00703571428571428,Chl,0.136629336037068,0.00143158517396063,mg chl per m3
01-DEC-2007 00:00,2007,12,0.1635,0.00136428571428573,Chl,0.136596700941562,0.00140266426135537,mg chl per m3
01-JAN-2008 00:00,2008,1,0.1741,0.00890357142857143,Chl,0.136564065846056,0.0013737433487501,mg chl per m3
01-FEB-2008 00:00,2008,2,0.1658,-5.7499999999999e-4,Chl,0.13653143075055,0.00134482243614484,mg chl per m3
01-MAR-2008 00:00,2008,3,0.1597,4.9285714285715e-4,Chl,0.136498795655044,0.00131590152353957,mg chl per m3
01-APR-2008 00:00,2008,4,0.1486,0.0102321428571429,Chl,0.136466160559538,0.00128698061093431,mg chl per m3
01-MAY-2008 00:00,2008,5,0.1605,0.0275678571428571,Chl,0.136433525464032,0.00125805969832904,mg chl per m3
01-JUN-2008 00:00,2008,6,0.1332,0.00618928571428573,Chl,0.136400890368526,0.00122913878572378,mg chl per m3
01-JUL-2008 00:00,2008,7,0.1104,0.00182321428571429,Chl,0.13636825527302,0.00120021787311851,mg chl per m3
01-AUG-2008 00:00,2008,8,0.1193,0.0208628571428571,Chl,0.136335620177514,0.00117129696051325,mg chl per m3
01-SEP-2008 00:00,2008,9,0.1201,0.0204010714285714,Chl,0.136302985082008,0.00114237604790798,mg chl per m3
01-OCT-2008 00:00,2008,10,0.135,0.0160353571428572,Chl,0.136270349986502,0.00111345513530271,mg chl per m3
01-NOV-2008 00:00,2008,11,0.1481,0.0048357142857143,Chl,0.136237714890996,0.00108453422269745,mg chl per m3
01-DEC-2008 00:00,2008,12,0.1604,-0.00173571428571428,Chl,0.136205079795491,0.00105561331009219,mg chl per m3
01-JAN-2009 00:00,2009,1,0.1659,7.0357142857141e-4,Chl,0.136172444699985,0.00102669239748692,mg chl per m3
01-FEB-2009 00:00,2009,2,0.1766,0.010225,Chl,0.136139809604479,9.9777148488165e-4,mg chl per m3
01-MAR-2009 00:00,2009,3,0.1757,0.0164928571428571,Chl,0.136107174508973,9.6885057227638e-4,mg chl per m3
01-APR-2009 00:00,2009,4,0.1417,0.00333214285714284,Chl,0.136074539413467,9.3992965967112e-4,mg chl per m3
01-MAY-2009 00:00,2009,5,0.1323,-6.3214285714285e-4,Chl,0.136041904317961,9.1100874706585e-4,mg chl per m3
01-JUN-2009 00:00,2009,6,0.1245,-0.00251071428571428,Chl,0.136009269222455,8.8208783446059e-4,mg chl per m3
01-JUL-2009 00:00,2009,7,0.1036,-0.00497678571428571,Chl,0.135976634126949,8.5316692185532e-4,mg chl per m3
01-AUG-2009 00:00,2009,8,0.1027,0.00426285714285714,Chl,0.135943999031443,8.2424600925006e-4,mg chl per m3
01-SEP-2009 00:00,2009,9,0.1108,0.0111010714285714,Chl,0.135911363935937,7.9532509664479e-4,mg chl per m3
01-OCT-2009 00:00,2009,10,0.1307,0.0117353571428572,Chl,0.135878728840431,7.6640418403953e-4,mg chl per m3
01-NOV-2009 00:00,2009,11,0.1491,0.0058357142857143,Chl,0.135846093744925,7.3748327143426e-4,mg chl per m3
01-DEC-2009 00:00,2009,12,0.1636,0.00146428571428572,Chl,0.135813458649419,7.08562358829e-4,mg chl per m3
01-JAN-2010 00:00,2010,1,0.1652,3.57142857143611e-6,Chl,0.135780823553913,6.7964144622373e-4,mg chl per m3
01-FEB-2010 00:00,2010,2,0.1696,0.00322500000000001,Chl,0.135748188458407,6.5072053361847e-4,mg chl per m3
01-MAR-2010 00:00,2010,3,0.1665,0.00729285714285716,Chl,0.135715553362901,6.217996210132e-4,mg chl per m3
01-APR-2010 00:00,2010,4,0.162,0.0236321428571429,Chl,0.135682918267396,5.9287870840793e-4,mg chl per m3
01-MAY-2010 00:00,2010,5,0.1618,0.0288678571428571,Chl,0.13565028317189,5.6395779580267e-4,mg chl per m3
01-JUN-2010 00:00,2010,6,0.1575,0.0304892857142857,Chl,0.135617648076384,5.3503688319741e-4,mg chl per m3
01-JUL-2010 00:00,2010,7,0.1129,0.00432321428571429,Chl,0.135585012980878,5.0611597059214e-4,mg chl per m3
01-AUG-2010 00:00,2010,8,0.09938,9.4285714285713e-4,Chl,0.135552377885372,4.7719505798687e-4,mg chl per m3
01-SEP-2010 00:00,2010,9,0.1005,8.0107142857142e-4,Chl,0.135519742789866,4.4827414538161e-4,mg chl per m3
01-OCT-2010 00:00,2010,10,0.1269,0.00793535714285716,Chl,0.13548710769436,4.1935323277634e-4,mg chl per m3
01-NOV-2010 00:00,2010,11,0.1484,0.0051357142857143,Chl,0.135454472598854,3.9043232017108e-4,mg chl per m3
01-DEC-2010 00:00,2010,12,0.1656,0.00346428571428573,Chl,0.135421837503348,3.6151140756581e-4,mg chl per m3
01-JAN-2011 00:00,2011,1,0.1772,0.0120035714285714,Chl,0.135389202407842,3.3259049496055e-4,mg chl per m3
01-FEB-2011 00:00,2011,2,0.1821,0.015725,Chl,0.135356567312336,3.0366958235528e-4,mg chl per m3
01-MAR-2011 00:00,2011,3,0.1736,0.0143928571428572,Chl,0.13532393221683,2.7474866975002e-4,mg chl per m3
01-APR-2011 00:00,2011,4,0.1402,0.00183214285714284,Chl,0.135291297121324,2.4582775714475e-4,mg chl per m3
01-MAY-2011 00:00,2011,5,0.1245,-0.00843214285714286,Chl,0.135258662025818,2.1690684453949e-4,mg chl per m3
01-JUN-2011 00:00,2011,6,0.1192,-0.00781071428571428,Chl,0.135226026930312,1.8798593193422e-4,mg chl per m3
01-JUL-2011 00:00,2011,7,0.1066,-0.00197678571428571,Chl,0.135193391834806,1.5906501932896e-4,mg chl per m3
01-AUG-2011 00:00,2011,8,0.1013,0.00286285714285714,Chl,0.135160756739301,1.3014410672369e-4,mg chl per m3
01-SEP-2011 00:00,2011,9,0.1088,0.00910107142857142,Chl,0.135128121643795,1.0122319411843e-4,mg chl per m3
01-OCT-2011 00:00,2011,10,0.1291,0.0101353571428571,Chl,0.135095486548289,7.2302281513165e-5,mg chl per m3
01-NOV-2011 00:00,2011,11,0.1419,-0.00136428571428571,Chl,0.135062851452783,4.33813689078989e-5,mg chl per m3
01-DEC-2011 00:00,2011,12,0.1636,0.00146428571428572,Chl,0.135030216357277,1.44604563026333e-5,mg chl per m3
01-JAN-2012 00:00,2012,1,0.1637,-0.00149642857142857,Chl,0.134997581261771,-1.44604563026315e-5,mg chl per m3
01-FEB-2012 00:00,2012,2,0.1654,-9.75e-4,Chl,0.134964946166265,-4.33813689078971e-5,mg chl per m3
01-MAR-2012 00:00,2012,3,0.1579,-0.00130714285714284,Chl,0.134932311070759,-7.23022815131624e-5,mg chl per m3
01-APR-2012 00:00,2012,4,0.133,-0.00536785714285715,Chl,0.134899675975253,-1.0122319411842e-4,mg chl per m3
01-MAY-2012 00:00,2012,5,0.134,0.00106785714285715,Chl,0.134867040879747,-1.3014410672369e-4,mg chl per m3
01-JUN-2012 00:00,2012,6,0.1249,-0.00211071428571429,Chl,0.134834405784241,-1.5906501932895e-4,mg chl per m3
01-JUL-2012 00:00,2012,7,0.1049,-0.00367678571428572,Chl,0.134801770688735,-1.8798593193422e-4,mg chl per m3
01-AUG-2012 00:00,2012,8,0.0918,-0.00663714285714286,Chl,0.134769135593229,-2.1690684453949e-4,mg chl per m3
01-SEP-2012 00:00,2012,9,0.0918,-0.00789892857142857,Chl,0.134736500497723,-2.4582775714475e-4,mg chl per m3
01-OCT-2012 00:00,2012,10,0.1107,-0.00826464285714285,Chl,0.134703865402217,-2.7474866975001e-4,mg chl per m3
01-NOV-2012 00:00,2012,11,0.1367,-0.00656428571428572,Chl,0.134671230306711,-3.0366958235528e-4,mg chl per m3
01-DEC-2012 00:00,2012,12,0.1569,-0.00523571428571426,Chl,0.134638595211206,-3.3259049496055e-4,mg chl per m3
01-JAN-2013 00:00,2013,1,0.1676,0.00240357142857142,Chl,0.1346059601157,-3.6151140756581e-4,mg chl per m3
01-FEB-2013 00:00,2013,2,0.1722,0.005825,Chl,0.134573325020194,-3.9043232017108e-4,mg chl per m3
01-MAR-2013 00:00,2013,3,0.1659,0.00669285714285714,Chl,0.134540689924688,-4.1935323277634e-4,mg chl per m3
01-APR-2013 00:00,2013,4,0.1314,-0.00696785714285716,Chl,0.134508054829182,-4.4827414538161e-4,mg chl per m3
01-MAY-2013 00:00,2013,5,0.125,-0.00793214285714286,Chl,0.134475419733676,-4.7719505798687e-4,mg chl per m3
01-JUN-2013 00:00,2013,6,0.129,0.00198928571428572,Chl,0.13444278463817,-5.0611597059214e-4,mg chl per m3
01-JUL-2013 00:00,2013,7,0.0988,-0.00977678571428571,Chl,0.134410149542664,-5.350368831974e-4,mg chl per m3
01-AUG-2013 00:00,2013,8,0.09106,-0.00737714285714286,Chl,0.134377514447158,-5.6395779580267e-4,mg chl per m3
01-SEP-2013 00:00,2013,9,0.09668,-0.00301892857142858,Chl,0.134344879351652,-5.9287870840793e-4,mg chl per m3
01-OCT-2013 00:00,2013,10,0.1191,1.3535714285714e-4,Chl,0.134312244256146,-6.217996210132e-4,mg chl per m3
01-NOV-2013 00:00,2013,11,0.1461,0.0028357142857143,Chl,0.13427960916064,-6.5072053361846e-4,mg chl per m3
01-DEC-2013 00:00,2013,12,0.1644,0.00226428571428572,Chl,0.134246974065134,-6.7964144622373e-4,mg chl per m3
01-JAN-2014 00:00,2014,1,0.1633,-0.00189642857142858,Chl,0.134214338969628,-7.0856235882899e-4,mg chl per m3
01-FEB-2014 00:00,2014,2,0.1613,-0.005075,Chl,0.134181703874122,-7.3748327143426e-4,mg chl per m3
01-MAR-2014 00:00,2014,3,0.1574,-0.00180714285714284,Chl,0.134149068778616,-7.6640418403953e-4,mg chl per m3
01-APR-2014 00:00,2014,4,0.1301,-0.00826785714285716,Chl,0.134116433683111,-7.9532509664479e-4,mg chl per m3
01-MAY-2014 00:00,2014,5,0.1182,-0.0147321428571429,Chl,0.134083798587605,-8.2424600925006e-4,mg chl per m3
01-JUN-2014 00:00,2014,6,0.1171,-0.00991071428571429,Chl,0.134051163492099,-8.5316692185532e-4,mg chl per m3
01-JUL-2014 00:00,2014,7,0.09609,-0.0124867857142857,Chl,0.134018528396593,-8.8208783446058e-4,mg chl per m3
01-AUG-2014 00:00,2014,8,0.08719,-0.0112471428571429,Chl,0.133985893301087,-9.1100874706585e-4,mg chl per m3
01-SEP-2014 00:00,2014,9,0.09055,-0.00914892857142857,Chl,0.133953258205581,-9.3992965967112e-4,mg chl per m3
01-OCT-2014 00:00,2014,10,0.1095,-0.00946464285714285,Chl,0.133920623110075,-9.6885057227638e-4,mg chl per m3
01-NOV-2014 00:00,2014,11,0.1437,4.3571428571428e-4,Chl,0.133887988014569,-9.9777148488165e-4,mg chl per m3
01-DEC-2014 00:00,2014,12,0.1633,0.00116428571428573,Chl,0.133855352919063,-0.00102669239748692,mg chl per m3
01-JAN-2015 00:00,2015,1,0.1697,0.00450357142857141,Chl,0.133822717823557,-0.00105561331009218,mg chl per m3
01-FEB-2015 00:00,2015,2,0.1646,-0.001775,Chl,0.133790082728051,-0.00108453422269745,mg chl per m3
01-MAR-2015 00:00,2015,3,0.1524,-0.00680714285714284,Chl,0.133757447632545,-0.00111345513530271,mg chl per m3
01-APR-2015 00:00,2015,4,0.1168,-0.0215678571428572,Chl,0.133724812537039,-0.00114237604790798,mg chl per m3
01-MAY-2015 00:00,2015,5,0.1117,-0.0212321428571429,Chl,0.133692177441533,-0.00117129696051325,mg chl per m3
01-JUN-2015 00:00,2015,6,0.103,-0.0240107142857143,Chl,0.133659542346027,-0.00120021787311851,mg chl per m3
01-JUL-2015 00:00,2015,7,0.08628,-0.0222967857142857,Chl,0.133626907250521,-0.00122913878572378,mg chl per m3
01-AUG-2015 00:00,2015,8,0.07887,-0.0195671428571429,Chl,0.133594272155016,-0.00125805969832904,mg chl per m3
01-SEP-2015 00:00,2015,9,0.08559,-0.0141089285714286,Chl,0.13356163705951,-0.0012869806109343,mg chl per m3
01-OCT-2015 00:00,2015,10,0.1093,-0.00966464285714286,Chl,0.133529001964004,-0.00131590152353957,mg chl per m3
01-NOV-2015 00:00,2015,11,0.1318,-0.0114642857142857,Chl,0.133496366868498,-0.00134482243614484,mg chl per m3
01-DEC-2015 00:00,2015,12,0.15310000000000001,-0.00903571428571426,Chl,0.133463731772992,-0.0013737433487501,mg chl per m3
01-JAN-2016 00:00,2016,1,0.1558,-0.00939642857142858,Chl,0.133431096677486,-0.00140266426135537,mg chl per m3
01-FEB-2016 00:00,2016,2,0.149,-0.017375,Chl,0.13339846158198,-0.00143158517396063,mg chl per m3
01-MAR-2016 00:00,2016,3,0.1557,-0.00350714285714285,Chl,0.133365826486474,-0.0014605060865659,mg chl per m3
01-APR-2016 00:00,2016,4,0.1344,-0.00396785714285716,Chl,0.133333191390968,-0.00148942699917116,mg chl per m3
01-MAY-2016 00:00,2016,5,0.1186,-0.0143321428571429,Chl,0.133300556295462,-0.00151834791177643,mg chl per m3
01-JUN-2016 00:00,2016,6,0.1166,-0.0104107142857143,Chl,0.133267921199956,-0.00154726882438169,mg chl per m3
01-JUL-2016 00:00,2016,7,0.09647,-0.0121067857142857,Chl,0.13323528610445,-0.00157618973698696,mg chl per m3
01-AUG-2016 00:00,2016,8,0.08924,-0.00919714285714286,Chl,0.133202651008944,-0.00160511064959222,mg chl per m3
01-SEP-2016 00:00,2016,9,0.0911,-0.00859892857142858,Chl,0.133170015913438,-0.00163403156219749,mg chl per m3
01-OCT-2016 00:00,2016,10,0.1206,0.00163535714285715,Chl,0.133137380817932,-0.00166295247480276,mg chl per m3
01-NOV-2016 00:00,2016,11,0.1576,0.0143357142857143,Chl,0.133104745722426,-0.00169187338740802,mg chl per m3
01-DEC-2016 00:00,2016,12,0.1702,0.00806428571428572,Chl,0.133072110626921,-0.00172079430001328,mg chl per m3
01-JAN-2017 00:00,2017,1,0.1657,5.035714285714e-4,Chl,0.133039475531415,-0.00174971521261855,mg chl per m3
01-FEB-2017 00:00,2017,2,0.169,0.00262500000000002,Chl,0.133006840435909,-0.00177863612522382,mg chl per m3
01-MAR-2017 00:00,2017,3,0.1476,-0.0116071428571428,Chl,0.132974205340403,-0.00180755703782908,mg chl per m3
01-APR-2017 00:00,2017,4,0.1263,-0.0120678571428572,Chl,0.132941570244897,-0.00183647795043435,mg chl per m3
01-MAY-2017 00:00,2017,5,0.1299,-0.00303214285714287,Chl,0.132908935149391,-0.00186539886303961,mg chl per m3
01-JUN-2017 00:00,2017,6,0.128,9.8928571428572e-4,Chl,0.132876300053885,-0.00189431977564488,mg chl per m3
01-JUL-2017 00:00,2017,7,0.1089,3.2321428571428e-4,Chl,0.132843664958379,-0.00192324068825014,mg chl per m3
01-AUG-2017 00:00,2017,8,0.09428,-0.00415714285714286,Chl,0.132811029862873,-0.00195216160085541,mg chl per m3
01-SEP-2017 00:00,2017,9,0.09429,-0.00540892857142858,Chl,0.132778394767367,-0.00198108251346067,mg chl per m3
01-OCT-2017 00:00,2017,10,0.1167,-0.00226464285714285,Chl,0.132745759671861,-0.00201000342606594,mg chl per m3
01-NOV-2017 00:00,2017,11,0.1414,-0.00186428571428571,Chl,0.132713124576355,-0.0020389243386712,mg chl per m3
01-DEC-2017 00:00,2017,12,0.1707,0.00856428571428572,Chl,0.132680489480849,-0.00206784525127647,mg chl per m3
01-JAN-2018 00:00,2018,1,0.173,0.00780357142857141,Chl,0.132647854385343,-0.00209676616388173,mg chl per m3
01-FEB-2018 00:00,2018,2,0.1833,0.016925,Chl,0.132615219289837,-0.002125687076487,mg chl per m3
01-MAR-2018 00:00,2018,3,0.1623,0.00309285714285715,Chl,0.132582584194331,-0.00215460798909227,mg chl per m3
01-APR-2018 00:00,2018,4,0.1409,0.00253214285714284,Chl,0.132549949098826,-0.00218352890169753,mg chl per m3
01-MAY-2018 00:00,2018,5,0.1292,-0.00373214285714285,Chl,0.13251731400332,-0.0022124498143028,mg chl per m3
01-JUN-2018 00:00,2018,6,0.1216,-0.00541071428571428,Chl,0.132484678907814,-0.00224137072690806,mg chl per m3
01-JUL-2018 00:00,2018,7,0.1127,0.00412321428571429,Chl,0.132452043812308,-0.00227029163951333,mg chl per m3
01-AUG-2018 00:00,2018,8,0.1065,0.00806285714285714,Chl,0.132419408716802,-0.00229921255211859,mg chl per m3
01-SEP-2018 00:00,2018,9,0.1003,6.0107142857142e-4,Chl,0.132386773621296,-0.00232813346472386,mg chl per m3
01-OCT-2018 00:00,2018,10,0.115,-0.00396464285714285,Chl,0.13235413852579,-0.00235705437732912,mg chl per m3
01-NOV-2018 00:00,2018,11,0.1529,0.0096357142857143,Chl,0.132321503430284,-0.00238597528993439,mg chl per m3
01-DEC-2018 00:00,2018,12,0.1714,0.00926428571428572,Chl,0.132288868334778,-0.00241489620253965,mg chl per m3
01-JAN-2019 00:00,2019,1,0.1715,0.00630357142857144,Chl,0.132256233239272,-0.00244381711514492,mg chl per m3
01-FEB-2019 00:00,2019,2,0.1706,0.00422500000000001,Chl,0.132223598143766,-0.00247273802775018,mg chl per m3
01-MAR-2019 00:00,2019,3,0.1497,-0.00950714285714285,Chl,0.13219096304826,-0.00250165894035545,mg chl per m3
01-APR-2019 00:00,2019,4,0.1248,-0.0135678571428572,Chl,0.132158327952754,-0.00253057985296071,mg chl per m3
01-MAY-2019 00:00,2019,5,0.122,-0.0109321428571429,Chl,0.132125692857248,-0.00255950076556598,mg chl per m3
01-JUN-2019 00:00,2019,6,0.1291,0.00208928571428571,Chl,0.132093057761742,-0.00258842167817125,mg chl per m3
01-JUL-2019 00:00,2019,7,0.09862,-0.00995678571428571,Chl,0.132060422666236,-0.00261734259077651,mg chl per m3
01-AUG-2019 00:00,2019,8,0.09544,-0.00299714285714286,Chl,0.13202778757073,-0.00264626350338178,mg chl per m3
01-SEP-2019 00:00,2019,9,0.09644,-0.00325892857142858,Chl,0.131995152475225,-0.00267518441598704,mg chl per m3
01-OCT-2019 00:00,2019,10,0.1175,-0.00146464285714286,Chl,0.131962517379719,-0.00270410532859231,mg chl per m3
01-NOV-2019 00:00,2019,11,0.1408,-0.0024642857142857,Chl,0.131929882284213,-0.00273302624119757,mg chl per m3
01-DEC-2019 00:00,2019,12,0.1633,0.00116428571428573,Chl,0.131897247188707,-0.00276194715380284,mg chl per m3
01-JAN-2020 00:00,2020,1,0.1632,-0.00199642857142857,Chl,0.131864612093201,-0.0027908680664081,mg chl per m3
01-FEB-2020 00:00,2020,2,0.1567,-0.00967499999999999,Chl,0.131831976997695,-0.00281978897901337,mg chl per m3
01-MAR-2020 00:00,2020,3,0.1423,-0.0169071428571428,Chl,0.131799341902189,-0.00284870989161863,mg chl per m3
01-APR-2020 00:00,2020,4,0.1152,-0.0231678571428572,Chl,0.131766706806683,-0.0028776308042239,mg chl per m3
01-MAY-2020 00:00,2020,5,0.1077,-0.0252321428571429,Chl,0.131734071711177,-0.00290655171682917,mg chl per m3
01-JUN-2020 00:00,2020,6,0.1138,-0.0132107142857143,Chl,0.131701436615671,-0.00293547262943443,mg chl per m3
01-JUL-2020 00:00,2020,7,0.111,0.00242321428571429,Chl,0.131668801520165,-0.0029643935420397,mg chl per m3
01-AUG-2020 00:00,2020,8,0.1027,0.00426285714285714,Chl,0.131636166424659,-0.00299331445464496,mg chl per m3
01-SEP-2020 00:00,2020,9,0.1035,0.00380107142857142,Chl,0.131603531329153,-0.00302223536725023,mg chl per m3
01-OCT-2020 00:00,2020,10,0.1258,0.00683535714285714,Chl,0.131570896233647,-0.00305115627985549,mg chl per m3
01-NOV-2020 00:00,2020,11,0.1455,0.00223571428571429,Chl,0.131538261138141,-0.00308007719246076,mg chl per m3
01-DEC-2020 00:00,2020,12,0.1679,0.00576428571428572,Chl,0.131505626042635,-0.00310899810506602,mg chl per m3
01-JAN-2021 00:00,2021,1,0.1689,0.00370357142857142,Chl,0.13147299094713,-0.00313791901767129,mg chl per m3
01-FEB-2021 00:00,2021,2,0.1709,0.004525,Chl,0.131440355851624,-0.00316683993027655,mg chl per m3
01-MAR-2021 00:00,2021,3,0.1642,0.00499285714285716,Chl,0.131407720756118,-0.00319576084288182,mg chl per m3
01-APR-2021 00:00,2021,4,0.1385,1.3214285714285e-4,Chl,0.131375085660612,-0.00322468175548708,mg chl per m3
01-MAY-2021 00:00,2021,5,0.1273,-0.00563214285714286,Chl,0.131342450565106,-0.00325360266809235,mg chl per m3
01-JUN-2021 00:00,2021,6,0.126,-0.00101071428571428,Chl,0.1313098154696,-0.00328252358069761,mg chl per m3
01-JUL-2021 00:00,2021,7,0.1063,-0.0022767857142857,Chl,0.131277180374094,-0.00331144449330288,mg chl per m3
01-AUG-2021 00:00,2021,8,0.0921,-0.00633714285714286,Chl,0.131244545278588,-0.00334036540590814,mg chl per m3
01-SEP-2021 00:00,2021,9,0.09894,-7.5892857142857e-4,Chl,0.131211910183082,-0.00336928631851341,mg chl per m3
01-OCT-2021 00:00,2021,10,0.1141,-0.00486464285714286,Chl,0.13117927508757601,-0.00339820723111868,mg chl per m3
01-NOV-2021 00:00,2021,11,0.1448,0.00153571428571431,Chl,0.13114663999207,-0.00342712814372394,mg chl per m3
01-DEC-2021 00:00,2021,12,0.1624,2.6428571428571e-4,Chl,0.131114004896564,-0.0034560490563292,mg chl per m3
01-JAN-2022 00:00,2022,1,0.1601,-0.00509642857142859,Chl,0.131081369801058,-0.00348496996893447,mg chl per m3
01-FEB-2022 00:00,2022,2,0.15310000000000001,-0.013275,Chl,0.131048734705552,-0.00351389088153973,mg chl per m3
01-MAR-2022 00:00,2022,3,0.1346,-0.0246071428571429,Chl,0.131016099610046,-0.003542811794145,mg chl per m3
01-APR-2022 00:00,2022,4,0.1382,-1.6785714285716e-4,Chl,0.13098346451454,-0.00357173270675027,mg chl per m3
01-MAY-2022 00:00,2022,5,0.1354,0.00246785714285713,Chl,0.130950829419035,-0.00360065361935553,mg chl per m3
01-JUN-2022 00:00,2022,6,0.1296,0.00258928571428571,Chl,0.130918194323529,-0.0036295745319608,mg chl per m3
01-JUL-2022 00:00,2022,7,0.1037,-0.00487678571428571,Chl,0.130885559228023,-0.00365849544456606,mg chl per m3
01-AUG-2022 00:00,2022,8,0.08845,-0.00998714285714286,Chl,0.130852924132517,-0.00368741635717133,mg chl per m3
01-SEP-2022 00:00,2022,9,0.0879,-0.0117989285714286,Chl,0.130820289037011,-0.00371633726977659,mg chl per m3
01-OCT-2022 00:00,2022,10,0.1104,-0.00856464285714285,Chl,0.130787653941505,-0.00374525818238186,mg chl per m3
01-NOV-2022 00:00,2022,11,0.1373,-0.0059642857142857,Chl,0.130755018845999,-0.00377417909498712,mg chl per m3
01-DEC-2022 00:00,2022,12,0.1607,-0.00143571428571426,Chl,0.130722383750493,-0.00380310000759239,mg chl per m3
01-JAN-2023 00:00,2023,1,0.1718,0.00660357142857143,Chl,0.130689748654987,-0.00383202092019765,mg chl per m3
01-FEB-2023 00:00,2023,2,0.1812,0.014825,Chl,0.130657113559481,-0.00386094183280292,mg chl per m3
01-MAR-2023 00:00,2023,3,0.1793,0.0200928571428571,Chl,0.130624478463975,-0.00388986274540818,mg chl per m3
01-APR-2023 00:00,2023,4,0.1442,0.00583214285714284,Chl,0.130591843368469,-0.00391878365801345,mg chl per m3
01-MAY-2023 00:00,2023,5,0.1271,-0.00583214285714287,Chl,0.130559208272963,-0.00394770457061872,mg chl per m3
01-JUN-2023 00:00,2023,6,0.1249,-0.00211071428571429,Chl,0.130526573177457,-0.00397662548322398,mg chl per m3
01-JUL-2023 00:00,2023,7,0.106,-0.00257678571428571,Chl,0.130493938081951,-0.00400554639582925,mg chl per m3
01-AUG-2023 00:00,2023,8,0.08771,-0.0107271428571429,Chl,0.130461302986445,-0.00403446730843451,mg chl per m3
01-SEP-2023 00:00,2023,9,0.08903,-0.0106689285714286,Chl,0.13042866789094,-0.00406338822103978,mg chl per m3
01-OCT-2023 00:00,2023,10,0.1141,-0.00486464285714286,Chl,0.130396032795434,-0.00409230913364504,mg chl per m3
01-NOV-2023 00:00,2023,11,0.139,-0.00426428571428569,Chl,0.130363397699928,-0.00412123004625031,mg chl per m3
01-DEC-2023 00:00,2023,12,0.1601,-0.00203571428571428,Chl,0.130330762604422,-0.00415015095885557,mg chl per m3
01-JAN-2024 00:00,2024,1,0.167,0.00180357142857143,Chl,0.130298127508916,-0.00417907187146084,mg chl per m3
01-FEB-2024 00:00,2024,2,0.1673,9.25e-4,Chl,0.13026549241341,-0.0042079927840661,mg chl per m3
01-MAR-2024 00:00,2024,3,0.1609,0.00169285714285713,Chl,0.130232857317904,-0.00423691369667137,mg chl per m3
01-APR-2024 00:00,2024,4,0.1328,-0.00556785714285715,Chl,0.130200222222398,-0.00426583460927664,mg chl per m3
01-MAY-2024 00:00,2024,5,0.1201,-0.0128321428571429,Chl,0.130167587126892,-0.0042947555218819,mg chl per m3
01-JUN-2024 00:00,2024,6,0.118,-0.00901071428571429,Chl,0.130134952031386,-0.00432367643448717,mg chl per m3
01-JUL-2024 00:00,2024,7,0.09749,-0.0110867857142857,Chl,0.13010231693588,-0.00435259734709243,mg chl per m3
01-AUG-2024 00:00,2024,8,0.09201,-0.00642714285714287,Chl,0.130069681840374,-0.0043815182596977,mg chl per m3
01-SEP-2024 00:00,2024,9,0.09039,-0.00930892857142858,Chl,0.130037046744868,-0.00441043917230296,mg chl per m3
01-OCT-2024 00:00,2024,10,0.1071,-0.0118646428571429,Chl,0.130004411649362,-0.00443936008490823,mg chl per m3
01-NOV-2024 00:00,2024,11,0.1301,-0.0131642857142857,Chl,0.129971776553856,-0.00446828099751349,mg chl per m3
01-DEC-2024 00:00,2024,12,0.1493,-0.0128357142857143,Chl,0.12993914145835,-0.00449720191011876,mg chl per m3
01-JAN-2025 00:00,2025,1,0.1571,-0.00809642857142859,Chl,0.129906506362845,-0.00452612282272402,mg chl per m3
01-FEB-2025 00:00,2025,2,0.1449,-0.021475,Chl,0.12987387126733899,-0.00455504373532929,mg chl per m3
01-MAR-2025 00:00,2025,3,0.1364,-0.0228071428571429,Chl,0.129841236171833,-0.00458396464793455,mg chl per m3
01-APR-2025 00:00,2025,4,0.1162,-0.0221678571428572,Chl,0.129808601076327,-0.00461288556053982,mg chl per m3
01-MAY-2025 00:00,2025,5,0.1211,-0.0118321428571429,Chl,0.129775965980821,-0.00464180647314508,mg chl per m3
01-JUN-2025 00:00,2025,6,0.12,-0.00701071428571429,Chl,0.129743330885315,-0.00467072738575035,mg chl per m3
01-JUL-2025 00:00,2025,7,0.1092,6.2321428571429e-4,Chl,0.129710695789809,-0.00469964829835561,mg chl per m3
01-AUG-2025 00:00,2025,8,0.092,-0.00643714285714286,Chl,0.129678060694303,-0.00472856921096088,mg chl per m3
01-SEP-2025 00:00,2025,9,0.1006,9.0107142857141e-4,Chl,0.129645425598797,-0.00475749012356615,mg chl per m3
01-OCT-2025 00:00,2025,10,0.1201,0.00113535714285715,Chl,0.129612790503291,-0.00478641103617141,mg chl per m3
01-NOV-2025 00:00,2025,11,0.1485,0.00523571428571429,Chl,0.129580155407785,-0.00481533194877668,mg chl per m3
01-DEC-2025 00:00,2025,12,0.1655,0.00336428571428574,Chl,0.129547520312279,-0.00484425286138194,mg chl per m3
01-JAN-1998 00:00,1998,1,1.72,-0.0770357142857143,MD50,1.59624468348174,0.0404984103433659,ESD in um
01-FEB-1998 00:00,1998,2,1.832,0.00271428571428567,MD50,1.5959591253145,0.0402566287890766,ESD in um
01-MAR-1998 00:00,1998,3,1.807,0.0143214285714286,MD50,1.59567356714731,0.0400148472347883,ESD in um
01-APR-1998 00:00,1998,4,1.748,0.0661785714285714,MD50,1.59538800898011,0.0397730656804996,ESD in um
01-MAY-1998 00:00,1998,5,1.638,0.0511071428571428,MD50,1.59510245081291,0.0395312841262108,ESD in um
01-JUN-1998 00:00,1998,6,1.549,0.0844285714285713,MD50,1.59481689264572,0.0392895025719221,ESD in um
01-JUL-1998 00:00,1998,7,1.393,0.0653214285714285,MD50,1.59453133447852,0.0390477210176333,ESD in um
01-AUG-1998 00:00,1998,8,1.305,0.0634999999999999,MD50,1.59424577631132,0.0388059394633445,ESD in um
01-SEP-1998 00:00,1998,9,1.252,0.0115714285714286,MD50,1.59396021814412,0.0385641579090558,ESD in um
01-OCT-1998 00:00,1998,10,1.305,-0.0582142857142858,MD50,1.59367465997693,0.038322376354767,ESD in um
01-NOV-1998 00:00,1998,11,1.497,-0.04375,MD50,1.59338910180973,0.0380805948004783,ESD in um
01-DEC-1998 00:00,1998,12,1.829,0.113892857142857,MD50,1.59310354364253,0.0378388132461896,ESD in um
01-JAN-1999 00:00,1999,1,1.72,-0.0770357142857143,MD50,1.59281798547534,0.0375970316919008,ESD in um
01-FEB-1999 00:00,1999,2,1.76,-0.0692857142857144,MD50,1.59253242730814,0.0373552501376121,ESD in um
01-MAR-1999 00:00,1999,3,1.769,-0.0236785714285714,MD50,1.59224686914094,0.0371134685833233,ESD in um
01-APR-1999 00:00,1999,4,1.698,0.0161785714285714,MD50,1.59196131097374,0.0368716870290345,ESD in um
01-MAY-1999 00:00,1999,5,1.724,0.137107142857143,MD50,1.59167575280655,0.0366299054747458,ESD in um
01-JUN-1999 00:00,1999,6,1.499,0.0344285714285715,MD50,1.59139019463935,0.036388123920457,ESD in um
01-JUL-1999 00:00,1999,7,1.446,0.118321428571428,MD50,1.59110463647215,0.0361463423661683,ESD in um
01-AUG-1999 00:00,1999,8,1.301,0.0594999999999999,MD50,1.59081907830496,0.0359045608118795,ESD in um
01-SEP-1999 00:00,1999,9,1.323,0.0825714285714285,MD50,1.59053352013776,0.0356627792575908,ESD in um
01-OCT-1999 00:00,1999,10,1.391,0.0277857142857143,MD50,1.59024796197056,0.035420997703302,ESD in um
01-NOV-1999 00:00,1999,11,1.508,-0.0327500000000001,MD50,1.58996240380337,0.0351792161490133,ESD in um
01-DEC-1999 00:00,1999,12,1.752,0.0368928571428571,MD50,1.58967684563617,0.0349374345947245,ESD in um
01-JAN-2000 00:00,2000,1,1.757,-0.0400357142857144,MD50,1.58939128746897,0.0346956530404358,ESD in um
01-FEB-2000 00:00,2000,2,1.764,-0.0652857142857144,MD50,1.58910572930177,0.034453871486147,ESD in um
01-MAR-2000 00:00,2000,3,1.752,-0.0406785714285713,MD50,1.58882017113458,0.0342120899318583,ESD in um
01-APR-2000 00:00,2000,4,1.658,-0.0238214285714287,MD50,1.58853461296738,0.0339703083775695,ESD in um
01-MAY-2000 00:00,2000,5,1.568,-0.018892857142857,MD50,1.58824905480018,0.0337285268232808,ESD in um
01-JUN-2000 00:00,2000,6,1.459,-0.00557142857142856,MD50,1.58796349663299,0.033486745268992,ESD in um
01-JUL-2000 00:00,2000,7,1.41,0.0823214285714284,MD50,1.58767793846579,0.0332449637147033,ESD in um
01-AUG-2000 00:00,2000,8,1.284,0.0425,MD50,1.58739238029859,0.0330031821604145,ESD in um
01-SEP-2000 00:00,2000,9,1.252,0.0115714285714286,MD50,1.58710682213139,0.0327614006061258,ESD in um
01-OCT-2000 00:00,2000,10,1.358,-0.00521428571428562,MD50,1.5868212639642,0.032519619051837,ESD in um
01-NOV-2000 00:00,2000,11,1.575,0.0342499999999999,MD50,1.586535705797,0.0322778374975483,ESD in um
01-DEC-2000 00:00,2000,12,1.687,-0.0281071428571429,MD50,1.5862501476298,0.0320360559432595,ESD in um
01-JAN-2001 00:00,2001,1,1.743,-0.0540357142857142,MD50,1.58596458946261,0.0317942743889708,ESD in um
01-FEB-2001 00:00,2001,2,1.87,0.0407142857142857,MD50,1.58567903129541,0.031552492834682,ESD in um
01-MAR-2001 00:00,2001,3,1.823,0.0303214285714286,MD50,1.58539347312821,0.0313107112803933,ESD in um
01-APR-2001 00:00,2001,4,1.809,0.127178571428571,MD50,1.58510791496101,0.0310689297261045,ESD in um
01-MAY-2001 00:00,2001,5,1.642,0.0551071428571428,MD50,1.58482235679382,0.0308271481718158,ESD in um
01-JUN-2001 00:00,2001,6,1.494,0.0294285714285714,MD50,1.58453679862662,0.030585366617527,ESD in um
01-JUL-2001 00:00,2001,7,1.361,0.0333214285714285,MD50,1.58425124045942,0.0303435850632383,ESD in um
01-AUG-2001 00:00,2001,8,1.289,0.0474999999999999,MD50,1.58396568229223,0.0301018035089495,ESD in um
01-SEP-2001 00:00,2001,9,1.261,0.0205714285714285,MD50,1.58368012412503,0.0298600219546608,ESD in um
01-OCT-2001 00:00,2001,10,1.395,0.0317857142857143,MD50,1.58339456595783,0.029618240400372,ESD in um
01-NOV-2001 00:00,2001,11,1.545,0.00424999999999986,MD50,1.58310900779064,0.0293764588460832,ESD in um
01-DEC-2001 00:00,2001,12,1.732,0.016892857142857,MD50,1.58282344962344,0.0291346772917945,ESD in um
01-JAN-2002 00:00,2002,1,1.856,0.0589642857142858,MD50,1.58253789145624,0.0288928957375058,ESD in um
01-FEB-2002 00:00,2002,2,1.881,0.0517142857142856,MD50,1.58225233328904,0.028651114183217,ESD in um
01-MAR-2002 00:00,2002,3,1.84,0.0473214285714287,MD50,1.58196677512185,0.0284093326289282,ESD in um
01-APR-2002 00:00,2002,4,1.634,-0.0478214285714287,MD50,1.58168121695465,0.0281675510746395,ESD in um
01-MAY-2002 00:00,2002,5,1.593,0.00610714285714287,MD50,1.58139565878745,0.0279257695203507,ESD in um
01-JUN-2002 00:00,2002,6,1.485,0.0204285714285715,MD50,1.58111010062026,0.027683987966062,ESD in um
01-JUL-2002 00:00,2002,7,1.375,0.0473214285714285,MD50,1.58082454245306,0.0274422064117732,ESD in um
01-AUG-2002 00:00,2002,8,1.273,0.0314999999999999,MD50,1.58053898428586,0.0272004248574845,ESD in um
01-SEP-2002 00:00,2002,9,1.286,0.0455714285714286,MD50,1.58025342611866,0.0269586433031957,ESD in um
01-OCT-2002 00:00,2002,10,1.429,0.0657857142857143,MD50,1.57996786795147,0.026716861748907,ESD in um
01-NOV-2002 00:00,2002,11,1.603,0.0622499999999999,MD50,1.57968230978427,0.0264750801946182,ESD in um
01-DEC-2002 00:00,2002,12,1.75,0.0348928571428571,MD50,1.57939675161707,0.0262332986403295,ESD in um
01-JAN-2003 00:00,2003,1,1.861,0.0639642857142857,MD50,1.57911119344988,0.0259915170860407,ESD in um
01-FEB-2003 00:00,2003,2,1.876,0.0467142857142855,MD50,1.57882563528268,0.025749735531752,ESD in um
01-MAR-2003 00:00,2003,3,1.833,0.0403214285714286,MD50,1.57854007711548,0.0255079539774632,ESD in um
01-APR-2003 00:00,2003,4,1.74,0.0581785714285714,MD50,1.57825451894828,0.0252661724231745,ESD in um
01-MAY-2003 00:00,2003,5,1.668,0.0811071428571428,MD50,1.57796896078109,0.0250243908688857,ESD in um
01-JUN-2003 00:00,2003,6,1.529,0.0644285714285713,MD50,1.57768340261389,0.024782609314597,ESD in um
01-JUL-2003 00:00,2003,7,1.376,0.0483214285714284,MD50,1.57739784444669,0.0245408277603082,ESD in um
01-AUG-2003 00:00,2003,8,1.301,0.0594999999999999,MD50,1.5771122862795,0.0242990462060195,ESD in um
01-SEP-2003 00:00,2003,9,1.282,0.0415714285714286,MD50,1.5768267281123,0.0240572646517307,ESD in um
01-OCT-2003 00:00,2003,10,1.422,0.0587857142857142,MD50,1.5765411699451,0.023815483097442,ESD in um
01-NOV-2003 00:00,2003,11,1.592,0.05125,MD50,1.57625561177791,0.0235737015431532,ESD in um
01-DEC-2003 00:00,2003,12,1.739,0.0238928571428572,MD50,1.57597005361071,0.0233319199888645,ESD in um
01-JAN-2004 00:00,2004,1,1.806,0.00896428571428576,MD50,1.57568449544351,0.0230901384345757,ESD in um
01-FEB-2004 00:00,2004,2,1.822,-0.00728571428571434,MD50,1.57539893727631,0.022848356880287,ESD in um
01-MAR-2004 00:00,2004,3,1.835,0.0423214285714286,MD50,1.57511337910912,0.0226065753259982,ESD in um
01-APR-2004 00:00,2004,4,1.752,0.0701785714285714,MD50,1.57482782094192,0.0223647937717095,ESD in um
01-MAY-2004 00:00,2004,5,1.602,0.015107142857143,MD50,1.57454226277472,0.0221230122174207,ESD in um
01-JUN-2004 00:00,2004,6,1.465,4.2857142857144e-4,MD50,1.57425670460753,0.021881230663132,ESD in um
01-JUL-2004 00:00,2004,7,1.353,0.025321428571428502,MD50,1.57397114644033,0.0216394491088432,ESD in um
01-AUG-2004 00:00,2004,8,1.245,0.00350000000000006,MD50,1.57368558827313,0.0213976675545545,ESD in um
01-SEP-2004 00:00,2004,9,1.232,-0.00842857142857145,MD50,1.57340003010593,0.0211558860002657,ESD in um
01-OCT-2004 00:00,2004,10,1.344,-0.0192142857142856,MD50,1.57311447193874,0.020914104445977,ESD in um
01-NOV-2004 00:00,2004,11,1.545,0.00424999999999986,MD50,1.57282891377154,0.0206723228916882,ESD in um
01-DEC-2004 00:00,2004,12,1.699,-0.0161071428571429,MD50,1.57254335560434,0.0204305413373995,ESD in um
01-JAN-2005 00:00,2005,1,1.814,0.0169642857142858,MD50,1.57225779743715,0.0201887597831107,ESD in um
01-FEB-2005 00:00,2005,2,1.838,0.00871428571428567,MD50,1.57197223926995,0.019946978228822,ESD in um
01-MAR-2005 00:00,2005,3,1.794,0.0013214285714287,MD50,1.57168668110275,0.0197051966745332,ESD in um
01-APR-2005 00:00,2005,4,1.7,0.0181785714285714,MD50,1.57140112293556,0.0194634151202445,ESD in um
01-MAY-2005 00:00,2005,5,1.599,0.0121071428571429,MD50,1.57111556476836,0.0192216335659557,ESD in um
01-JUN-2005 00:00,2005,6,1.433,-0.0315714285714286,MD50,1.57083000660116,0.018979852011667,ESD in um
01-JUL-2005 00:00,2005,7,1.3,-0.0276785714285714,MD50,1.57054444843396,0.0187380704573782,ESD in um
01-AUG-2005 00:00,2005,8,1.248,0.00649999999999995,MD50,1.57025889026677,0.0184962889030894,ESD in um
01-SEP-2005 00:00,2005,9,1.243,0.00257142857142867,MD50,1.56997333209957,0.0182545073488007,ESD in um
01-OCT-2005 00:00,2005,10,1.342,-0.0212142857142856,MD50,1.56968777393237,0.018012725794512,ESD in um
01-NOV-2005 00:00,2005,11,1.519,-0.0217500000000002,MD50,1.56940221576518,0.0177709442402232,ESD in um
01-DEC-2005 00:00,2005,12,1.672,-0.043107142857143,MD50,1.56911665759798,0.0175291626859344,ESD in um
01-JAN-2006 00:00,2006,1,1.818,0.0209642857142858,MD50,1.56883109943078,0.0172873811316457,ESD in um
01-FEB-2006 00:00,2006,2,1.876,0.0467142857142855,MD50,1.56854554126358,0.0170455995773569,ESD in um
01-MAR-2006 00:00,2006,3,1.833,0.0403214285714286,MD50,1.56825998309639,0.0168038180230682,ESD in um
01-APR-2006 00:00,2006,4,1.74,0.0581785714285714,MD50,1.56797442492919,0.0165620364687794,ESD in um
01-MAY-2006 00:00,2006,5,1.629,0.0421071428571429,MD50,1.56768886676199,0.0163202549144907,ESD in um
01-JUN-2006 00:00,2006,6,1.532,0.0674285714285714,MD50,1.5674033085948,0.0160784733602019,ESD in um
01-JUL-2006 00:00,2006,7,1.384,0.0563214285714284,MD50,1.5671177504276,0.0158366918059132,ESD in um
01-AUG-2006 00:00,2006,8,1.285,0.0434999999999999,MD50,1.5668321922604,0.0155949102516244,ESD in um
01-SEP-2006 00:00,2006,9,1.277,0.0365714285714285,MD50,1.5665466340932,0.0153531286973357,ESD in um
01-OCT-2006 00:00,2006,10,1.39,0.0267857142857142,MD50,1.56626107592601,0.0151113471430469,ESD in um
01-NOV-2006 00:00,2006,11,1.55,0.00924999999999998,MD50,1.56597551775881,0.0148695655887582,ESD in um
01-DEC-2006 00:00,2006,12,1.74,0.024892857142857,MD50,1.56568995959161,0.0146277840344694,ESD in um
01-JAN-2007 00:00,2007,1,1.882,0.0849642857142856,MD50,1.56540440142442,0.0143860024801807,ESD in um
01-FEB-2007 00:00,2007,2,1.892,0.0627142857142855,MD50,1.56511884325722,0.0141442209258919,ESD in um
01-MAR-2007 00:00,2007,3,1.847,0.0543214285714286,MD50,1.56483328509002,0.0139024393716032,ESD in um
01-APR-2007 00:00,2007,4,1.723,0.0411785714285715,MD50,1.56454772692283,0.0136606578173144,ESD in um
01-MAY-2007 00:00,2007,5,1.633,0.0461071428571429,MD50,1.56426216875563,0.0134188762630257,ESD in um
01-JUN-2007 00:00,2007,6,1.525,0.0604285714285713,MD50,1.56397661058843,0.0131770947087369,ESD in um
01-JUL-2007 00:00,2007,7,1.328,3.2142857142858e-4,MD50,1.56369105242123,0.0129353131544482,ESD in um
01-AUG-2007 00:00,2007,8,1.271,0.0294999999999999,MD50,1.56340549425404,0.0126935316001594,ESD in um
01-SEP-2007 00:00,2007,9,1.274,0.0335714285714286,MD50,1.56311993608684,0.0124517500458707,ESD in um
01-OCT-2007 00:00,2007,10,1.389,0.0257857142857143,MD50,1.56283437791964,0.0122099684915819,ESD in um
01-NOV-2007 00:00,2007,11,1.584,0.04325,MD50,1.56254881975245,0.0119681869372932,ESD in um
01-DEC-2007 00:00,2007,12,1.744,0.0288928571428571,MD50,1.56226326158525,0.0117264053830044,ESD in um
01-JAN-2008 00:00,2008,1,1.852,0.0549642857142858,MD50,1.56197770341805,0.0114846238287157,ESD in um
01-FEB-2008 00:00,2008,2,1.83,7.1428571428566e-4,MD50,1.56169214525085,0.0112428422744269,ESD in um
01-MAR-2008 00:00,2008,3,1.804,0.0113214285714287,MD50,1.56140658708366,0.0110010607201382,ESD in um
01-APR-2008 00:00,2008,4,1.697,0.0151785714285715,MD50,1.56112102891646,0.0107592791658494,ESD in um
01-MAY-2008 00:00,2008,5,1.672,0.0851071428571428,MD50,1.56083547074926,0.0105174976115607,ESD in um
01-JUN-2008 00:00,2008,6,1.486,0.0214285714285714,MD50,1.56054991258207,0.0102757160572719,ESD in um
01-JUL-2008 00:00,2008,7,1.342,0.0143214285714286,MD50,1.56026435441487,0.0100339345029832,ESD in um
01-AUG-2008 00:00,2008,8,1.31,0.0685,MD50,1.55997879624767,0.00979215294869441,ESD in um
01-SEP-2008 00:00,2008,9,1.328,0.0875714285714286,MD50,1.55969323808047,0.00955037139440566,ESD in um
01-OCT-2008 00:00,2008,10,1.445,0.0817857142857144,MD50,1.55940767991328,0.00930858984011691,ESD in um
01-NOV-2008 00:00,2008,11,1.578,0.03725,MD50,1.55912212174608,0.00906680828582815,ESD in um
01-DEC-2008 00:00,2008,12,1.707,-0.00810714285714287,MD50,1.55883656357888,0.0088250267315394,ESD in um
01-JAN-2009 00:00,2009,1,1.799,0.00196428571428564,MD50,1.55855100541169,0.00858324517725065,ESD in um
01-FEB-2009 00:00,2009,2,1.863,0.0337142857142856,MD50,1.55826544724449,0.0083414636229619,ESD in um
01-MAR-2009 00:00,2009,3,1.848,0.0553214285714287,MD50,1.55797988907729,0.00809968206867315,ESD in um
01-APR-2009 00:00,2009,4,1.68,-0.00182142857142864,MD50,1.5576943309101,0.0078579005143844,ESD in um
01-MAY-2009 00:00,2009,5,1.568,-0.018892857142857,MD50,1.5574087727429,0.00761611896009564,ESD in um
01-JUN-2009 00:00,2009,6,1.444,-0.0205714285714287,MD50,1.5571232145757,0.00737433740580689,ESD in um
01-JUL-2009 00:00,2009,7,1.285,-0.0426785714285716,MD50,1.5568376564085,0.00713255585151814,ESD in um
01-AUG-2009 00:00,2009,8,1.246,0.00449999999999995,MD50,1.55655209824131,0.00689077429722939,ESD in um
01-SEP-2009 00:00,2009,9,1.276,0.0355714285714286,MD50,1.55626654007411,0.00664899274294064,ESD in um
01-OCT-2009 00:00,2009,10,1.403,0.0397857142857143,MD50,1.55598098190691,0.00640721118865189,ESD in um
01-NOV-2009 00:00,2009,11,1.559,0.0182499999999999,MD50,1.55569542373972,0.00616542963436314,ESD in um
01-DEC-2009 00:00,2009,12,1.741,0.0258928571428572,MD50,1.55540986557252,0.00592364808007439,ESD in um
01-JAN-2010 00:00,2010,1,1.817,0.0199642857142857,MD50,1.55512430740532,0.00568186652578563,ESD in um
01-FEB-2010 00:00,2010,2,1.87,0.0407142857142857,MD50,1.55483874923812,0.00544008497149689,ESD in um
01-MAR-2010 00:00,2010,3,1.84,0.0473214285714287,MD50,1.55455319107093,0.00519830341720813,ESD in um
01-APR-2010 00:00,2010,4,1.819,0.137178571428571,MD50,1.55426763290373,0.00495652186291939,ESD in um
01-MAY-2010 00:00,2010,5,1.712,0.125107142857143,MD50,1.55398207473653,0.00471474030863062,ESD in um
01-JUN-2010 00:00,2010,6,1.586,0.121428571428571,MD50,1.55369651656934,0.00447295875434188,ESD in um
01-JUL-2010 00:00,2010,7,1.352,0.0243214285714286,MD50,1.55341095840214,0.00423117720005313,ESD in um
01-AUG-2010 00:00,2010,8,1.251,0.00949999999999984,MD50,1.55312540023494,0.00398939564576438,ESD in um
01-SEP-2010 00:00,2010,9,1.247,0.00657142857142867,MD50,1.55283984206774,0.00374761409147563,ESD in um
01-OCT-2010 00:00,2010,10,1.415,0.0517857142857143,MD50,1.55255428390055,0.00350583253718687,ESD in um
01-NOV-2010 00:00,2010,11,1.565,0.0242499999999999,MD50,1.55226872573335,0.00326405098289812,ESD in um
01-DEC-2010 00:00,2010,12,1.705,-0.0101071428571429,MD50,1.55198316756615,0.00302226942860937,ESD in um
01-JAN-2011 00:00,2011,1,1.814,0.0169642857142858,MD50,1.55169760939896,0.00278048787432062,ESD in um
01-FEB-2011 00:00,2011,2,1.843,0.0137142857142856,MD50,1.55141205123176,0.00253870632003187,ESD in um
01-MAR-2011 00:00,2011,3,1.835,0.0423214285714286,MD50,1.55112649306456,0.00229692476574311,ESD in um
01-APR-2011 00:00,2011,4,1.68,-0.00182142857142864,MD50,1.55084093489737,0.00205514321145437,ESD in um
01-MAY-2011 00:00,2011,5,1.559,-0.0278928571428572,MD50,1.55055537673017,0.00181336165716562,ESD in um
01-JUN-2011 00:00,2011,6,1.437,-0.0275714285714286,MD50,1.55026981856297,0.00157158010287687,ESD in um
01-JUL-2011 00:00,2011,7,1.307,-0.0206785714285715,MD50,1.54998426039577,0.00132979854858812,ESD in um
01-AUG-2011 00:00,2011,8,1.246,0.00449999999999995,MD50,1.54969870222858,0.00108801699429936,ESD in um
01-SEP-2011 00:00,2011,9,1.279,0.0385714285714285,MD50,1.54941314406138,8.462354400106e-4,ESD in um
01-OCT-2011 00:00,2011,10,1.413,0.0497857142857143,MD50,1.54912758589418,6.0445388572185e-4,ESD in um
01-NOV-2011 00:00,2011,11,1.549,0.00824999999999987,MD50,1.54884202772699,3.626723314331e-4,ESD in um
01-DEC-2011 00:00,2011,12,1.731,0.0158928571428572,MD50,1.54855646955979,1.2089077714435e-4,ESD in um
01-JAN-2012 00:00,2012,1,1.778,-0.0190357142857143,MD50,1.54827091139259,-1.2089077714439e-4,ESD in um
01-FEB-2012 00:00,2012,2,1.812,-0.0172857142857143,MD50,1.54798535322539,-3.6267233143314e-4,ESD in um
01-MAR-2012 00:00,2012,3,1.771,-0.0216785714285714,MD50,1.5476997950582,-6.0445388572189e-4,ESD in um
01-APR-2012 00:00,2012,4,1.663,-0.0188214285714285,MD50,1.547414236891,-8.4623544001064e-4,ESD in um
01-MAY-2012 00:00,2012,5,1.581,-0.00589285714285714,MD50,1.5471286787238,-0.0010880169942994,ESD in um
01-JUN-2012 00:00,2012,6,1.481,0.0164285714285715,MD50,1.54684312055661,-0.00132979854858815,ESD in um
01-JUL-2012 00:00,2012,7,1.332,0.00432142857142859,MD50,1.54655756238941,-0.0015715801028769,ESD in um
01-AUG-2012 00:00,2012,8,1.241,-0.00049999999999994005,MD50,1.54627200422221,-0.00181336165716565,ESD in um
01-SEP-2012 00:00,2012,9,1.246,0.00557142857142856,MD50,1.54598644605502,-0.0020551432114544,ESD in um
01-OCT-2012 00:00,2012,10,1.365,0.00178571428571428,MD50,1.54570088788782,-0.00229692476574315,ESD in um
01-NOV-2012 00:00,2012,11,1.532,-0.00875000000000004,MD50,1.54541532972062,-0.00253870632003191,ESD in um
01-DEC-2012 00:00,2012,12,1.685,-0.0301071428571429,MD50,1.54512977155342,-0.00278048787432066,ESD in um
01-JAN-2013 00:00,2013,1,1.829,0.0319642857142857,MD50,1.54484421338623,-0.00302226942860941,ESD in um
01-FEB-2013 00:00,2013,2,1.867,0.0377142857142856,MD50,1.54455865521903,-0.00326405098289816,ESD in um
01-MAR-2013 00:00,2013,3,1.8,0.0073214285714287,MD50,1.54427309705183,-0.00350583253718691,ESD in um
01-APR-2013 00:00,2013,4,1.651,-0.0308214285714286,MD50,1.54398753888464,-0.00374761409147566,ESD in um
01-MAY-2013 00:00,2013,5,1.537,-0.0498928571428572,MD50,1.54370198071744,-0.00398939564576441,ESD in um
01-JUN-2013 00:00,2013,6,1.464,-5.7142857142866e-4,MD50,1.54341642255024,-0.00423117720005316,ESD in um
01-JUL-2013 00:00,2013,7,1.292,-0.0356785714285714,MD50,1.54313086438304,-0.00447295875434192,ESD in um
01-AUG-2013 00:00,2013,8,1.211,-0.0305,MD50,1.54284530621585,-0.00471474030863066,ESD in um
01-SEP-2013 00:00,2013,9,1.211,-0.0294285714285714,MD50,1.54255974804865,-0.00495652186291941,ESD in um
01-OCT-2013 00:00,2013,10,1.363,-2.1428571428572e-4,MD50,1.54227418988145,-0.00519830341720817,ESD in um
01-NOV-2013 00:00,2013,11,1.544,0.00324999999999998,MD50,1.54198863171426,-0.00544008497149692,ESD in um
01-DEC-2013 00:00,2013,12,1.704,-0.011107142857143,MD50,1.54170307354706,-0.00568186652578567,ESD in um
01-JAN-2014 00:00,2014,1,1.75,-0.0470357142857143,MD50,1.54141751537986,-0.00592364808007442,ESD in um
01-FEB-2014 00:00,2014,2,1.785,-0.0442857142857145,MD50,1.54113195721266,-0.00616542963436317,ESD in um
01-MAR-2014 00:00,2014,3,1.761,-0.0316785714285714,MD50,1.54084639904547,-0.00640721118865192,ESD in um
01-APR-2014 00:00,2014,4,1.647,-0.0348214285714286,MD50,1.54056084087827,-0.00664899274294067,ESD in um
01-MAY-2014 00:00,2014,5,1.519,-0.0678928571428572,MD50,1.54027528271107,-0.00689077429722942,ESD in um
01-JUN-2014 00:00,2014,6,1.396,-0.0685714285714287,MD50,1.53998972454388,-0.00713255585151817,ESD in um
01-JUL-2014 00:00,2014,7,1.262,-0.0656785714285715,MD50,1.53970416637668,-0.00737433740580693,ESD in um
01-AUG-2014 00:00,2014,8,1.191,-0.0505,MD50,1.53941860820948,-0.00761611896009568,ESD in um
01-SEP-2014 00:00,2014,9,1.188,-0.0524285714285715,MD50,1.53913305004229,-0.00785790051438443,ESD in um
01-OCT-2014 00:00,2014,10,1.314,-0.0492142857142857,MD50,1.53884749187509,-0.00809968206867318,ESD in um
01-NOV-2014 00:00,2014,11,1.535,-0.00575000000000014,MD50,1.53856193370789,-0.00834146362296193,ESD in um
01-DEC-2014 00:00,2014,12,1.691,-0.0241071428571429,MD50,1.53827637554069,-0.00858324517725068,ESD in um
01-JAN-2015 00:00,2015,1,1.804,0.00696428571428576,MD50,1.5379908173735,-0.00882502673153944,ESD in um
01-FEB-2015 00:00,2015,2,1.79,-0.0392857142857144,MD50,1.5377052592063,-0.00906680828582819,ESD in um
01-MAR-2015 00:00,2015,3,1.743,-0.0496785714285712,MD50,1.5374197010391,-0.00930858984011694,ESD in um
01-APR-2015 00:00,2015,4,1.57,-0.111821428571429,MD50,1.53713414287191,-0.00955037139440568,ESD in um
01-MAY-2015 00:00,2015,5,1.5,-0.0868928571428571,MD50,1.53684858470471,-0.00979215294869444,ESD in um
01-JUN-2015 00:00,2015,6,1.361,-0.103571428571429,MD50,1.53656302653751,-0.0100339345029832,ESD in um
01-JUL-2015 00:00,2015,7,1.22,-0.107678571428572,MD50,1.53627746837031,-0.0102757160572719,ESD in um
01-AUG-2015 00:00,2015,8,1.147,-0.0945,MD50,1.53599191020312,-0.0105174976115607,ESD in um
01-SEP-2015 00:00,2015,9,1.166,-0.0744285714285715,MD50,1.53570635203592,-0.0107592791658494,ESD in um
01-OCT-2015 00:00,2015,10,1.314,-0.0492142857142857,MD50,1.53542079386872,-0.0110010607201382,ESD in um
01-NOV-2015 00:00,2015,11,1.464,-0.0767500000000001,MD50,1.53513523570153,-0.0112428422744269,ESD in um
01-DEC-2015 00:00,2015,12,1.666,-0.049107142857143,MD50,1.53484967753433,-0.0114846238287157,ESD in um
01-JAN-2016 00:00,2016,1,1.77,-0.0270357142857143,MD50,1.53456411936713,-0.0117264053830044,ESD in um
01-FEB-2016 00:00,2016,2,1.781,-0.0482857142857145,MD50,1.53427856119993,-0.0119681869372932,ESD in um
01-MAR-2016 00:00,2016,3,1.808,0.0153214285714287,MD50,1.53399300303274,-0.012209968491582,ESD in um
01-APR-2016 00:00,2016,4,1.691,0.00917857142857148,MD50,1.53370744486554,-0.0124517500458707,ESD in um
01-MAY-2016 00:00,2016,5,1.552,-0.0348928571428571,MD50,1.53342188669834,-0.0126935316001595,ESD in um
01-JUN-2016 00:00,2016,6,1.439,-0.0255714285714286,MD50,1.53313632853115,-0.0129353131544482,ESD in um
01-JUL-2016 00:00,2016,7,1.284,-0.0436785714285715,MD50,1.53285077036395,-0.013177094708737,ESD in um
01-AUG-2016 00:00,2016,8,1.198,-0.0435000000000001,MD50,1.53256521219675,-0.0134188762630257,ESD in um
01-SEP-2016 00:00,2016,9,1.215,-0.0254285714285714,MD50,1.53227965402956,-0.0136606578173145,ESD in um
01-OCT-2016 00:00,2016,10,1.369,0.00578571428571428,MD50,1.53199409586236,-0.0139024393716032,ESD in um
01-NOV-2016 00:00,2016,11,1.614,0.07325,MD50,1.53170853769516,-0.014144220925892,ESD in um
01-DEC-2016 00:00,2016,12,1.755,0.039892857142857,MD50,1.53142297952796,-0.0143860024801807,ESD in um
01-JAN-2017 00:00,2017,1,1.81,0.0129642857142858,MD50,1.53113742136077,-0.0146277840344695,ESD in um
01-FEB-2017 00:00,2017,2,1.861,0.0317142857142856,MD50,1.53085186319357,-0.0148695655887582,ESD in um
01-MAR-2017 00:00,2017,3,1.758,-0.0346785714285713,MD50,1.53056630502637,-0.015111347143047,ESD in um
01-APR-2017 00:00,2017,4,1.643,-0.0388214285714286,MD50,1.53028074685918,-0.0153531286973357,ESD in um
01-MAY-2017 00:00,2017,5,1.596,0.00910714285714298,MD50,1.52999518869198,-0.0155949102516245,ESD in um
01-JUN-2017 00:00,2017,6,1.47,0.00542857142857134,MD50,1.52970963052478,-0.0158366918059132,ESD in um
01-JUL-2017 00:00,2017,7,1.327,-6.7857142857152e-4,MD50,1.52942407235758,-0.016078473360202,ESD in um
01-AUG-2017 00:00,2017,8,1.226,-0.0155000000000001,MD50,1.52913851419039,-0.0163202549144907,ESD in um
01-SEP-2017 00:00,2017,9,1.226,-0.0144285714285715,MD50,1.52885295602319,-0.0165620364687795,ESD in um
01-OCT-2017 00:00,2017,10,1.363,-2.1428571428572e-4,MD50,1.52856739785599,-0.0168038180230682,ESD in um
01-NOV-2017 00:00,2017,11,1.523,-0.0177500000000002,MD50,1.5282818396888,-0.017045599577357,ESD in um
01-DEC-2017 00:00,2017,12,1.747,0.0318928571428572,MD50,1.5279962815216,-0.0172873811316457,ESD in um
01-JAN-2018 00:00,2018,1,1.822,0.0249642857142858,MD50,1.5277107233544,-0.0175291626859345,ESD in um
01-FEB-2018 00:00,2018,2,1.854,0.0247142857142857,MD50,1.52742516518721,-0.0177709442402232,ESD in um
01-MAR-2018 00:00,2018,3,1.79,-0.00267857142857131,MD50,1.52713960702001,-0.018012725794512,ESD in um
01-APR-2018 00:00,2018,4,1.691,0.00917857142857148,MD50,1.52685404885281,-0.0182545073488007,ESD in um
01-MAY-2018 00:00,2018,5,1.59,0.00310714285714297,MD50,1.52656849068561,-0.0184962889030895,ESD in um
01-JUN-2018 00:00,2018,6,1.456,-0.00857142857142867,MD50,1.52628293251842,-0.0187380704573782,ESD in um
01-JUL-2018 00:00,2018,7,1.36,0.0323214285714286,MD50,1.52599737435122,-0.018979852011667,ESD in um
01-AUG-2018 00:00,2018,8,1.299,0.0574999999999999,MD50,1.52571181618402,-0.0192216335659557,ESD in um
01-SEP-2018 00:00,2018,9,1.26,0.0195714285714286,MD50,1.52542625801683,-0.0194634151202445,ESD in um
01-OCT-2018 00:00,2018,10,1.364,7.8571428571439e-4,MD50,1.52514069984963,-0.0197051966745332,ESD in um
01-NOV-2018 00:00,2018,11,1.572,0.03125,MD50,1.52485514168243,-0.019946978228822,ESD in um
01-DEC-2018 00:00,2018,12,1.75,0.0348928571428571,MD50,1.52456958351523,-0.0201887597831107,ESD in um
01-JAN-2019 00:00,2019,1,1.828,0.0309642857142858,MD50,1.52428402534804,-0.0204305413373995,ESD in um
01-FEB-2019 00:00,2019,2,1.867,0.0377142857142856,MD50,1.52399846718084,-0.0206723228916883,ESD in um
01-MAR-2019 00:00,2019,3,1.785,-0.00767857142857142,MD50,1.52371290901364,-0.020914104445977,ESD in um
01-APR-2019 00:00,2019,4,1.644,-0.0378214285714287,MD50,1.52342735084645,-0.0211558860002657,ESD in um
01-MAY-2019 00:00,2019,5,1.557,-0.0298928571428572,MD50,1.52314179267925,-0.0213976675545545,ESD in um
01-JUN-2019 00:00,2019,6,1.458,-0.00657142857142867,MD50,1.52285623451205,-0.0216394491088433,ESD in um
01-JUL-2019 00:00,2019,7,1.285,-0.0426785714285716,MD50,1.52257067634485,-0.021881230663132,ESD in um
01-AUG-2019 00:00,2019,8,1.204,-0.0375000000000001,MD50,1.52228511817766,-0.0221230122174208,ESD in um
01-SEP-2019 00:00,2019,9,1.187,-0.0534285714285714,MD50,1.52199956001046,-0.0223647937717095,ESD in um
01-OCT-2019 00:00,2019,10,1.312,-0.0512142857142857,MD50,1.52171400184326,-0.0226065753259983,ESD in um
01-NOV-2019 00:00,2019,11,1.51,-0.0307500000000001,MD50,1.52142844367607,-0.022848356880287,ESD in um
01-DEC-2019 00:00,2019,12,1.711,-0.00410714285714286,MD50,1.52114288550887,-0.0230901384345758,ESD in um
01-JAN-2020 00:00,2020,1,1.791,-0.00603571428571437,MD50,1.52085732734167,-0.0233319199888645,ESD in um
01-FEB-2020 00:00,2020,2,1.8,-0.0292857142857144,MD50,1.52057176917448,-0.0235737015431533,ESD in um
01-MAR-2020 00:00,2020,3,1.721,-0.0716785714285713,MD50,1.52028621100728,-0.023815483097442,ESD in um
01-APR-2020 00:00,2020,4,1.572,-0.109821428571429,MD50,1.52000065284008,-0.0240572646517307,ESD in um
01-MAY-2020 00:00,2020,5,1.473,-0.113892857142857,MD50,1.51971509467288,-0.0242990462060195,ESD in um
01-JUN-2020 00:00,2020,6,1.379,-0.0855714285714286,MD50,1.51942953650569,-0.0245408277603083,ESD in um
01-JUL-2020 00:00,2020,7,1.297,-0.0306785714285716,MD50,1.51914397833849,-0.024782609314597,ESD in um
01-AUG-2020 00:00,2020,8,1.222,-0.0195000000000001,MD50,1.51885842017129,-0.0250243908688858,ESD in um
01-SEP-2020 00:00,2020,9,1.234,-0.00642857142857145,MD50,1.5185728620041,-0.0252661724231745,ESD in um
01-OCT-2020 00:00,2020,10,1.366,0.00278571428571439,MD50,1.5182873038369,-0.0255079539774633,ESD in um
01-NOV-2020 00:00,2020,11,1.521,-0.0197500000000002,MD50,1.5180017456697,-0.025749735531752,ESD in um
01-DEC-2020 00:00,2020,12,1.708,-0.00710714285714298,MD50,1.5177161875025,-0.0259915170860408,ESD in um
01-JAN-2021 00:00,2021,1,1.795,-0.00203571428571436,MD50,1.51743062933531,-0.0262332986403295,ESD in um
01-FEB-2021 00:00,2021,2,1.826,-0.00328571428571434,MD50,1.51714507116811,-0.0264750801946183,ESD in um
01-MAR-2021 00:00,2021,3,1.805,0.0123214285714286,MD50,1.51685951300091,-0.026716861748907,ESD in um
01-APR-2021 00:00,2021,4,1.659,-0.0228214285714285,MD50,1.51657395483372,-0.0269586433031958,ESD in um
01-MAY-2021 00:00,2021,5,1.553,-0.0338928571428572,MD50,1.51628839666652,-0.0272004248574845,ESD in um
01-JUN-2021 00:00,2021,6,1.441,-0.0235714285714286,MD50,1.51600283849932,-0.0274422064117733,ESD in um
01-JUL-2021 00:00,2021,7,1.317,-0.0106785714285715,MD50,1.51571728033213,-0.027683987966062,ESD in um
01-AUG-2021 00:00,2021,8,1.209,-0.0325,MD50,1.51543172216493,-0.0279257695203508,ESD in um
01-SEP-2021 00:00,2021,9,1.219,-0.0214285714285714,MD50,1.51514616399773,-0.0281675510746395,ESD in um
01-OCT-2021 00:00,2021,10,1.338,-0.0252142857142856,MD50,1.51486060583053,-0.0284093326289283,ESD in um
01-NOV-2021 00:00,2021,11,1.543,0.00224999999999986,MD50,1.51457504766334,-0.028651114183217,ESD in um
01-DEC-2021 00:00,2021,12,1.703,-0.0121071428571429,MD50,1.51428948949614,-0.0288928957375058,ESD in um
01-JAN-2022 00:00,2022,1,1.751,-0.0460357142857144,MD50,1.51400393132894,-0.0291346772917945,ESD in um
01-FEB-2022 00:00,2022,2,1.735,-0.0942857142857143,MD50,1.51371837316175,-0.0293764588460833,ESD in um
01-MAR-2022 00:00,2022,3,1.669,-0.123678571428571,MD50,1.51343281499455,-0.029618240400372,ESD in um
01-APR-2022 00:00,2022,4,1.653,-0.0288214285714286,MD50,1.51314725682735,-0.0298600219546608,ESD in um
01-MAY-2022 00:00,2022,5,1.583,-0.00389285714285714,MD50,1.51286169866015,-0.0301018035089495,ESD in um
01-JUN-2022 00:00,2022,6,1.461,-0.00357142857142856,MD50,1.51257614049296,-0.0303435850632383,ESD in um
01-JUL-2022 00:00,2022,7,1.293,-0.0346785714285716,MD50,1.51229058232576,-0.030585366617527,ESD in um
01-AUG-2022 00:00,2022,8,1.188,-0.0535000000000001,MD50,1.51200502415856,-0.0308271481718158,ESD in um
01-SEP-2022 00:00,2022,9,1.181,-0.0594285714285714,MD50,1.51171946599137,-0.0310689297261046,ESD in um
01-OCT-2022 00:00,2022,10,1.313,-0.0502142857142858,MD50,1.51143390782417,-0.0313107112803933,ESD in um
01-NOV-2022 00:00,2022,11,1.497,-0.04375,MD50,1.51114834965697,-0.031552492834682,ESD in um
01-DEC-2022 00:00,2022,12,1.684,-0.031107142857143,MD50,1.51086279148977,-0.0317942743889708,ESD in um
01-JAN-2023 00:00,2023,1,1.804,0.00696428571428576,MD50,1.51057723332258,-0.0320360559432596,ESD in um
01-FEB-2023 00:00,2023,2,1.877,0.0477142857142856,MD50,1.51029167515538,-0.0322778374975483,ESD in um
01-MAR-2023 00:00,2023,3,1.85,0.0573214285714287,MD50,1.51000611698818,-0.032519619051837,ESD in um
01-APR-2023 00:00,2023,4,1.686,0.00417857142857136,MD50,1.50972055882099,-0.0327614006061258,ESD in um
01-MAY-2023 00:00,2023,5,1.545,-0.0418928571428572,MD50,1.50943500065379,-0.0330031821604146,ESD in um
01-JUN-2023 00:00,2023,6,1.444,-0.0205714285714287,MD50,1.50914944248659,-0.0332449637147033,ESD in um
01-JUL-2023 00:00,2023,7,1.32,-0.00767857142857142,MD50,1.5088638843194,-0.0334867452689921,ESD in um
01-AUG-2023 00:00,2023,8,1.187,-0.0545,MD50,1.5085783261522001,-0.0337285268232808,ESD in um
01-SEP-2023 00:00,2023,9,1.191,-0.0494285714285714,MD50,1.508292767985,-0.0339703083775696,ESD in um
01-OCT-2023 00:00,2023,10,1.329,-0.0342142857142858,MD50,1.5080072098178,-0.0342120899318583,ESD in um
01-NOV-2023 00:00,2023,11,1.518,-0.02275,MD50,1.50772165165061,-0.0344538714861471,ESD in um
01-DEC-2023 00:00,2023,12,1.687,-0.0281071428571429,MD50,1.50743609348341,-0.0346956530404358,ESD in um
01-JAN-2024 00:00,2024,1,1.793,-0.00403571428571436,MD50,1.50715053531621,-0.0349374345947246,ESD in um
01-FEB-2024 00:00,2024,2,1.829,-2.8571428571444e-4,MD50,1.50686497714902,-0.0351792161490133,ESD in um
01-MAR-2024 00:00,2024,3,1.791,-0.00167857142857142,MD50,1.50657941898182,-0.0354209977033021,ESD in um
01-APR-2024 00:00,2024,4,1.661,-0.0208214285714285,MD50,1.50629386081462,-0.0356627792575908,ESD in um
01-MAY-2024 00:00,2024,5,1.512,-0.0748928571428571,MD50,1.50600830264742,-0.0359045608118796,ESD in um
01-JUN-2024 00:00,2024,6,1.397,-0.0675714285714286,MD50,1.50572274448023,-0.0361463423661683,ESD in um
01-JUL-2024 00:00,2024,7,1.274,-0.0536785714285715,MD50,1.50543718631303,-0.0363881239204571,ESD in um
01-AUG-2024 00:00,2024,8,1.195,-0.0465,MD50,1.50515162814583,-0.0366299054747458,ESD in um
01-SEP-2024 00:00,2024,9,1.181,-0.0594285714285714,MD50,1.50486606997864,-0.0368716870290346,ESD in um
01-OCT-2024 00:00,2024,10,1.285,-0.0782142857142858,MD50,1.50458051181144,-0.0371134685833233,ESD in um
01-NOV-2024 00:00,2024,11,1.458,-0.0827500000000001,MD50,1.50429495364424,-0.0373552501376121,ESD in um
01-DEC-2024 00:00,2024,12,1.625,-0.0901071428571429,MD50,1.50400939547704,-0.0375970316919008,ESD in um
01-JAN-2025 00:00,2025,1,1.733,-0.0640357142857142,MD50,1.50372383730985,-0.0378388132461896,ESD in um
01-FEB-2025 00:00,2025,2,1.719,-0.110285714285714,MD50,1.50343827914265,-0.0380805948004783,ESD in um
01-MAR-2025 00:00,2025,3,1.683,-0.109678571428571,MD50,1.50315272097545,-0.0383223763547671,ESD in um
01-APR-2025 00:00,2025,4,1.582,-0.0998214285714285,MD50,1.50286716280826,-0.0385641579090558,ESD in um
01-MAY-2025 00:00,2025,5,1.528,-0.0588928571428571,MD50,1.50258160464106,-0.0388059394633446,ESD in um
01-JUN-2025 00:00,2025,6,1.438,-0.0265714285714287,MD50,1.50229604647386,-0.0390477210176333,ESD in um
01-JUL-2025 00:00,2025,7,1.3,-0.0276785714285714,MD50,1.50201048830667,-0.0392895025719221,ESD in um
01-AUG-2025 00:00,2025,8,1.189,-0.0525,MD50,1.50172493013947,-0.0395312841262108,ESD in um
01-SEP-2025 00:00,2025,9,1.215,-0.0254285714285714,MD50,1.50143937197227,-0.0397730656804996,ESD in um
01-OCT-2025 00:00,2025,10,1.334,-0.0292142857142856,MD50,1.50115381380507,-0.0400148472347883,ESD in um
01-NOV-2025 00:00,2025,11,1.541,2.4999999999986e-4,MD50,1.50086825563788,-0.0402566287890771,ESD in um
01-DEC-2025 00:00,2025,12,1.679,-0.0361071428571429,MD50,1.50058269747068,-0.0404984103433658,ESD in um
